filedir,posQuantscale,num_points_raw,num_points,file_size,bpp,enc_time,enc_time_user,enc_time_wall,dec_time,dec_time_user,dec_time_wall
/home/temp/wjq/dataset/sparsepcgc_testdata/8iVFB/longdress_vox10_1300.ply,1,857966,857966,871136,1.01535,5.746,4.261,5.729,3.243,1.193,3.222
/home/temp/wjq/dataset/sparsepcgc_testdata/8iVFB/loot_vox10_1200.ply,1,805285,805285,781368,0.9703,5.385,4.018,5.361,3.029,1.107,3.005
/home/temp/wjq/dataset/sparsepcgc_testdata/8iVFB/queen_0200.ply,1,1000993,1000993,773720,0.772952,6.746,5.049,6.724,3.581,1.224,3.556
/home/temp/wjq/dataset/sparsepcgc_testdata/8iVFB/redandblack_vox10_1550.ply,1,757691,757691,833200,1.099657,5.089,3.818,5.068,3.066,1.044,3.04
/home/temp/wjq/dataset/sparsepcgc_testdata/8iVFB/soldier_vox10_0690.ply,1,1089091,1089091,1121336,1.029607,7.363,5.48,7.341,4.116,1.524,4.089
