filedir,num_points_raw,file_size,bpp,enc_time,all_enc_time,dec_time,all_dec_time
../../dataset/sparsepcgc_testdata/8iVFB/longdress_vox10_1300.ply,857966,535808,0.625,113.842,116.478,106.001,110.205
../../dataset/sparsepcgc_testdata/8iVFB/loot_vox10_1200.ply,805285,479744,0.596,106.801,108.525,101.895,104.096
../../dataset/sparsepcgc_testdata/8iVFB/queen_0200.ply,1000993,547368,0.547,131.176,132.987,125.736,131.617
../../dataset/sparsepcgc_testdata/8iVFB/redandblack_vox10_1550.ply,757691,522488,0.69,95.685,97.311,92.9,97.967
../../dataset/sparsepcgc_testdata/8iVFB/soldier_vox10_0690.ply,1089091,684360,0.628,143.741,146.048,141.036,143.544
