filedir,num_points_raw,file_size,bpp,enc_time,all_enc_time,dec_time,all_dec_time
../../dataset/sparsepcgc_testdata/8iVFB/longdress_vox10_1300.ply,857966,535816,0.625,1.798,3.815,1.702,3.826
../../dataset/sparsepcgc_testdata/8iVFB/loot_vox10_1200.ply,805285,479744,0.596,1.752,4.356,1.595,4.648
../../dataset/sparsepcgc_testdata/8iVFB/queen_0200.ply,1000993,547368,0.547,1.922,4.473,1.836,5.806
../../dataset/sparsepcgc_testdata/8iVFB/redandblack_vox10_1550.ply,757691,522488,0.69,1.679,3.241,1.538,3.542
../../dataset/sparsepcgc_testdata/8iVFB/soldier_vox10_0690.ply,1089091,684360,0.628,2.219,4.395,1.991,4.315
