filedir,num_points_raw,file_size,bpp,enc_time,all_enc_time,dec_time,all_dec_time
../../dataset/sparsepcgc_testdata/8iVFB/longdress_vox10_1300.ply,857966,535800,0.625,1.735,3.531,1.513,3.488
../../dataset/sparsepcgc_testdata/8iVFB/loot_vox10_1200.ply,805285,479736,0.596,1.619,3.178,1.456,5.12
../../dataset/sparsepcgc_testdata/8iVFB/queen_0200.ply,1000993,547360,0.547,1.646,3.367,1.421,5.503
../../dataset/sparsepcgc_testdata/8iVFB/redandblack_vox10_1550.ply,757691,522488,0.69,1.311,2.985,1.21,3.419
../../dataset/sparsepcgc_testdata/8iVFB/soldier_vox10_0690.ply,1089091,684344,0.628,1.67,4.111,1.613,6.064
