filedir,num_points_raw,file_size,bpp,enc_time,all_enc_time,dec_time,all_dec_time
../../dataset/sparsepcgc_testdata/8iVFB/longdress_vox10_1300.ply,857966,591984,0.69,1.098,3.01,1.0,4.137
../../dataset/sparsepcgc_testdata/8iVFB/loot_vox10_1200.ply,805285,531168,0.66,1.001,2.871,0.921,4.739
../../dataset/sparsepcgc_testdata/8iVFB/queen_0200.ply,1000993,628824,0.628,1.121,3.048,0.995,5.914
../../dataset/sparsepcgc_testdata/8iVFB/redandblack_vox10_1550.ply,757691,574224,0.758,0.969,2.728,0.863,3.939
../../dataset/sparsepcgc_testdata/8iVFB/soldier_vox10_0690.ply,1089091,764256,0.702,1.294,3.539,1.215,4.154
