filedir,num_points_raw,file_size,bpp,enc_time,all_enc_time,dec_time,all_dec_time
../../dataset/testdata_voxeldnn/owlii/basketball_player_vox11_00000200_0.ply,731378,380752,0.521,1.617,2.834,1.518,5.982
../../dataset/testdata_voxeldnn/owlii/basketball_player_vox11_00000200_1.ply,731379,379608,0.519,1.636,2.839,1.521,5.776
../../dataset/testdata_voxeldnn/owlii/basketball_player_vox11_00000200_2.ply,731378,376744,0.515,1.581,3.204,1.512,4.132
../../dataset/testdata_voxeldnn/owlii/basketball_player_vox11_00000200_3.ply,731379,382352,0.523,1.595,2.605,1.521,8.103
../../dataset/testdata_voxeldnn/owlii/dancer_vox11_00000001_0.ply,648189,343112,0.529,1.458,2.592,1.384,7.51
../../dataset/testdata_voxeldnn/owlii/dancer_vox11_00000001_1.ply,648190,318960,0.492,1.493,2.684,1.437,4.678
../../dataset/testdata_voxeldnn/owlii/dancer_vox11_00000001_2.ply,648189,325256,0.502,1.51,2.822,1.416,7.514
../../dataset/testdata_voxeldnn/owlii/dancer_vox11_00000001_3.ply,648190,346392,0.534,1.527,2.589,1.428,6.694
