filedir,num_points_raw,file_size,bpp,enc_time,all_enc_time,dec_time,all_dec_time
../../dataset/sparsepcgc_testdata/8iVFB/longdress_vox10_1300.ply,857966,904224,1.054,0.672,4.717,0.685,5.93
../../dataset/sparsepcgc_testdata/8iVFB/loot_vox10_1200.ply,805285,831440,1.032,0.648,2.604,0.651,3.726
../../dataset/sparsepcgc_testdata/8iVFB/queen_0200.ply,1000993,812176,0.811,0.679,2.646,0.66,5.752
../../dataset/sparsepcgc_testdata/8iVFB/redandblack_vox10_1550.ply,757691,875928,1.156,0.638,2.611,0.591,4.295
../../dataset/sparsepcgc_testdata/8iVFB/soldier_vox10_0690.ply,1089091,1200824,1.103,0.829,3.096,0.852,5.376
