filedir,posQuantscale,num_points_raw,num_points,file_size,bpp,enc_time,enc_time_user,enc_time_wall,dec_time,dec_time_user,dec_time_wall
/home/temp/wjq/dataset/Ford/test/test90/Ford_01_q_1mm/Ford_01_vox1mm-0100.ply,1,80265,80265,1798712,22.409668,2.852,1.073,1.452,2.052,0.499,1.926
/home/temp/wjq/dataset/Ford/test/test90/Ford_01_q_1mm/Ford_01_vox1mm-0150.ply,1,79827,79827,1792224,22.451351,2.183,1.07,2.122,1.295,0.568,1.149
/home/temp/wjq/dataset/Ford/test/test90/Ford_01_q_1mm/Ford_01_vox1mm-0200.ply,1,79472,79472,1792168,22.550936,1.677,1.033,1.552,1.124,0.553,0.976
/home/temp/wjq/dataset/Ford/test/test90/Ford_01_q_1mm/Ford_01_vox1mm-0250.ply,1,81223,81223,1744488,21.477759,1.655,1.079,1.611,1.113,0.529,0.977
/home/temp/wjq/dataset/Ford/test/test90/Ford_01_q_1mm/Ford_01_vox1mm-0300.ply,1,80078,80078,1672048,20.880242,1.747,1.091,1.708,0.938,0.502,0.85
/home/temp/wjq/dataset/Ford/test/test90/Ford_01_q_1mm/Ford_01_vox1mm-0350.ply,1,80688,80688,1811248,22.447551,1.941,1.047,1.902,0.917,0.524,0.874
/home/temp/wjq/dataset/Ford/test/test90/Ford_01_q_1mm/Ford_01_vox1mm-0400.ply,1,81999,81999,1864960,22.743692,1.846,1.065,1.811,1.058,0.499,1.014
/home/temp/wjq/dataset/Ford/test/test90/Ford_01_q_1mm/Ford_01_vox1mm-0450.ply,1,83283,83283,1872592,22.484685,1.733,1.233,1.693,0.943,0.541,0.855
/home/temp/wjq/dataset/Ford/test/test90/Ford_01_q_1mm/Ford_01_vox1mm-0500.ply,1,82541,82541,1866280,22.610339,1.82,1.122,1.78,0.998,0.554,0.882
/home/temp/wjq/dataset/Ford/test/test90/Ford_01_q_1mm/Ford_01_vox1mm-0550.ply,1,83421,83421,1882520,22.5665,1.975,1.149,1.936,0.984,0.519,0.889
/home/temp/wjq/dataset/Ford/test/test90/Ford_01_q_1mm/Ford_01_vox1mm-0600.ply,1,83046,83046,1879768,22.635262,1.985,1.135,1.892,0.899,0.546,0.861
/home/temp/wjq/dataset/Ford/test/test90/Ford_01_q_1mm/Ford_01_vox1mm-0650.ply,1,82474,82474,1855752,22.501055,1.915,1.099,1.875,0.974,0.54,0.874
/home/temp/wjq/dataset/Ford/test/test90/Ford_01_q_1mm/Ford_01_vox1mm-0700.ply,1,81373,81373,1866784,22.941074,1.949,1.11,1.904,0.889,0.518,0.849
/home/temp/wjq/dataset/Ford/test/test90/Ford_01_q_1mm/Ford_01_vox1mm-0750.ply,1,81320,81320,1834472,22.558682,2.025,1.101,1.983,1.012,0.537,0.888
/home/temp/wjq/dataset/Ford/test/test90/Ford_01_q_1mm/Ford_01_vox1mm-0800.ply,1,81326,81326,1838376,22.605022,1.896,1.099,1.857,1.173,0.551,1.006
/home/temp/wjq/dataset/Ford/test/test90/Ford_01_q_1mm/Ford_01_vox1mm-0850.ply,1,81903,81903,1852584,22.619245,1.895,1.143,1.856,1.039,0.561,0.889
/home/temp/wjq/dataset/Ford/test/test90/Ford_01_q_1mm/Ford_01_vox1mm-0900.ply,1,80431,80431,1812576,22.535788,1.851,1.091,1.814,0.957,0.519,0.882
/home/temp/wjq/dataset/Ford/test/test90/Ford_01_q_1mm/Ford_01_vox1mm-0950.ply,1,79137,79137,1680776,21.238814,1.952,1.05,1.914,0.934,0.522,0.889
/home/temp/wjq/dataset/Ford/test/test90/Ford_01_q_1mm/Ford_01_vox1mm-1000.ply,1,78492,78492,1774240,22.604087,1.817,1.048,1.732,1.008,0.476,0.827
/home/temp/wjq/dataset/Ford/test/test90/Ford_01_q_1mm/Ford_01_vox1mm-1050.ply,1,77820,77820,1767768,22.716114,1.779,1.016,1.743,0.882,0.474,0.797
/home/temp/wjq/dataset/Ford/test/test90/Ford_01_q_1mm/Ford_01_vox1mm-1100.ply,1,77655,77655,1746496,22.490451,2.091,1.098,2.049,0.874,0.478,0.81
/home/temp/wjq/dataset/Ford/test/test90/Ford_01_q_1mm/Ford_01_vox1mm-1150.ply,1,77953,77953,1754728,22.510077,2.067,1.055,2.008,0.979,0.506,0.876
/home/temp/wjq/dataset/Ford/test/test90/Ford_01_q_1mm/Ford_01_vox1mm-1200.ply,1,80493,80493,1686008,20.94602,2.18,1.102,2.14,1.083,0.485,0.936
/home/temp/wjq/dataset/Ford/test/test90/Ford_01_q_1mm/Ford_01_vox1mm-1250.ply,1,82605,82605,1748672,21.169082,1.851,1.067,1.815,0.912,0.491,0.789
/home/temp/wjq/dataset/Ford/test/test90/Ford_01_q_1mm/Ford_01_vox1mm-1300.ply,1,83833,83833,1929360,23.014326,1.729,1.076,1.694,1.133,0.55,0.92
/home/temp/wjq/dataset/Ford/test/test90/Ford_01_q_1mm/Ford_01_vox1mm-1350.ply,1,87680,87680,1967704,22.44188,1.928,1.121,1.892,0.86,0.526,0.821
/home/temp/wjq/dataset/Ford/test/test90/Ford_01_q_1mm/Ford_01_vox1mm-1400.ply,1,91339,91339,1941056,21.251119,1.914,1.181,1.878,1.069,0.599,0.922
/home/temp/wjq/dataset/Ford/test/test90/Ford_01_q_1mm/Ford_01_vox1mm-1450.ply,1,91749,91749,2032672,22.154705,1.936,1.195,1.9,1.063,0.618,0.967
/home/temp/wjq/dataset/Ford/test/test90/Ford_01_q_1mm/Ford_01_vox1mm-1500.ply,1,89860,89860,1925192,21.424349,1.779,1.15,1.743,1.091,0.534,0.977
/home/temp/wjq/dataset/Ford/test/test90/Ford_01_q_1mm/Ford_01_vox1mm-1550.ply,1,91760,91760,1964800,21.41238,1.756,1.227,1.714,1.006,0.574,0.889
/home/temp/wjq/dataset/Ford/test/test90/Ford_02_q_1mm/Ford_02_vox1mm-0100.ply,1,79882,79882,1759720,22.028993,1.732,1.029,1.696,0.829,0.492,0.791
/home/temp/wjq/dataset/Ford/test/test90/Ford_02_q_1mm/Ford_02_vox1mm-0150.ply,1,80408,80408,1771208,22.027758,2.284,1.103,2.228,1.214,0.513,0.989
/home/temp/wjq/dataset/Ford/test/test90/Ford_02_q_1mm/Ford_02_vox1mm-0200.ply,1,80405,80405,1815512,22.579591,1.789,1.049,1.73,1.143,0.518,0.923
/home/temp/wjq/dataset/Ford/test/test90/Ford_02_q_1mm/Ford_02_vox1mm-0250.ply,1,80090,80090,1766096,22.051392,1.575,1.074,1.516,1.256,0.539,1.057
/home/temp/wjq/dataset/Ford/test/test90/Ford_02_q_1mm/Ford_02_vox1mm-0300.ply,1,81779,81779,1811368,22.149549,2.796,1.091,1.523,2.241,0.537,2.135
/home/temp/wjq/dataset/Ford/test/test90/Ford_02_q_1mm/Ford_02_vox1mm-0350.ply,1,84416,84416,1930832,22.87282,2.185,1.115,1.994,1.283,0.508,1.116
/home/temp/wjq/dataset/Ford/test/test90/Ford_02_q_1mm/Ford_02_vox1mm-0400.ply,1,88265,88265,1935584,21.929236,2.96,1.201,1.51,2.003,0.559,1.906
/home/temp/wjq/dataset/Ford/test/test90/Ford_02_q_1mm/Ford_02_vox1mm-0450.ply,1,85438,85438,1934560,22.642852,1.878,1.1,1.756,1.334,0.534,0.978
/home/temp/wjq/dataset/Ford/test/test90/Ford_02_q_1mm/Ford_02_vox1mm-0500.ply,1,87803,87803,1908832,21.739941,2.683,1.184,2.582,2.054,0.531,1.962
/home/temp/wjq/dataset/Ford/test/test90/Ford_02_q_1mm/Ford_02_vox1mm-0550.ply,1,90312,90312,1876512,20.778103,2.632,1.18,2.508,1.413,0.529,1.128
/home/temp/wjq/dataset/Ford/test/test90/Ford_02_q_1mm/Ford_02_vox1mm-0600.ply,1,86801,86801,1843632,21.239755,3.224,1.151,3.054,1.158,0.523,1.031
/home/temp/wjq/dataset/Ford/test/test90/Ford_02_q_1mm/Ford_02_vox1mm-0650.ply,1,85952,85952,1918776,22.323809,1.708,1.093,1.569,1.101,0.513,0.92
/home/temp/wjq/dataset/Ford/test/test90/Ford_02_q_1mm/Ford_02_vox1mm-0700.ply,1,84162,84162,1794656,21.323828,1.674,1.075,1.58,1.179,0.502,0.997
/home/temp/wjq/dataset/Ford/test/test90/Ford_02_q_1mm/Ford_02_vox1mm-0750.ply,1,85594,85594,1825008,21.321681,1.637,1.087,1.517,1.175,0.547,1.008
/home/temp/wjq/dataset/Ford/test/test90/Ford_02_q_1mm/Ford_02_vox1mm-0800.ply,1,80156,80156,1817800,22.678277,1.593,1.029,1.514,1.18,0.519,1.099
/home/temp/wjq/dataset/Ford/test/test90/Ford_02_q_1mm/Ford_02_vox1mm-0850.ply,1,82655,82655,1744320,21.103623,1.737,1.096,1.637,1.3,0.543,0.988
/home/temp/wjq/dataset/Ford/test/test90/Ford_02_q_1mm/Ford_02_vox1mm-0900.ply,1,80958,80958,1766960,21.825638,2.88,1.11,2.762,1.914,0.552,1.842
/home/temp/wjq/dataset/Ford/test/test90/Ford_02_q_1mm/Ford_02_vox1mm-0950.ply,1,82289,82289,1784176,21.681829,2.28,1.11,2.193,1.328,0.538,1.281
/home/temp/wjq/dataset/Ford/test/test90/Ford_02_q_1mm/Ford_02_vox1mm-1000.ply,1,81797,81797,1773432,21.680893,2.87,1.105,2.703,2.141,0.533,2.039
/home/temp/wjq/dataset/Ford/test/test90/Ford_02_q_1mm/Ford_02_vox1mm-1050.ply,1,82830,82830,1810792,21.861548,2.395,1.136,2.256,1.085,0.539,1.006
/home/temp/wjq/dataset/Ford/test/test90/Ford_02_q_1mm/Ford_02_vox1mm-1100.ply,1,90449,90449,1794736,19.842519,1.828,1.197,1.737,1.123,0.519,1.014
/home/temp/wjq/dataset/Ford/test/test90/Ford_02_q_1mm/Ford_02_vox1mm-1150.ply,1,91210,91210,1860568,20.398728,1.743,1.186,1.681,1.257,0.578,1.05
/home/temp/wjq/dataset/Ford/test/test90/Ford_02_q_1mm/Ford_02_vox1mm-1200.ply,1,84857,84857,1888152,22.250987,2.816,1.155,2.541,1.329,0.552,1.218
/home/temp/wjq/dataset/Ford/test/test90/Ford_02_q_1mm/Ford_02_vox1mm-1250.ply,1,88667,88667,1886904,21.280792,1.524,1.164,1.416,1.364,0.607,1.166
/home/temp/wjq/dataset/Ford/test/test90/Ford_02_q_1mm/Ford_02_vox1mm-1300.ply,1,83771,83771,1787968,21.34352,1.591,1.102,1.477,1.246,0.554,1.101
/home/temp/wjq/dataset/Ford/test/test90/Ford_02_q_1mm/Ford_02_vox1mm-1350.ply,1,82473,82473,1865888,22.624229,2.747,1.115,1.37,2.133,0.542,2.01
/home/temp/wjq/dataset/Ford/test/test90/Ford_02_q_1mm/Ford_02_vox1mm-1400.ply,1,79883,79883,1783424,22.325451,2.323,1.093,2.173,1.015,0.541,0.926
/home/temp/wjq/dataset/Ford/test/test90/Ford_02_q_1mm/Ford_02_vox1mm-1450.ply,1,80333,80333,1791720,22.303661,1.812,1.047,1.623,0.979,0.484,0.878
/home/temp/wjq/dataset/Ford/test/test90/Ford_02_q_1mm/Ford_02_vox1mm-1500.ply,1,80402,80402,1795840,22.335763,1.814,1.077,1.752,1.097,0.498,0.914
/home/temp/wjq/dataset/Ford/test/test90/Ford_02_q_1mm/Ford_02_vox1mm-1550.ply,1,80300,80300,1790280,22.294894,1.766,1.04,1.612,1.027,0.535,0.958
/home/temp/wjq/dataset/Ford/test/test90/Ford_03_q_1mm/Ford_03_vox1mm-0200.ply,1,87590,87590,1963656,22.418724,1.779,1.142,1.673,1.348,0.532,1.044
/home/temp/wjq/dataset/Ford/test/test90/Ford_03_q_1mm/Ford_03_vox1mm-0250.ply,1,87607,87607,2003136,22.865022,2.761,1.159,1.487,2.241,0.517,2.112
/home/temp/wjq/dataset/Ford/test/test90/Ford_03_q_1mm/Ford_03_vox1mm-0300.ply,1,81985,81985,1846872,22.52695,2.099,1.066,2.018,1.257,0.504,1.02
/home/temp/wjq/dataset/Ford/test/test90/Ford_03_q_1mm/Ford_03_vox1mm-0350.ply,1,89103,89103,1988696,22.319069,1.626,1.149,1.532,1.279,0.581,1.026
/home/temp/wjq/dataset/Ford/test/test90/Ford_03_q_1mm/Ford_03_vox1mm-0400.ply,1,89414,89414,2073840,23.193683,1.687,1.148,1.608,1.302,0.524,1.09
/home/temp/wjq/dataset/Ford/test/test90/Ford_03_q_1mm/Ford_03_vox1mm-0450.ply,1,87138,87138,2031528,23.313916,2.822,1.177,2.724,1.965,0.574,1.832
/home/temp/wjq/dataset/Ford/test/test90/Ford_03_q_1mm/Ford_03_vox1mm-0500.ply,1,92885,92885,2047872,22.047392,2.391,1.207,2.275,1.155,0.603,1.105
/home/temp/wjq/dataset/Ford/test/test90/Ford_03_q_1mm/Ford_03_vox1mm-0550.ply,1,87524,87524,2056896,23.500937,3.048,1.141,1.656,1.951,0.499,1.889
/home/temp/wjq/dataset/Ford/test/test90/Ford_03_q_1mm/Ford_03_vox1mm-0600.ply,1,86928,86928,1914928,22.028897,2.088,1.141,1.94,1.27,0.517,1.123
/home/temp/wjq/dataset/Ford/test/test90/Ford_03_q_1mm/Ford_03_vox1mm-0650.ply,1,85577,85577,1888088,22.063031,1.663,1.113,1.597,1.208,0.521,1.043
/home/temp/wjq/dataset/Ford/test/test90/Ford_03_q_1mm/Ford_03_vox1mm-0700.ply,1,86652,86652,1888384,21.792734,2.984,1.168,1.6,1.951,0.551,1.802
/home/temp/wjq/dataset/Ford/test/test90/Ford_03_q_1mm/Ford_03_vox1mm-0750.ply,1,88674,88674,2023240,22.816609,2.519,1.164,2.38,1.293,0.603,1.065
/home/temp/wjq/dataset/Ford/test/test90/Ford_03_q_1mm/Ford_03_vox1mm-0800.ply,1,84589,84589,1995736,23.593328,1.882,1.136,1.719,2.489,0.525,1.185
/home/temp/wjq/dataset/Ford/test/test90/Ford_03_q_1mm/Ford_03_vox1mm-0850.ply,1,84559,84559,2009880,23.768966,1.619,1.106,1.526,1.22,0.524,1.036
/home/temp/wjq/dataset/Ford/test/test90/Ford_03_q_1mm/Ford_03_vox1mm-0900.ply,1,83949,83949,1962720,23.379909,1.616,1.097,1.465,1.523,0.612,1.122
/home/temp/wjq/dataset/Ford/test/test90/Ford_03_q_1mm/Ford_03_vox1mm-0950.ply,1,84425,84425,1959944,23.215209,2.933,1.139,2.8,1.234,0.559,1.081
/home/temp/wjq/dataset/Ford/test/test90/Ford_03_q_1mm/Ford_03_vox1mm-1000.ply,1,83372,83372,1926376,23.105791,2.761,1.136,2.651,2.339,0.509,2.236
/home/temp/wjq/dataset/Ford/test/test90/Ford_03_q_1mm/Ford_03_vox1mm-1050.ply,1,82753,82753,1899160,22.949742,2.041,1.091,1.758,1.571,0.563,1.404
/home/temp/wjq/dataset/Ford/test/test90/Ford_03_q_1mm/Ford_03_vox1mm-1100.ply,1,82734,82734,1900792,22.974738,2.928,1.099,2.802,1.179,0.502,1.029
/home/temp/wjq/dataset/Ford/test/test90/Ford_03_q_1mm/Ford_03_vox1mm-1150.ply,1,78406,78406,1790912,22.841517,1.957,1.061,1.679,1.184,0.528,1.048
/home/temp/wjq/dataset/Ford/test/test90/Ford_03_q_1mm/Ford_03_vox1mm-1200.ply,1,81694,81694,1889280,23.126301,2.987,1.136,2.825,2.034,0.52,1.943
/home/temp/wjq/dataset/Ford/test/test90/Ford_03_q_1mm/Ford_03_vox1mm-1250.ply,1,80072,80072,1876832,23.439305,2.301,1.063,2.147,1.439,0.538,1.298
/home/temp/wjq/dataset/Ford/test/test90/Ford_03_q_1mm/Ford_03_vox1mm-1300.ply,1,84276,84276,1955720,23.206132,3.028,1.119,2.73,1.531,0.566,1.293
/home/temp/wjq/dataset/Ford/test/test90/Ford_03_q_1mm/Ford_03_vox1mm-1350.ply,1,83467,83467,1927312,23.090707,2.796,1.101,2.647,1.3,0.54,1.145
/home/temp/wjq/dataset/Ford/test/test90/Ford_03_q_1mm/Ford_03_vox1mm-1400.ply,1,83709,83709,1943328,23.215282,2.972,1.129,2.909,1.984,0.525,1.947
/home/temp/wjq/dataset/Ford/test/test90/Ford_03_q_1mm/Ford_03_vox1mm-1450.ply,1,81658,81658,1871320,22.916554,2.318,1.094,2.156,1.216,0.541,1.083
/home/temp/wjq/dataset/Ford/test/test90/Ford_03_q_1mm/Ford_03_vox1mm-1500.ply,1,75453,75453,1711424,22.681987,1.628,0.984,1.514,1.278,0.476,1.082
/home/temp/wjq/dataset/Ford/test/test90/Ford_03_q_1mm/Ford_03_vox1mm-1550.ply,1,79814,79814,1781208,22.316987,1.604,1.038,1.46,1.27,0.529,1.191
/home/temp/wjq/dataset/Ford/test/test90/Ford_03_q_1mm/Ford_03_vox1mm-1600.ply,1,78056,78056,1745352,22.360254,1.51,1.037,1.414,1.024,0.476,0.869
/home/temp/wjq/dataset/Ford/test/test90/Ford_03_q_1mm/Ford_03_vox1mm-1650.ply,1,79627,79627,1791272,22.495787,1.844,1.074,1.754,1.19,0.538,1.051
