filedir,num_points_raw,file_size,bpp,enc_time,all_enc_time,dec_time,all_dec_time
../../dataset/sparsepcgc_testdata/KITTI/11/velodyne/000000.bin,127405,2164960,16.993,2.941,3.366,2.673,3.765
../../dataset/sparsepcgc_testdata/KITTI/11/velodyne/000050.bin,121770,2225784,18.279,2.85,3.212,2.649,4.858
../../dataset/sparsepcgc_testdata/KITTI/11/velodyne/000100.bin,123992,2185272,17.624,2.965,3.282,2.753,3.738
../../dataset/sparsepcgc_testdata/KITTI/11/velodyne/000150.bin,124078,2178304,17.556,2.906,4.489,2.686,4.158
../../dataset/sparsepcgc_testdata/KITTI/11/velodyne/000200.bin,126356,2164120,17.127,2.899,3.184,2.7,5.053
../../dataset/sparsepcgc_testdata/KITTI/11/velodyne/000250.bin,121201,2107112,17.385,2.813,3.118,2.595,3.59
../../dataset/sparsepcgc_testdata/KITTI/11/velodyne/000300.bin,126354,2197816,17.394,2.891,4.443,2.735,4.451
../../dataset/sparsepcgc_testdata/KITTI/11/velodyne/000350.bin,128651,2177248,16.924,2.967,4.429,2.773,4.14
../../dataset/sparsepcgc_testdata/KITTI/11/velodyne/000400.bin,127257,2152280,16.913,2.969,3.396,2.766,4.916
../../dataset/sparsepcgc_testdata/KITTI/11/velodyne/000450.bin,123411,2201992,17.843,2.943,3.425,2.735,3.576
../../dataset/sparsepcgc_testdata/KITTI/12/velodyne/000000.bin,114763,2229256,19.425,2.963,3.331,2.738,3.927
../../dataset/sparsepcgc_testdata/KITTI/12/velodyne/000050.bin,108064,2203072,20.387,2.896,3.252,2.683,4.706
../../dataset/sparsepcgc_testdata/KITTI/12/velodyne/000100.bin,116423,2355112,20.229,3.041,3.373,2.788,4.902
../../dataset/sparsepcgc_testdata/KITTI/12/velodyne/000150.bin,124214,2414304,19.437,3.122,3.537,2.906,3.843
../../dataset/sparsepcgc_testdata/KITTI/12/velodyne/000200.bin,126699,2481104,19.583,3.179,4.56,3.002,4.596
../../dataset/sparsepcgc_testdata/KITTI/12/velodyne/000250.bin,126863,2542880,20.044,3.18,3.701,2.973,5.388
../../dataset/sparsepcgc_testdata/KITTI/12/velodyne/000300.bin,126100,2522608,20.005,3.137,3.434,2.883,3.917
../../dataset/sparsepcgc_testdata/KITTI/12/velodyne/000350.bin,126124,2536224,20.109,3.075,4.41,2.848,4.529
../../dataset/sparsepcgc_testdata/KITTI/12/velodyne/000400.bin,125433,2412056,19.23,3.047,4.871,2.84,3.989
../../dataset/sparsepcgc_testdata/KITTI/12/velodyne/000450.bin,123445,2430080,19.686,3.016,4.546,2.827,3.86
../../dataset/sparsepcgc_testdata/KITTI/13/velodyne/000000.bin,122785,2111408,17.196,2.917,3.327,2.724,5.184
../../dataset/sparsepcgc_testdata/KITTI/13/velodyne/000050.bin,110835,1821400,16.433,2.627,3.019,2.451,3.533
../../dataset/sparsepcgc_testdata/KITTI/13/velodyne/000100.bin,104461,1715656,16.424,2.514,2.732,2.351,3.15
../../dataset/sparsepcgc_testdata/KITTI/13/velodyne/000150.bin,119099,2070272,17.383,2.846,3.228,2.665,4.65
../../dataset/sparsepcgc_testdata/KITTI/13/velodyne/000200.bin,113395,1807096,15.936,2.648,2.977,2.465,3.359
../../dataset/sparsepcgc_testdata/KITTI/13/velodyne/000250.bin,115062,1858720,16.154,2.653,3.003,2.5,3.175
../../dataset/sparsepcgc_testdata/KITTI/13/velodyne/000300.bin,110382,1778512,16.112,2.581,2.885,2.419,3.361
../../dataset/sparsepcgc_testdata/KITTI/13/velodyne/000350.bin,123267,2135832,17.327,2.924,3.161,2.739,4.84
../../dataset/sparsepcgc_testdata/KITTI/13/velodyne/000400.bin,105191,1699440,16.156,2.539,2.792,2.362,3.343
../../dataset/sparsepcgc_testdata/KITTI/13/velodyne/000450.bin,102551,1678792,16.37,2.528,2.98,2.364,3.273
../../dataset/sparsepcgc_testdata/KITTI/14/velodyne/000000.bin,120066,2294784,19.113,2.949,3.404,2.735,5.054
../../dataset/sparsepcgc_testdata/KITTI/14/velodyne/000050.bin,126366,2199016,17.402,2.913,3.312,2.71,5.3
../../dataset/sparsepcgc_testdata/KITTI/14/velodyne/000100.bin,128180,2322496,18.119,3.022,3.464,2.822,5.456
../../dataset/sparsepcgc_testdata/KITTI/14/velodyne/000150.bin,127479,2334520,18.313,3.061,3.504,2.797,5.364
../../dataset/sparsepcgc_testdata/KITTI/14/velodyne/000200.bin,125449,2311920,18.429,3.007,3.486,2.788,3.667
../../dataset/sparsepcgc_testdata/KITTI/14/velodyne/000250.bin,126986,2423304,19.083,3.06,4.56,2.884,4.121
../../dataset/sparsepcgc_testdata/KITTI/14/velodyne/000300.bin,127467,2413128,18.931,3.067,4.701,2.937,4.157
../../dataset/sparsepcgc_testdata/KITTI/14/velodyne/000350.bin,128486,2464256,19.179,3.051,3.321,2.842,5.478
../../dataset/sparsepcgc_testdata/KITTI/14/velodyne/000400.bin,127940,2460232,19.23,3.085,3.344,2.842,5.153
../../dataset/sparsepcgc_testdata/KITTI/14/velodyne/000450.bin,127201,2389184,18.783,3.051,3.378,2.842,5.065
../../dataset/sparsepcgc_testdata/KITTI/15/velodyne/000000.bin,126229,2225712,17.632,2.967,3.268,2.74,3.858
../../dataset/sparsepcgc_testdata/KITTI/15/velodyne/000050.bin,126123,2112064,16.746,2.898,3.106,2.712,4.898
../../dataset/sparsepcgc_testdata/KITTI/15/velodyne/000100.bin,103961,1740304,16.74,2.514,2.912,2.332,3.507
../../dataset/sparsepcgc_testdata/KITTI/15/velodyne/000150.bin,123420,2153824,17.451,2.857,3.223,2.684,3.451
../../dataset/sparsepcgc_testdata/KITTI/15/velodyne/000200.bin,125253,2156512,17.217,2.899,3.341,2.667,3.779
../../dataset/sparsepcgc_testdata/KITTI/15/velodyne/000250.bin,123707,2183392,17.65,2.853,3.125,2.666,5.717
../../dataset/sparsepcgc_testdata/KITTI/15/velodyne/000300.bin,123823,2214480,17.884,2.973,3.288,2.768,5.279
../../dataset/sparsepcgc_testdata/KITTI/15/velodyne/000350.bin,117364,2228040,18.984,2.956,3.424,2.736,5.132
../../dataset/sparsepcgc_testdata/KITTI/15/velodyne/000400.bin,117581,2263552,19.251,2.978,3.309,2.738,3.823
../../dataset/sparsepcgc_testdata/KITTI/15/velodyne/000450.bin,119754,2241952,18.721,2.939,4.42,2.76,4.001
../../dataset/sparsepcgc_testdata/KITTI/16/velodyne/000000.bin,126849,2211256,17.432,2.967,3.381,2.784,4.939
../../dataset/sparsepcgc_testdata/KITTI/16/velodyne/000050.bin,124340,2166536,17.424,2.99,3.419,2.754,5.141
../../dataset/sparsepcgc_testdata/KITTI/16/velodyne/000100.bin,123725,2164920,17.498,2.934,3.379,2.728,3.692
../../dataset/sparsepcgc_testdata/KITTI/16/velodyne/000150.bin,124067,2081464,16.777,2.903,3.142,2.725,4.998
../../dataset/sparsepcgc_testdata/KITTI/16/velodyne/000200.bin,122880,2189024,17.814,2.984,3.327,2.799,4.955
../../dataset/sparsepcgc_testdata/KITTI/16/velodyne/000250.bin,123102,2132448,17.323,2.988,3.387,2.704,3.513
../../dataset/sparsepcgc_testdata/KITTI/16/velodyne/000300.bin,122296,2188816,17.898,2.941,3.216,2.749,4.539
../../dataset/sparsepcgc_testdata/KITTI/16/velodyne/000350.bin,119663,2103168,17.576,2.878,3.195,2.663,3.357
../../dataset/sparsepcgc_testdata/KITTI/16/velodyne/000400.bin,122861,2166064,17.63,2.956,3.232,2.774,3.333
../../dataset/sparsepcgc_testdata/KITTI/16/velodyne/000450.bin,125502,2184176,17.404,2.939,3.13,2.759,3.253
../../dataset/sparsepcgc_testdata/KITTI/17/velodyne/000000.bin,117912,2346104,19.897,2.987,3.371,2.754,3.577
../../dataset/sparsepcgc_testdata/KITTI/17/velodyne/000050.bin,109611,2217600,20.232,2.855,3.162,2.654,3.244
../../dataset/sparsepcgc_testdata/KITTI/17/velodyne/000100.bin,113413,2284224,20.141,2.94,3.099,2.703,4.271
../../dataset/sparsepcgc_testdata/KITTI/17/velodyne/000150.bin,121902,2395888,19.654,3.005,3.366,2.782,3.83
../../dataset/sparsepcgc_testdata/KITTI/17/velodyne/000200.bin,116419,2365416,20.318,2.975,3.278,2.745,4.709
../../dataset/sparsepcgc_testdata/KITTI/17/velodyne/000250.bin,116540,2346736,20.137,3.006,3.443,2.791,5.369
../../dataset/sparsepcgc_testdata/KITTI/17/velodyne/000300.bin,111909,2185216,19.527,2.902,3.288,2.641,3.467
../../dataset/sparsepcgc_testdata/KITTI/17/velodyne/000350.bin,114671,2153816,18.783,2.885,3.124,2.686,5.093
../../dataset/sparsepcgc_testdata/KITTI/17/velodyne/000400.bin,112403,1951728,17.364,2.807,3.087,2.586,3.566
../../dataset/sparsepcgc_testdata/KITTI/17/velodyne/000450.bin,106247,1830200,17.226,2.717,3.376,2.515,3.615
../../dataset/sparsepcgc_testdata/KITTI/18/velodyne/000000.bin,124764,2029584,16.267,2.778,3.037,2.603,4.943
../../dataset/sparsepcgc_testdata/KITTI/18/velodyne/000050.bin,124477,2132648,17.133,2.955,3.265,2.746,3.731
../../dataset/sparsepcgc_testdata/KITTI/18/velodyne/000100.bin,125340,2181512,17.405,2.972,3.231,2.785,5.078
../../dataset/sparsepcgc_testdata/KITTI/18/velodyne/000150.bin,123126,2146096,17.43,2.953,3.383,2.731,3.659
../../dataset/sparsepcgc_testdata/KITTI/18/velodyne/000200.bin,123834,2074736,16.754,2.893,3.236,2.695,3.681
../../dataset/sparsepcgc_testdata/KITTI/18/velodyne/000250.bin,123400,2026288,16.42,2.773,3.198,2.605,3.327
../../dataset/sparsepcgc_testdata/KITTI/18/velodyne/000300.bin,120045,2088376,17.397,2.858,3.155,2.691,4.663
../../dataset/sparsepcgc_testdata/KITTI/18/velodyne/000350.bin,120046,2046416,17.047,2.861,3.294,2.646,3.379
../../dataset/sparsepcgc_testdata/KITTI/18/velodyne/000400.bin,116706,1860152,15.939,2.7,2.933,2.544,3.095
../../dataset/sparsepcgc_testdata/KITTI/18/velodyne/000450.bin,110399,1755072,15.898,2.592,2.845,2.406,2.973
../../dataset/sparsepcgc_testdata/KITTI/19/velodyne/000000.bin,122995,2186512,17.777,2.952,3.268,2.767,4.878
../../dataset/sparsepcgc_testdata/KITTI/19/velodyne/000050.bin,122256,2173824,17.781,2.931,3.231,2.714,3.409
../../dataset/sparsepcgc_testdata/KITTI/19/velodyne/000100.bin,114616,1940056,16.927,2.791,2.961,2.591,3.197
../../dataset/sparsepcgc_testdata/KITTI/19/velodyne/000150.bin,122257,2011768,16.455,2.748,2.954,2.601,4.268
../../dataset/sparsepcgc_testdata/KITTI/19/velodyne/000200.bin,118840,2017288,16.975,2.889,3.101,2.636,3.532
../../dataset/sparsepcgc_testdata/KITTI/19/velodyne/000250.bin,117557,1999064,17.005,2.788,2.911,2.612,2.952
../../dataset/sparsepcgc_testdata/KITTI/19/velodyne/000300.bin,116113,1870944,16.113,2.666,2.778,2.476,2.876
../../dataset/sparsepcgc_testdata/KITTI/19/velodyne/000350.bin,121673,2008016,16.503,2.852,2.966,2.686,3.124
../../dataset/sparsepcgc_testdata/KITTI/19/velodyne/000400.bin,119596,2008872,16.797,2.781,2.883,2.56,2.943
../../dataset/sparsepcgc_testdata/KITTI/19/velodyne/000450.bin,121166,2097072,17.307,2.838,2.947,2.652,3.063
../../dataset/sparsepcgc_testdata/KITTI/20/velodyne/000000.bin,116179,2132752,18.357,2.842,2.934,2.65,3.016
../../dataset/sparsepcgc_testdata/KITTI/20/velodyne/000050.bin,116552,2145120,18.405,2.863,3.185,2.685,3.884
../../dataset/sparsepcgc_testdata/KITTI/20/velodyne/000100.bin,117329,2163048,18.436,2.839,4.746,2.717,3.984
../../dataset/sparsepcgc_testdata/KITTI/20/velodyne/000150.bin,112374,2074200,18.458,2.8,3.116,2.614,4.952
../../dataset/sparsepcgc_testdata/KITTI/20/velodyne/000200.bin,119186,2198064,18.442,2.951,3.397,2.759,5.709
../../dataset/sparsepcgc_testdata/KITTI/20/velodyne/000250.bin,119149,2177632,18.277,2.968,3.494,2.721,4.726
../../dataset/sparsepcgc_testdata/KITTI/20/velodyne/000300.bin,121336,2159512,17.798,2.841,3.343,2.646,3.823
../../dataset/sparsepcgc_testdata/KITTI/20/velodyne/000350.bin,118037,2191928,18.57,2.829,3.161,2.665,4.587
../../dataset/sparsepcgc_testdata/KITTI/20/velodyne/000400.bin,114198,2229856,19.526,2.938,3.251,2.722,3.482
../../dataset/sparsepcgc_testdata/KITTI/20/velodyne/000450.bin,121822,2319552,19.041,3.021,4.521,2.828,3.507
../../dataset/sparsepcgc_testdata/KITTI/21/velodyne/000000.bin,122629,2296640,18.728,2.996,3.12,2.783,3.529
../../dataset/sparsepcgc_testdata/KITTI/21/velodyne/000050.bin,123450,2233808,18.095,2.946,3.184,2.747,4.878
../../dataset/sparsepcgc_testdata/KITTI/21/velodyne/000100.bin,125043,2287712,18.295,3.117,3.662,2.847,5.045
../../dataset/sparsepcgc_testdata/KITTI/21/velodyne/000150.bin,127418,2311848,18.144,3.098,3.613,2.862,5.213
../../dataset/sparsepcgc_testdata/KITTI/21/velodyne/000200.bin,124491,2333904,18.748,3.022,3.5,2.826,5.215
../../dataset/sparsepcgc_testdata/KITTI/21/velodyne/000250.bin,121790,2192736,18.004,2.965,3.561,2.795,3.61
../../dataset/sparsepcgc_testdata/KITTI/21/velodyne/000300.bin,120613,2177072,18.05,2.964,4.605,2.696,3.83
../../dataset/sparsepcgc_testdata/KITTI/21/velodyne/000350.bin,120505,2211792,18.354,2.96,3.287,2.776,5.403
../../dataset/sparsepcgc_testdata/KITTI/21/velodyne/000400.bin,120244,2245776,18.677,2.989,3.423,2.787,5.158
../../dataset/sparsepcgc_testdata/KITTI/21/velodyne/000450.bin,120734,2232048,18.487,3.008,3.266,2.791,3.546
,120518.7545,2166595.273,17.9709,2.906945455,3.388190909,2.705045455,4.1669
