filedir,num_points_raw,file_size,bpp,enc_time,all_enc_time,dec_time,all_dec_time
../../dataset/Ford/test/test90/Ford_01_q_1mm/Ford_01_vox1mm-0100.ply,78045,703784,9.018,1.569,2.559,1.501,3.173
../../dataset/Ford/test/test90/Ford_01_q_1mm/Ford_01_vox1mm-0150.ply,77576,702600,9.057,1.606,2.775,1.454,3.238
../../dataset/Ford/test/test90/Ford_01_q_1mm/Ford_01_vox1mm-0200.ply,77167,677552,8.78,1.557,2.562,1.389,1.679
../../dataset/Ford/test/test90/Ford_01_q_1mm/Ford_01_vox1mm-0250.ply,77244,606624,7.853,1.55,2.905,1.438,3.253
../../dataset/Ford/test/test90/Ford_01_q_1mm/Ford_01_vox1mm-0300.ply,75744,588264,7.766,1.507,2.526,1.378,1.727
../../dataset/Ford/test/test90/Ford_01_q_1mm/Ford_01_vox1mm-0350.ply,77695,685696,8.825,1.511,2.016,1.425,2.392
../../dataset/Ford/test/test90/Ford_01_q_1mm/Ford_01_vox1mm-0400.ply,79914,705568,8.829,1.543,2.831,1.476,3.195
../../dataset/Ford/test/test90/Ford_01_q_1mm/Ford_01_vox1mm-0450.ply,80818,725152,8.973,1.702,2.548,1.562,3.257
../../dataset/Ford/test/test90/Ford_01_q_1mm/Ford_01_vox1mm-0500.ply,80253,728520,9.078,1.639,2.552,1.516,3.01
../../dataset/Ford/test/test90/Ford_01_q_1mm/Ford_01_vox1mm-0550.ply,81151,733848,9.043,1.655,2.816,1.477,3.057
../../dataset/Ford/test/test90/Ford_01_q_1mm/Ford_01_vox1mm-0600.ply,80838,712384,8.812,1.704,2.626,1.584,2.9
../../dataset/Ford/test/test90/Ford_01_q_1mm/Ford_01_vox1mm-0650.ply,80248,726872,9.058,1.616,2.931,1.497,2.896
../../dataset/Ford/test/test90/Ford_01_q_1mm/Ford_01_vox1mm-0700.ply,79102,739712,9.351,1.614,2.999,1.486,3.479
../../dataset/Ford/test/test90/Ford_01_q_1mm/Ford_01_vox1mm-0750.ply,79067,721720,9.128,1.621,2.393,1.484,3.093
../../dataset/Ford/test/test90/Ford_01_q_1mm/Ford_01_vox1mm-0800.ply,78527,716168,9.12,1.633,2.633,1.471,2.89
../../dataset/Ford/test/test90/Ford_01_q_1mm/Ford_01_vox1mm-0850.ply,79233,721640,9.108,1.597,2.993,1.466,3.091
../../dataset/Ford/test/test90/Ford_01_q_1mm/Ford_01_vox1mm-0900.ply,78141,681840,8.726,1.613,2.691,1.473,3.231
../../dataset/Ford/test/test90/Ford_01_q_1mm/Ford_01_vox1mm-0950.ply,74956,610696,8.147,1.475,2.462,1.373,1.754
../../dataset/Ford/test/test90/Ford_01_q_1mm/Ford_01_vox1mm-1000.ply,75714,702944,9.284,1.496,1.852,1.421,2.827
../../dataset/Ford/test/test90/Ford_01_q_1mm/Ford_01_vox1mm-1050.ply,75122,693784,9.235,1.54,2.412,1.424,1.816
../../dataset/Ford/test/test90/Ford_01_q_1mm/Ford_01_vox1mm-1100.ply,75125,683504,9.098,1.541,2.982,1.422,1.749
../../dataset/Ford/test/test90/Ford_01_q_1mm/Ford_01_vox1mm-1150.ply,75366,689176,9.144,1.501,1.888,1.425,2.478
../../dataset/Ford/test/test90/Ford_01_q_1mm/Ford_01_vox1mm-1200.ply,76046,600784,7.9,1.473,2.654,1.369,1.845
../../dataset/Ford/test/test90/Ford_01_q_1mm/Ford_01_vox1mm-1250.ply,78249,624032,7.975,1.479,1.856,1.415,2.487
../../dataset/Ford/test/test90/Ford_01_q_1mm/Ford_01_vox1mm-1300.ply,81632,743176,9.104,1.562,2.552,1.475,1.844
../../dataset/Ford/test/test90/Ford_01_q_1mm/Ford_01_vox1mm-1350.ply,85027,753600,8.863,1.582,2.027,1.503,2.614
../../dataset/Ford/test/test90/Ford_01_q_1mm/Ford_01_vox1mm-1400.ply,87851,691304,7.869,1.584,2.435,1.494,1.875
../../dataset/Ford/test/test90/Ford_01_q_1mm/Ford_01_vox1mm-1450.ply,89273,760344,8.517,1.547,3.2,1.429,1.837
../../dataset/Ford/test/test90/Ford_01_q_1mm/Ford_01_vox1mm-1500.ply,86781,685920,7.904,1.542,3.034,1.413,2.977
../../dataset/Ford/test/test90/Ford_01_q_1mm/Ford_01_vox1mm-1550.ply,88616,702952,7.933,1.544,2.745,1.393,1.745
../../dataset/Ford/test/test90/Ford_02_q_1mm/Ford_02_vox1mm-0100.ply,76473,660616,8.639,1.471,1.879,1.397,2.729
../../dataset/Ford/test/test90/Ford_02_q_1mm/Ford_02_vox1mm-0150.ply,77045,664728,8.628,1.53,2.576,1.407,1.755
../../dataset/Ford/test/test90/Ford_02_q_1mm/Ford_02_vox1mm-0200.ply,77755,693280,8.916,1.584,3.092,1.457,3.481
../../dataset/Ford/test/test90/Ford_02_q_1mm/Ford_02_vox1mm-0250.ply,77185,664008,8.603,1.541,2.826,1.416,3.181
../../dataset/Ford/test/test90/Ford_02_q_1mm/Ford_02_vox1mm-0300.ply,79212,691856,8.734,1.68,2.699,1.527,3.148
../../dataset/Ford/test/test90/Ford_02_q_1mm/Ford_02_vox1mm-0350.ply,81987,758536,9.252,1.608,5.063,1.485,3.254
../../dataset/Ford/test/test90/Ford_02_q_1mm/Ford_02_vox1mm-0400.ply,84961,719936,8.474,1.593,3.087,1.464,3.13
../../dataset/Ford/test/test90/Ford_02_q_1mm/Ford_02_vox1mm-0450.ply,83044,739344,8.903,1.612,5.431,1.494,3.506
../../dataset/Ford/test/test90/Ford_02_q_1mm/Ford_02_vox1mm-0500.ply,84081,707096,8.41,1.623,5.069,1.512,3.426
../../dataset/Ford/test/test90/Ford_02_q_1mm/Ford_02_vox1mm-0550.ply,86250,651696,7.556,1.557,2.813,1.417,3.41
../../dataset/Ford/test/test90/Ford_02_q_1mm/Ford_02_vox1mm-0600.ply,83080,659480,7.938,1.505,2.414,1.375,2.934
../../dataset/Ford/test/test90/Ford_02_q_1mm/Ford_02_vox1mm-0650.ply,82906,724576,8.74,1.586,2.69,1.468,3.233
../../dataset/Ford/test/test90/Ford_02_q_1mm/Ford_02_vox1mm-0700.ply,79679,650864,8.169,1.54,2.586,1.425,1.762
../../dataset/Ford/test/test90/Ford_02_q_1mm/Ford_02_vox1mm-0750.ply,82049,659960,8.043,1.506,1.929,1.438,2.381
../../dataset/Ford/test/test90/Ford_02_q_1mm/Ford_02_vox1mm-0800.ply,77483,688760,8.889,1.557,2.887,1.462,3.365
../../dataset/Ford/test/test90/Ford_02_q_1mm/Ford_02_vox1mm-0850.ply,79407,622568,7.84,1.532,2.46,1.421,3.026
../../dataset/Ford/test/test90/Ford_02_q_1mm/Ford_02_vox1mm-0900.ply,78001,652104,8.36,1.523,2.854,1.425,2.909
../../dataset/Ford/test/test90/Ford_02_q_1mm/Ford_02_vox1mm-0950.ply,79214,649936,8.205,1.543,3.094,1.436,3.518
../../dataset/Ford/test/test90/Ford_02_q_1mm/Ford_02_vox1mm-1000.ply,78615,645936,8.216,1.553,5.138,1.444,3.466
../../dataset/Ford/test/test90/Ford_02_q_1mm/Ford_02_vox1mm-1050.ply,79889,662232,8.289,1.57,2.714,1.428,3.092
../../dataset/Ford/test/test90/Ford_02_q_1mm/Ford_02_vox1mm-1100.ply,84667,592144,6.994,1.535,2.627,1.411,3.82
../../dataset/Ford/test/test90/Ford_02_q_1mm/Ford_02_vox1mm-1150.ply,87799,628400,7.157,1.578,4.824,1.482,3.424
../../dataset/Ford/test/test90/Ford_02_q_1mm/Ford_02_vox1mm-1200.ply,82283,693848,8.432,1.596,2.93,1.467,3.33
../../dataset/Ford/test/test90/Ford_02_q_1mm/Ford_02_vox1mm-1250.ply,86408,672712,7.785,1.619,2.537,1.483,2.974
../../dataset/Ford/test/test90/Ford_02_q_1mm/Ford_02_vox1mm-1300.ply,81081,644800,7.953,1.548,2.557,1.43,3.285
../../dataset/Ford/test/test90/Ford_02_q_1mm/Ford_02_vox1mm-1350.ply,80256,692816,8.633,1.697,2.682,1.575,2.995
../../dataset/Ford/test/test90/Ford_02_q_1mm/Ford_02_vox1mm-1400.ply,77446,701448,9.057,1.578,2.552,1.459,3.809
../../dataset/Ford/test/test90/Ford_02_q_1mm/Ford_02_vox1mm-1450.ply,78075,700736,8.975,1.592,2.186,1.477,2.823
../../dataset/Ford/test/test90/Ford_02_q_1mm/Ford_02_vox1mm-1500.ply,78141,698048,8.933,1.599,2.674,1.475,1.808
../../dataset/Ford/test/test90/Ford_02_q_1mm/Ford_02_vox1mm-1550.ply,78040,699296,8.961,1.541,2.006,1.476,2.579
../../dataset/Ford/test/test90/Ford_03_q_1mm/Ford_03_vox1mm-0200.ply,84969,751360,8.843,1.587,2.386,1.472,2.916
../../dataset/Ford/test/test90/Ford_03_q_1mm/Ford_03_vox1mm-0250.ply,85043,783960,9.218,1.712,3.173,1.602,3.22
../../dataset/Ford/test/test90/Ford_03_q_1mm/Ford_03_vox1mm-0300.ply,79561,699600,8.793,1.595,2.745,1.486,3.362
../../dataset/Ford/test/test90/Ford_03_q_1mm/Ford_03_vox1mm-0350.ply,86342,761432,8.819,1.62,2.531,1.48,3.203
../../dataset/Ford/test/test90/Ford_03_q_1mm/Ford_03_vox1mm-0400.ply,86896,832376,9.579,1.64,2.579,1.506,3.25
../../dataset/Ford/test/test90/Ford_03_q_1mm/Ford_03_vox1mm-0450.ply,84849,811680,9.566,1.655,2.557,1.517,3.039
../../dataset/Ford/test/test90/Ford_03_q_1mm/Ford_03_vox1mm-0500.ply,90040,768264,8.532,1.636,2.602,1.49,3.774
../../dataset/Ford/test/test90/Ford_03_q_1mm/Ford_03_vox1mm-0550.ply,85253,831616,9.755,1.65,2.321,1.52,3.332
../../dataset/Ford/test/test90/Ford_03_q_1mm/Ford_03_vox1mm-0600.ply,84202,704920,8.372,1.593,2.462,1.463,3.082
../../dataset/Ford/test/test90/Ford_03_q_1mm/Ford_03_vox1mm-0650.ply,82937,695768,8.389,1.602,2.438,1.473,3.467
../../dataset/Ford/test/test90/Ford_03_q_1mm/Ford_03_vox1mm-0700.ply,83839,698640,8.333,1.566,2.256,1.439,2.989
../../dataset/Ford/test/test90/Ford_03_q_1mm/Ford_03_vox1mm-0750.ply,86593,801408,9.255,1.641,2.836,1.511,3.145
../../dataset/Ford/test/test90/Ford_03_q_1mm/Ford_03_vox1mm-0800.ply,82336,820792,9.969,1.656,2.733,1.525,3.126
../../dataset/Ford/test/test90/Ford_03_q_1mm/Ford_03_vox1mm-0850.ply,82484,837000,10.147,1.793,2.931,1.648,3.362
../../dataset/Ford/test/test90/Ford_03_q_1mm/Ford_03_vox1mm-0900.ply,81830,796808,9.737,1.644,2.564,1.515,3.061
../../dataset/Ford/test/test90/Ford_03_q_1mm/Ford_03_vox1mm-0950.ply,82327,785080,9.536,1.632,2.323,1.512,3.165
../../dataset/Ford/test/test90/Ford_03_q_1mm/Ford_03_vox1mm-1000.ply,81169,770536,9.493,1.633,2.547,1.509,1.855
../../dataset/Ford/test/test90/Ford_03_q_1mm/Ford_03_vox1mm-1050.ply,80541,757816,9.409,1.634,3.068,1.497,3.037
../../dataset/Ford/test/test90/Ford_03_q_1mm/Ford_03_vox1mm-1100.ply,80554,754208,9.363,1.641,2.915,1.487,3.728
../../dataset/Ford/test/test90/Ford_03_q_1mm/Ford_03_vox1mm-1150.ply,76226,713032,9.354,1.598,2.413,1.474,3.446
../../dataset/Ford/test/test90/Ford_03_q_1mm/Ford_03_vox1mm-1200.ply,79390,766744,9.658,1.635,5.331,1.506,3.501
../../dataset/Ford/test/test90/Ford_03_q_1mm/Ford_03_vox1mm-1250.ply,77746,767192,9.868,1.625,5.218,1.499,3.088
../../dataset/Ford/test/test90/Ford_03_q_1mm/Ford_03_vox1mm-1300.ply,81850,791816,9.674,1.655,2.511,1.556,1.888
../../dataset/Ford/test/test90/Ford_03_q_1mm/Ford_03_vox1mm-1350.ply,80867,773752,9.568,1.623,2.041,1.491,2.371
../../dataset/Ford/test/test90/Ford_03_q_1mm/Ford_03_vox1mm-1400.ply,81523,779560,9.562,1.589,2.643,1.528,1.833
../../dataset/Ford/test/test90/Ford_03_q_1mm/Ford_03_vox1mm-1450.ply,79462,744024,9.363,1.565,1.968,1.485,2.688
../../dataset/Ford/test/test90/Ford_03_q_1mm/Ford_03_vox1mm-1500.ply,73269,657968,8.98,1.565,2.334,1.447,1.8
../../dataset/Ford/test/test90/Ford_03_q_1mm/Ford_03_vox1mm-1550.ply,77678,669504,8.619,1.523,1.928,1.45,2.647
../../dataset/Ford/test/test90/Ford_03_q_1mm/Ford_03_vox1mm-1600.ply,75784,662088,8.737,1.583,2.619,1.444,1.785
../../dataset/Ford/test/test90/Ford_03_q_1mm/Ford_03_vox1mm-1650.ply,77445,688528,8.891,1.581,3.032,1.456,1.784
