filedir,num_points_raw,file_size,bpp,enc_time,all_enc_time,dec_time,all_dec_time
../../dataset/Ford/test/test90/Ford_01_q_1mm/Ford_01_vox1mm-0100.ply,80265,1718368,21.409,2.688,3.094,2.413,5.043
../../dataset/Ford/test/test90/Ford_01_q_1mm/Ford_01_vox1mm-0150.ply,79827,1713768,21.469,2.599,3.096,2.418,3.388
../../dataset/Ford/test/test90/Ford_01_q_1mm/Ford_01_vox1mm-0200.ply,79472,1684112,21.191,2.597,3.13,2.428,3.29
../../dataset/Ford/test/test90/Ford_01_q_1mm/Ford_01_vox1mm-0250.ply,81223,1627096,20.032,2.614,3.403,2.386,3.419
../../dataset/Ford/test/test90/Ford_01_q_1mm/Ford_01_vox1mm-0300.ply,80078,1591560,19.875,2.452,2.917,2.295,3.17
../../dataset/Ford/test/test90/Ford_01_q_1mm/Ford_01_vox1mm-0350.ply,80688,1703304,21.11,2.581,3.071,2.423,3.244
../../dataset/Ford/test/test90/Ford_01_q_1mm/Ford_01_vox1mm-0400.ply,81999,1743560,21.263,2.644,2.984,2.447,4.342
../../dataset/Ford/test/test90/Ford_01_q_1mm/Ford_01_vox1mm-0450.ply,83283,1780152,21.375,2.69,3.263,2.483,3.474
../../dataset/Ford/test/test90/Ford_01_q_1mm/Ford_01_vox1mm-0500.ply,82541,1773072,21.481,2.681,3.124,2.505,3.391
../../dataset/Ford/test/test90/Ford_01_q_1mm/Ford_01_vox1mm-0550.ply,83421,1791488,21.475,2.654,2.883,2.486,3.073
../../dataset/Ford/test/test90/Ford_01_q_1mm/Ford_01_vox1mm-0600.ply,83046,1765352,21.258,2.648,2.901,2.461,3.141
../../dataset/Ford/test/test90/Ford_01_q_1mm/Ford_01_vox1mm-0650.ply,82474,1780928,21.594,2.662,2.997,2.498,4.106
../../dataset/Ford/test/test90/Ford_01_q_1mm/Ford_01_vox1mm-0700.ply,81373,1776528,21.832,2.809,3.327,2.594,3.518
../../dataset/Ford/test/test90/Ford_01_q_1mm/Ford_01_vox1mm-0750.ply,81320,1759344,21.635,2.781,3.419,2.553,4.712
../../dataset/Ford/test/test90/Ford_01_q_1mm/Ford_01_vox1mm-0800.ply,81326,1751608,21.538,2.752,3.161,2.537,3.403
../../dataset/Ford/test/test90/Ford_01_q_1mm/Ford_01_vox1mm-0850.ply,81903,1755072,21.429,2.757,3.182,2.569,3.438
../../dataset/Ford/test/test90/Ford_01_q_1mm/Ford_01_vox1mm-0900.ply,80431,1696312,21.09,2.757,4.355,2.63,4.057
../../dataset/Ford/test/test90/Ford_01_q_1mm/Ford_01_vox1mm-0950.ply,79137,1602552,20.25,2.483,3.04,2.31,3.259
../../dataset/Ford/test/test90/Ford_01_q_1mm/Ford_01_vox1mm-1000.ply,78492,1690888,21.542,2.531,3.331,2.346,3.525
../../dataset/Ford/test/test90/Ford_01_q_1mm/Ford_01_vox1mm-1050.ply,77820,1686240,21.668,2.577,2.915,2.408,3.45
../../dataset/Ford/test/test90/Ford_01_q_1mm/Ford_01_vox1mm-1100.ply,77655,1671344,21.523,2.528,2.824,2.341,3.317
../../dataset/Ford/test/test90/Ford_01_q_1mm/Ford_01_vox1mm-1150.ply,77953,1674112,21.476,2.603,3.043,2.395,3.163
../../dataset/Ford/test/test90/Ford_01_q_1mm/Ford_01_vox1mm-1200.ply,80493,1609928,20.001,2.5,3.256,2.336,3.79
../../dataset/Ford/test/test90/Ford_01_q_1mm/Ford_01_vox1mm-1250.ply,82605,1660168,20.098,2.548,2.86,2.364,3.472
../../dataset/Ford/test/test90/Ford_01_q_1mm/Ford_01_vox1mm-1300.ply,83833,1810896,21.601,2.614,3.012,2.425,4.233
../../dataset/Ford/test/test90/Ford_01_q_1mm/Ford_01_vox1mm-1350.ply,87680,1873128,21.363,2.729,3.478,2.548,3.43
../../dataset/Ford/test/test90/Ford_01_q_1mm/Ford_01_vox1mm-1400.ply,91339,1845448,20.204,2.647,3.022,2.484,3.259
../../dataset/Ford/test/test90/Ford_01_q_1mm/Ford_01_vox1mm-1450.ply,91749,1926344,20.996,2.706,3.067,2.489,4.42
../../dataset/Ford/test/test90/Ford_01_q_1mm/Ford_01_vox1mm-1500.ply,89860,1824608,20.305,2.63,3.129,2.439,3.361
../../dataset/Ford/test/test90/Ford_01_q_1mm/Ford_01_vox1mm-1550.ply,91760,1862496,20.297,2.678,2.983,2.496,3.422
../../dataset/Ford/test/test90/Ford_02_q_1mm/Ford_02_vox1mm-0100.ply,79882,1674272,20.959,2.552,2.977,2.396,3.102
../../dataset/Ford/test/test90/Ford_02_q_1mm/Ford_02_vox1mm-0150.ply,80408,1685152,20.958,2.511,2.887,2.347,3.168
../../dataset/Ford/test/test90/Ford_02_q_1mm/Ford_02_vox1mm-0200.ply,80405,1708840,21.253,2.64,2.935,2.475,3.074
../../dataset/Ford/test/test90/Ford_02_q_1mm/Ford_02_vox1mm-0250.ply,80090,1673264,20.892,2.559,3.437,2.371,3.507
../../dataset/Ford/test/test90/Ford_02_q_1mm/Ford_02_vox1mm-0300.ply,81779,1725152,21.095,2.613,3.11,2.414,3.232
../../dataset/Ford/test/test90/Ford_02_q_1mm/Ford_02_vox1mm-0350.ply,84416,1833648,21.722,2.687,3.06,2.514,3.317
../../dataset/Ford/test/test90/Ford_02_q_1mm/Ford_02_vox1mm-0400.ply,88265,1848712,20.945,2.681,3.562,2.484,3.512
../../dataset/Ford/test/test90/Ford_02_q_1mm/Ford_02_vox1mm-0450.ply,85438,1826584,21.379,2.662,3.103,2.531,3.488
../../dataset/Ford/test/test90/Ford_02_q_1mm/Ford_02_vox1mm-0500.ply,87803,1822400,20.756,2.676,4.59,2.476,3.848
../../dataset/Ford/test/test90/Ford_02_q_1mm/Ford_02_vox1mm-0550.ply,90312,1798440,19.914,2.644,2.995,2.442,4.594
../../dataset/Ford/test/test90/Ford_02_q_1mm/Ford_02_vox1mm-0600.ply,86801,1753944,20.206,2.62,3.139,2.425,3.83
../../dataset/Ford/test/test90/Ford_02_q_1mm/Ford_02_vox1mm-0650.ply,85952,1815968,21.128,2.703,3.306,2.467,3.356
../../dataset/Ford/test/test90/Ford_02_q_1mm/Ford_02_vox1mm-0700.ply,84162,1708664,20.302,2.569,3.622,2.38,3.519
../../dataset/Ford/test/test90/Ford_02_q_1mm/Ford_02_vox1mm-0750.ply,85594,1749792,20.443,2.574,3.229,2.404,3.324
../../dataset/Ford/test/test90/Ford_02_q_1mm/Ford_02_vox1mm-0800.ply,80156,1699184,21.198,2.606,3.549,2.44,3.525
../../dataset/Ford/test/test90/Ford_02_q_1mm/Ford_02_vox1mm-0850.ply,82655,1664408,20.137,2.573,2.984,2.379,3.189
../../dataset/Ford/test/test90/Ford_02_q_1mm/Ford_02_vox1mm-0900.ply,80958,1671736,20.649,2.54,2.884,2.368,3.158
../../dataset/Ford/test/test90/Ford_02_q_1mm/Ford_02_vox1mm-0950.ply,82289,1697032,20.623,2.568,3.022,2.404,3.155
../../dataset/Ford/test/test90/Ford_02_q_1mm/Ford_02_vox1mm-1000.ply,81797,1686928,20.623,2.6,3.391,2.414,3.549
../../dataset/Ford/test/test90/Ford_02_q_1mm/Ford_02_vox1mm-1050.ply,82830,1706520,20.603,2.552,2.849,2.387,3.258
../../dataset/Ford/test/test90/Ford_02_q_1mm/Ford_02_vox1mm-1100.ply,90449,1723008,19.049,2.582,2.867,2.422,3.02
../../dataset/Ford/test/test90/Ford_02_q_1mm/Ford_02_vox1mm-1150.ply,91210,1787496,19.598,2.654,3.108,2.495,3.405
../../dataset/Ford/test/test90/Ford_02_q_1mm/Ford_02_vox1mm-1200.ply,84857,1765168,20.802,2.718,4.58,2.494,3.673
../../dataset/Ford/test/test90/Ford_02_q_1mm/Ford_02_vox1mm-1250.ply,88667,1797496,20.272,2.627,2.958,2.458,3.435
../../dataset/Ford/test/test90/Ford_02_q_1mm/Ford_02_vox1mm-1300.ply,83771,1702352,20.321,2.569,2.937,2.421,3.352
../../dataset/Ford/test/test90/Ford_02_q_1mm/Ford_02_vox1mm-1350.ply,82473,1735472,21.043,2.736,3.083,2.552,3.714
../../dataset/Ford/test/test90/Ford_02_q_1mm/Ford_02_vox1mm-1400.ply,79883,1713960,21.456,2.618,2.837,2.431,2.941
../../dataset/Ford/test/test90/Ford_02_q_1mm/Ford_02_vox1mm-1450.ply,80333,1723544,21.455,2.639,3.051,2.441,2.998
../../dataset/Ford/test/test90/Ford_02_q_1mm/Ford_02_vox1mm-1500.ply,80402,1722888,21.428,2.627,2.975,2.471,2.962
../../dataset/Ford/test/test90/Ford_02_q_1mm/Ford_02_vox1mm-1550.ply,80300,1720592,21.427,2.694,3.016,2.483,2.934
../../dataset/Ford/test/test90/Ford_03_q_1mm/Ford_03_vox1mm-0200.ply,87590,1863656,21.277,2.711,2.955,2.528,3.04
../../dataset/Ford/test/test90/Ford_03_q_1mm/Ford_03_vox1mm-0250.ply,87607,1896280,21.645,2.792,3.122,2.596,3.086
../../dataset/Ford/test/test90/Ford_03_q_1mm/Ford_03_vox1mm-0300.ply,81985,1736568,21.182,2.651,2.882,2.464,2.98
../../dataset/Ford/test/test90/Ford_03_q_1mm/Ford_03_vox1mm-0350.ply,89103,1888384,21.193,2.659,2.869,2.48,3.007
../../dataset/Ford/test/test90/Ford_03_q_1mm/Ford_03_vox1mm-0400.ply,89414,1966896,21.998,2.792,2.998,2.585,3.001
../../dataset/Ford/test/test90/Ford_03_q_1mm/Ford_03_vox1mm-0450.ply,87138,1916440,21.993,2.787,3.08,2.613,3.182
../../dataset/Ford/test/test90/Ford_03_q_1mm/Ford_03_vox1mm-0500.ply,92885,1946336,20.954,2.74,2.928,2.541,2.957
../../dataset/Ford/test/test90/Ford_03_q_1mm/Ford_03_vox1mm-0550.ply,87524,1941176,22.179,2.702,2.874,2.515,2.955
../../dataset/Ford/test/test90/Ford_03_q_1mm/Ford_03_vox1mm-0600.ply,86928,1806512,20.782,2.637,2.904,2.466,3.008
../../dataset/Ford/test/test90/Ford_03_q_1mm/Ford_03_vox1mm-0650.ply,85577,1778456,20.782,2.705,3.028,2.529,3.084
../../dataset/Ford/test/test90/Ford_03_q_1mm/Ford_03_vox1mm-0700.ply,86652,1792864,20.69,2.63,2.844,2.436,2.882
../../dataset/Ford/test/test90/Ford_03_q_1mm/Ford_03_vox1mm-0750.ply,88674,1930960,21.776,2.752,3.131,2.547,3.168
../../dataset/Ford/test/test90/Ford_03_q_1mm/Ford_03_vox1mm-0800.ply,84589,1895000,22.402,2.772,3.28,2.576,3.418
../../dataset/Ford/test/test90/Ford_03_q_1mm/Ford_03_vox1mm-0850.ply,84559,1910720,22.596,2.814,3.112,2.608,3.162
../../dataset/Ford/test/test90/Ford_03_q_1mm/Ford_03_vox1mm-0900.ply,83949,1869152,22.265,2.714,2.927,2.528,2.943
../../dataset/Ford/test/test90/Ford_03_q_1mm/Ford_03_vox1mm-0950.ply,84425,1861744,22.052,2.743,2.986,2.568,3.113
../../dataset/Ford/test/test90/Ford_03_q_1mm/Ford_03_vox1mm-1000.ply,83372,1834584,22.005,2.725,2.984,2.522,3.026
../../dataset/Ford/test/test90/Ford_03_q_1mm/Ford_03_vox1mm-1050.ply,82753,1805536,21.818,2.673,2.917,2.496,3.231
../../dataset/Ford/test/test90/Ford_03_q_1mm/Ford_03_vox1mm-1100.ply,82734,1800872,21.767,2.702,3.16,2.503,3.954
../../dataset/Ford/test/test90/Ford_03_q_1mm/Ford_03_vox1mm-1150.ply,78406,1706792,21.769,2.687,3.042,2.472,3.344
../../dataset/Ford/test/test90/Ford_03_q_1mm/Ford_03_vox1mm-1200.ply,81694,1801880,22.056,2.677,3.092,2.483,3.059
../../dataset/Ford/test/test90/Ford_03_q_1mm/Ford_03_vox1mm-1250.ply,80072,1779240,22.221,2.673,3.052,2.47,3.302
../../dataset/Ford/test/test90/Ford_03_q_1mm/Ford_03_vox1mm-1300.ply,84276,1862264,22.097,2.706,2.998,2.545,3.085
../../dataset/Ford/test/test90/Ford_03_q_1mm/Ford_03_vox1mm-1350.ply,83467,1830544,21.931,2.741,2.961,2.502,3.115
../../dataset/Ford/test/test90/Ford_03_q_1mm/Ford_03_vox1mm-1400.ply,83709,1839448,21.974,2.7,2.895,2.539,2.935
../../dataset/Ford/test/test90/Ford_03_q_1mm/Ford_03_vox1mm-1450.ply,81658,1775208,21.74,2.663,2.971,2.483,3.112
../../dataset/Ford/test/test90/Ford_03_q_1mm/Ford_03_vox1mm-1500.ply,75453,1616792,21.428,2.58,2.852,2.407,2.976
../../dataset/Ford/test/test90/Ford_03_q_1mm/Ford_03_vox1mm-1550.ply,79814,1679672,21.045,2.526,3.012,2.36,3.057
../../dataset/Ford/test/test90/Ford_03_q_1mm/Ford_03_vox1mm-1600.ply,78056,1654872,21.201,2.591,2.884,2.422,3.069
../../dataset/Ford/test/test90/Ford_03_q_1mm/Ford_03_vox1mm-1650.ply,79627,1692888,21.26,2.631,3.03,2.497,2.976
