filedir,num_points_raw,file_size,bpp,enc_time,all_enc_time,dec_time,all_dec_time
../../dataset/sparsepcgc_testdata/KITTI_q2cm/11/velodyne/000000.ply,121888,631272,5.179,1.713,1.826,1.542,2.388
../../dataset/sparsepcgc_testdata/KITTI_q2cm/11/velodyne/000050.ply,115823,735336,6.349,1.687,1.813,1.611,2.195
../../dataset/sparsepcgc_testdata/KITTI_q2cm/11/velodyne/000100.ply,117860,694544,5.893,1.722,1.951,1.609,2.052
../../dataset/sparsepcgc_testdata/KITTI_q2cm/11/velodyne/000150.ply,117018,674536,5.764,1.675,1.904,1.554,2.236
../../dataset/sparsepcgc_testdata/KITTI_q2cm/11/velodyne/000200.ply,120443,648488,5.384,1.704,2.125,1.576,2.125
../../dataset/sparsepcgc_testdata/KITTI_q2cm/11/velodyne/000250.ply,115068,647392,5.626,1.647,1.82,1.514,1.902
../../dataset/sparsepcgc_testdata/KITTI_q2cm/11/velodyne/000300.ply,121516,669984,5.514,1.687,1.949,1.591,2.019
../../dataset/sparsepcgc_testdata/KITTI_q2cm/11/velodyne/000350.ply,115766,603264,5.211,1.635,1.802,1.521,1.957
../../dataset/sparsepcgc_testdata/KITTI_q2cm/11/velodyne/000400.ply,122553,637168,5.199,1.743,1.944,1.641,2.115
../../dataset/sparsepcgc_testdata/KITTI_q2cm/11/velodyne/000450.ply,118351,722824,6.107,1.765,1.979,1.644,2.202
../../dataset/sparsepcgc_testdata/KITTI_q2cm/12/velodyne/000000.ply,111953,818496,7.311,1.864,2.594,1.692,2.121
../../dataset/sparsepcgc_testdata/KITTI_q2cm/12/velodyne/000050.ply,105170,868848,8.261,1.884,2.071,1.728,2.277
../../dataset/sparsepcgc_testdata/KITTI_q2cm/12/velodyne/000100.ply,113480,924480,8.147,1.898,2.496,1.754,2.261
../../dataset/sparsepcgc_testdata/KITTI_q2cm/12/velodyne/000150.ply,120024,887784,7.397,1.83,2.284,1.715,2.166
../../dataset/sparsepcgc_testdata/KITTI_q2cm/12/velodyne/000200.ply,123164,913784,7.419,1.839,2.314,1.71,2.219
../../dataset/sparsepcgc_testdata/KITTI_q2cm/12/velodyne/000250.ply,123709,968744,7.831,1.885,2.071,1.726,2.234
../../dataset/sparsepcgc_testdata/KITTI_q2cm/12/velodyne/000300.ply,122609,963184,7.856,1.882,2.323,1.742,2.197
../../dataset/sparsepcgc_testdata/KITTI_q2cm/12/velodyne/000350.ply,122897,973304,7.92,1.905,2.123,1.782,2.28
../../dataset/sparsepcgc_testdata/KITTI_q2cm/12/velodyne/000400.ply,120995,873960,7.223,1.793,2.511,1.665,2.132
../../dataset/sparsepcgc_testdata/KITTI_q2cm/12/velodyne/000450.ply,119218,912584,7.655,1.903,2.096,1.761,2.293
../../dataset/sparsepcgc_testdata/KITTI_q2cm/13/velodyne/000000.ply,117391,641328,5.463,1.736,2.369,1.629,2.061
../../dataset/sparsepcgc_testdata/KITTI_q2cm/13/velodyne/000050.ply,103941,512360,4.929,1.568,1.775,1.446,2.389
../../dataset/sparsepcgc_testdata/KITTI_q2cm/13/velodyne/000100.ply,96593,482872,4.999,1.513,1.723,1.401,1.776
../../dataset/sparsepcgc_testdata/KITTI_q2cm/13/velodyne/000150.ply,113968,645272,5.662,1.697,2.228,1.578,1.975
../../dataset/sparsepcgc_testdata/KITTI_q2cm/13/velodyne/000200.ply,105605,484288,4.586,1.564,1.691,1.45,2.422
../../dataset/sparsepcgc_testdata/KITTI_q2cm/13/velodyne/000250.ply,108308,508896,4.699,1.557,1.729,1.464,2.116
../../dataset/sparsepcgc_testdata/KITTI_q2cm/13/velodyne/000300.ply,103611,476960,4.603,1.572,2.006,1.345,1.747
../../dataset/sparsepcgc_testdata/KITTI_q2cm/13/velodyne/000350.ply,119171,654072,5.489,1.574,1.777,1.501,1.879
../../dataset/sparsepcgc_testdata/KITTI_q2cm/13/velodyne/000400.ply,97970,462192,4.718,1.377,1.584,1.315,1.688
../../dataset/sparsepcgc_testdata/KITTI_q2cm/13/velodyne/000450.ply,96637,463168,4.793,1.393,1.534,1.322,1.663
../../dataset/sparsepcgc_testdata/KITTI_q2cm/14/velodyne/000000.ply,116989,817712,6.99,1.688,1.876,1.6,1.996
../../dataset/sparsepcgc_testdata/KITTI_q2cm/14/velodyne/000050.ply,107012,659536,6.163,1.654,1.885,1.517,1.916
../../dataset/sparsepcgc_testdata/KITTI_q2cm/14/velodyne/000100.ply,122568,749440,6.114,1.709,1.916,1.59,2.266
../../dataset/sparsepcgc_testdata/KITTI_q2cm/14/velodyne/000150.ply,123024,772856,6.282,1.836,2.547,1.708,2.188
../../dataset/sparsepcgc_testdata/KITTI_q2cm/14/velodyne/000200.ply,121443,781400,6.434,1.82,2.13,1.675,2.166
../../dataset/sparsepcgc_testdata/KITTI_q2cm/14/velodyne/000250.ply,123306,877824,7.119,1.902,2.446,1.763,2.28
../../dataset/sparsepcgc_testdata/KITTI_q2cm/14/velodyne/000300.ply,123245,851808,6.912,1.845,2.068,1.708,2.286
../../dataset/sparsepcgc_testdata/KITTI_q2cm/14/velodyne/000350.ply,124318,870912,7.006,1.636,1.87,1.561,2.014
../../dataset/sparsepcgc_testdata/KITTI_q2cm/14/velodyne/000400.ply,123633,863712,6.986,1.653,1.901,1.559,2.033
../../dataset/sparsepcgc_testdata/KITTI_q2cm/14/velodyne/000450.ply,123366,841336,6.82,1.88,2.049,1.748,2.262
../../dataset/sparsepcgc_testdata/KITTI_q2cm/15/velodyne/000000.ply,120598,701424,5.816,1.727,2.408,1.623,2.07
../../dataset/sparsepcgc_testdata/KITTI_q2cm/15/velodyne/000050.ply,116219,618472,5.322,1.667,1.856,1.558,2.208
../../dataset/sparsepcgc_testdata/KITTI_q2cm/15/velodyne/000100.ply,85956,508328,5.914,1.515,1.749,1.378,1.815
../../dataset/sparsepcgc_testdata/KITTI_q2cm/15/velodyne/000150.ply,117220,670904,5.723,1.677,2.221,1.564,2.049
../../dataset/sparsepcgc_testdata/KITTI_q2cm/15/velodyne/000200.ply,119558,658712,5.51,1.663,1.96,1.55,2.191
../../dataset/sparsepcgc_testdata/KITTI_q2cm/15/velodyne/000250.ply,115225,688232,5.973,1.71,1.873,1.493,1.841
../../dataset/sparsepcgc_testdata/KITTI_q2cm/15/velodyne/000300.ply,119498,705624,5.905,1.594,1.91,1.556,2.004
../../dataset/sparsepcgc_testdata/KITTI_q2cm/15/velodyne/000350.ply,113725,786024,6.912,1.87,2.029,1.704,2.258
../../dataset/sparsepcgc_testdata/KITTI_q2cm/15/velodyne/000400.ply,112835,811120,7.189,1.842,2.069,1.701,2.13
../../dataset/sparsepcgc_testdata/KITTI_q2cm/15/velodyne/000450.ply,115654,781464,6.757,1.839,2.092,1.705,2.683
../../dataset/sparsepcgc_testdata/KITTI_q2cm/16/velodyne/000000.ply,122418,680752,5.561,1.731,1.868,1.604,2.073
../../dataset/sparsepcgc_testdata/KITTI_q2cm/16/velodyne/000050.ply,119453,670576,5.614,1.73,1.96,1.617,2.129
../../dataset/sparsepcgc_testdata/KITTI_q2cm/16/velodyne/000100.ply,119027,672032,5.646,1.759,2.023,1.619,2.118
../../dataset/sparsepcgc_testdata/KITTI_q2cm/16/velodyne/000150.ply,119139,606480,5.091,1.543,1.769,1.464,1.915
../../dataset/sparsepcgc_testdata/KITTI_q2cm/16/velodyne/000200.ply,118532,707512,5.969,1.663,1.963,1.574,1.975
../../dataset/sparsepcgc_testdata/KITTI_q2cm/16/velodyne/000250.ply,113533,666440,5.87,1.627,1.863,1.546,2.13
../../dataset/sparsepcgc_testdata/KITTI_q2cm/16/velodyne/000300.ply,118278,705512,5.965,1.683,1.895,1.648,2.227
../../dataset/sparsepcgc_testdata/KITTI_q2cm/16/velodyne/000350.ply,114601,664912,5.802,1.738,1.935,1.597,2.016
../../dataset/sparsepcgc_testdata/KITTI_q2cm/16/velodyne/000400.ply,118487,684928,5.781,1.837,2.063,1.702,2.193
../../dataset/sparsepcgc_testdata/KITTI_q2cm/16/velodyne/000450.ply,120787,680936,5.637,1.809,2.594,1.67,2.078
../../dataset/sparsepcgc_testdata/KITTI_q2cm/17/velodyne/000000.ply,115121,887424,7.709,1.902,2.241,1.76,2.17
../../dataset/sparsepcgc_testdata/KITTI_q2cm/17/velodyne/000050.ply,106467,865680,8.131,1.881,2.236,1.74,2.119
../../dataset/sparsepcgc_testdata/KITTI_q2cm/17/velodyne/000100.ply,110668,877424,7.928,1.906,2.119,1.759,2.199
../../dataset/sparsepcgc_testdata/KITTI_q2cm/17/velodyne/000150.ply,117795,898592,7.628,1.843,2.527,1.693,2.191
../../dataset/sparsepcgc_testdata/KITTI_q2cm/17/velodyne/000200.ply,113770,923328,8.116,1.962,2.231,1.807,2.31
../../dataset/sparsepcgc_testdata/KITTI_q2cm/17/velodyne/000250.ply,113848,905344,7.952,1.969,2.31,1.814,2.373
../../dataset/sparsepcgc_testdata/KITTI_q2cm/17/velodyne/000300.ply,108951,807040,7.407,1.841,2.072,1.697,2.159
../../dataset/sparsepcgc_testdata/KITTI_q2cm/17/velodyne/000350.ply,110644,765712,6.921,1.892,2.051,1.745,2.739
../../dataset/sparsepcgc_testdata/KITTI_q2cm/17/velodyne/000400.ply,108253,603208,5.572,1.747,2.156,1.616,2.174
../../dataset/sparsepcgc_testdata/KITTI_q2cm/17/velodyne/000450.ply,101774,562792,5.53,1.726,1.958,1.49,1.822
../../dataset/sparsepcgc_testdata/KITTI_q2cm/18/velodyne/000000.ply,118489,554008,4.676,1.476,1.642,1.422,2.311
../../dataset/sparsepcgc_testdata/KITTI_q2cm/18/velodyne/000050.ply,119880,637296,5.316,1.658,1.896,1.563,1.96
../../dataset/sparsepcgc_testdata/KITTI_q2cm/18/velodyne/000100.ply,120415,672208,5.582,1.686,2.069,1.576,1.95
../../dataset/sparsepcgc_testdata/KITTI_q2cm/18/velodyne/000150.ply,117827,667776,5.667,1.571,1.75,1.49,2.346
../../dataset/sparsepcgc_testdata/KITTI_q2cm/18/velodyne/000200.ply,116609,602664,5.168,1.641,1.902,1.521,1.946
../../dataset/sparsepcgc_testdata/KITTI_q2cm/18/velodyne/000250.ply,117359,567024,4.832,1.64,1.922,1.524,2.005
../../dataset/sparsepcgc_testdata/KITTI_q2cm/18/velodyne/000300.ply,114097,644480,5.649,1.724,1.944,1.597,2.193
../../dataset/sparsepcgc_testdata/KITTI_q2cm/18/velodyne/000350.ply,114783,608504,5.301,1.704,1.979,1.592,2.094
../../dataset/sparsepcgc_testdata/KITTI_q2cm/18/velodyne/000400.ply,107960,492472,4.562,1.569,1.865,1.368,1.728
../../dataset/sparsepcgc_testdata/KITTI_q2cm/18/velodyne/000450.ply,104998,458968,4.371,1.411,1.57,1.344,1.652
../../dataset/sparsepcgc_testdata/KITTI_q2cm/19/velodyne/000000.ply,118521,704256,5.942,1.66,1.914,1.57,2.028
../../dataset/sparsepcgc_testdata/KITTI_q2cm/19/velodyne/000050.ply,117774,699224,5.937,1.817,1.989,1.684,2.197
../../dataset/sparsepcgc_testdata/KITTI_q2cm/19/velodyne/000100.ply,109774,567840,5.173,1.668,1.913,1.565,1.969
../../dataset/sparsepcgc_testdata/KITTI_q2cm/19/velodyne/000150.ply,117724,557616,4.737,1.652,1.867,1.508,2.018
../../dataset/sparsepcgc_testdata/KITTI_q2cm/19/velodyne/000200.ply,113308,592024,5.225,1.674,1.826,1.554,2.026
../../dataset/sparsepcgc_testdata/KITTI_q2cm/19/velodyne/000250.ply,112687,589440,5.231,1.66,2.0,1.546,2.036
../../dataset/sparsepcgc_testdata/KITTI_q2cm/19/velodyne/000300.ply,107094,503480,4.701,1.562,1.74,1.452,2.353
../../dataset/sparsepcgc_testdata/KITTI_q2cm/19/velodyne/000350.ply,115850,565328,4.88,1.696,1.913,1.584,2.148
../../dataset/sparsepcgc_testdata/KITTI_q2cm/19/velodyne/000400.ply,113277,579448,5.115,1.66,1.867,1.525,1.957
../../dataset/sparsepcgc_testdata/KITTI_q2cm/19/velodyne/000450.ply,116401,642816,5.522,1.695,1.901,1.566,2.126
../../dataset/sparsepcgc_testdata/KITTI_q2cm/20/velodyne/000000.ply,112252,715728,6.376,1.749,2.007,1.623,2.156
../../dataset/sparsepcgc_testdata/KITTI_q2cm/20/velodyne/000050.ply,112844,723912,6.415,1.824,2.102,1.703,2.806
../../dataset/sparsepcgc_testdata/KITTI_q2cm/20/velodyne/000100.ply,112199,733872,6.541,1.765,1.98,1.632,2.081
../../dataset/sparsepcgc_testdata/KITTI_q2cm/20/velodyne/000150.ply,106469,711232,6.68,1.735,1.93,1.622,2.542
../../dataset/sparsepcgc_testdata/KITTI_q2cm/20/velodyne/000200.ply,115154,745320,6.472,1.847,2.091,1.701,2.185
../../dataset/sparsepcgc_testdata/KITTI_q2cm/20/velodyne/000250.ply,114269,726840,6.361,1.727,1.901,1.61,2.104
../../dataset/sparsepcgc_testdata/KITTI_q2cm/20/velodyne/000300.ply,113182,691024,6.105,1.598,1.825,1.471,2.058
../../dataset/sparsepcgc_testdata/KITTI_q2cm/20/velodyne/000350.ply,111552,745088,6.679,1.685,1.933,1.605,1.986
../../dataset/sparsepcgc_testdata/KITTI_q2cm/20/velodyne/000400.ply,111162,815408,7.335,1.68,1.845,1.607,1.963
../../dataset/sparsepcgc_testdata/KITTI_q2cm/20/velodyne/000450.ply,117423,825336,7.029,1.705,1.955,1.607,2.31
../../dataset/sparsepcgc_testdata/KITTI_q2cm/21/velodyne/000000.ply,119055,799864,6.718,1.908,2.684,1.793,2.203
../../dataset/sparsepcgc_testdata/KITTI_q2cm/21/velodyne/000050.ply,119386,737456,6.177,1.829,2.032,1.698,2.252
../../dataset/sparsepcgc_testdata/KITTI_q2cm/21/velodyne/000100.ply,121115,770432,6.361,1.797,2.457,1.671,2.11
../../dataset/sparsepcgc_testdata/KITTI_q2cm/21/velodyne/000150.ply,123320,765304,6.206,1.834,2.058,1.697,2.162
../../dataset/sparsepcgc_testdata/KITTI_q2cm/21/velodyne/000200.ply,120643,819504,6.793,1.859,2.587,1.688,2.191
../../dataset/sparsepcgc_testdata/KITTI_q2cm/21/velodyne/000250.ply,117719,714464,6.069,1.834,2.094,1.704,2.176
../../dataset/sparsepcgc_testdata/KITTI_q2cm/21/velodyne/000300.ply,116756,706984,6.055,1.759,2.38,1.638,2.108
../../dataset/sparsepcgc_testdata/KITTI_q2cm/21/velodyne/000350.ply,116492,744480,6.391,1.776,2.044,1.662,2.124
../../dataset/sparsepcgc_testdata/KITTI_q2cm/21/velodyne/000400.ply,116589,777152,6.666,1.888,2.069,1.759,2.259
../../dataset/sparsepcgc_testdata/KITTI_q2cm/21/velodyne/000450.ply,116971,757704,6.478,1.894,2.244,1.757,2.478
