filedir,posQuantscale,num_points_raw,num_points,file_size,bpp,enc_time,enc_time_user,enc_time_wall,dec_time,dec_time_user,dec_time_wall
/home/temp/wjq/dataset/Microsoft/origin/ricardo10/plyfile/frame0000.ply,1,960703,960703,1020592,1.062339,5.668,4.648,5.645,3.493,1.18,3.467
/home/temp/wjq/dataset/Microsoft/origin/ricardo10/plyfile/frame0001.ply,1,952178,952178,1014576,1.065532,5.65,4.59,5.625,3.508,1.177,3.48
/home/temp/wjq/dataset/Microsoft/origin/ricardo10/plyfile/frame0002.ply,1,949129,949129,1007528,1.061529,5.611,4.554,5.587,3.447,1.192,3.419
/home/temp/wjq/dataset/Microsoft/origin/ricardo10/plyfile/frame0003.ply,1,954852,954852,1017528,1.065639,5.584,4.576,5.559,3.46,1.161,3.432
/home/temp/wjq/dataset/Microsoft/origin/ricardo10/plyfile/frame0004.ply,1,959854,959854,1019616,1.062262,5.638,4.629,5.613,3.482,1.188,3.455
/home/temp/wjq/dataset/Microsoft/origin/ricardo10/plyfile/frame0005.ply,1,959889,959889,1023496,1.066265,5.902,4.573,5.875,3.434,1.16,3.409
/home/temp/wjq/dataset/Microsoft/origin/ricardo10/plyfile/frame0006.ply,1,953156,953156,1012752,1.062525,5.622,4.579,5.597,3.62,1.181,3.598
/home/temp/wjq/dataset/Microsoft/origin/ricardo10/plyfile/frame0007.ply,1,947112,947112,1003896,1.059955,5.589,4.56,5.564,3.38,1.138,3.353
/home/temp/wjq/dataset/Microsoft/origin/ricardo10/plyfile/frame0008.ply,1,960368,960368,1016296,1.058236,5.662,4.641,5.636,3.56,1.175,3.534
/home/temp/wjq/dataset/Microsoft/origin/ricardo10/plyfile/frame0009.ply,1,958061,958061,1017784,1.062337,5.712,4.609,5.687,3.475,1.183,3.446
/home/temp/wjq/dataset/Microsoft/origin/ricardo10/plyfile/frame0010.ply,1,956482,956482,1013480,1.059591,5.636,4.572,5.61,3.461,1.174,3.436
/home/temp/wjq/dataset/Microsoft/origin/ricardo10/plyfile/frame0011.ply,1,955417,955417,1014576,1.06192,5.643,4.59,5.618,3.496,1.176,3.469
/home/temp/wjq/dataset/Microsoft/origin/ricardo10/plyfile/frame0012.ply,1,958615,958615,1018944,1.062934,5.667,4.588,5.641,3.498,1.151,3.471
/home/temp/wjq/dataset/Microsoft/origin/ricardo10/plyfile/frame0013.ply,1,959478,959478,1022952,1.066155,5.687,4.615,5.654,3.503,1.163,3.476
/home/temp/wjq/dataset/Microsoft/origin/ricardo10/plyfile/frame0014.ply,1,967615,967615,1029784,1.06425,5.736,4.666,5.711,3.512,1.192,3.486
/home/temp/wjq/dataset/Microsoft/origin/ricardo10/plyfile/frame0015.ply,1,961783,961783,1024632,1.065346,5.677,4.632,5.657,3.504,1.149,3.48
/home/temp/wjq/dataset/Microsoft/origin/ricardo10/plyfile/frame0016.ply,1,965612,965612,1026552,1.06311,5.696,4.665,5.674,3.536,1.176,3.51
/home/temp/wjq/dataset/Microsoft/origin/ricardo10/plyfile/frame0017.ply,1,958200,958200,1021040,1.065581,5.655,4.605,5.633,3.472,1.171,3.443
/home/temp/wjq/dataset/Microsoft/origin/ricardo10/plyfile/frame0018.ply,1,955097,955097,1015144,1.06287,5.642,4.621,5.617,3.41,1.152,3.385
/home/temp/wjq/dataset/Microsoft/origin/ricardo10/plyfile/frame0019.ply,1,960959,960959,1023504,1.065086,5.647,4.618,5.622,3.509,1.198,3.482
/home/temp/wjq/dataset/Microsoft/origin/ricardo10/plyfile/frame0020.ply,1,958187,958187,1017080,1.061463,5.662,4.616,5.637,3.49,1.155,3.462
/home/temp/wjq/dataset/Microsoft/origin/ricardo10/plyfile/frame0021.ply,1,963526,963526,1024608,1.063394,5.689,4.646,5.663,3.489,1.19,3.461
/home/temp/wjq/dataset/Microsoft/origin/ricardo10/plyfile/frame0022.ply,1,972887,972887,1036400,1.065283,5.759,4.671,5.734,3.457,1.175,3.43
/home/temp/wjq/dataset/Microsoft/origin/ricardo10/plyfile/frame0023.ply,1,965423,965423,1025592,1.062324,5.683,4.653,5.661,3.493,1.18,3.468
/home/temp/wjq/dataset/Microsoft/origin/ricardo10/plyfile/frame0024.ply,1,958172,958172,1015496,1.059826,5.652,4.592,5.627,3.458,1.164,3.43
/home/temp/wjq/dataset/Microsoft/origin/ricardo10/plyfile/frame0025.ply,1,959318,959318,1016368,1.059469,5.637,4.629,5.61,3.465,1.179,3.441
/home/temp/wjq/dataset/Microsoft/origin/ricardo10/plyfile/frame0026.ply,1,948051,948051,1000968,1.055817,5.572,4.552,5.543,3.459,1.179,3.431
/home/temp/wjq/dataset/Microsoft/origin/ricardo10/plyfile/frame0027.ply,1,941611,941611,989440,1.050795,5.567,4.525,5.542,3.398,1.149,3.371
/home/temp/wjq/dataset/Microsoft/origin/ricardo10/plyfile/frame0028.ply,1,929885,929885,973944,1.047381,5.525,4.465,5.502,3.329,1.114,3.304
/home/temp/wjq/dataset/Microsoft/origin/ricardo10/plyfile/frame0029.ply,1,923523,923523,961496,1.041118,5.472,4.449,5.446,3.359,1.116,3.333
/home/temp/wjq/dataset/Microsoft/origin/ricardo10/plyfile/frame0030.ply,1,923347,923347,970352,1.050907,5.864,4.427,5.84,3.35,1.141,3.319
/home/temp/wjq/dataset/Microsoft/origin/ricardo10/plyfile/frame0031.ply,1,927066,927066,967224,1.043317,5.475,4.46,5.452,3.439,1.127,3.411
/home/temp/wjq/dataset/Microsoft/origin/ricardo10/plyfile/frame0032.ply,1,921419,921419,967264,1.049755,5.455,4.482,5.43,3.349,1.098,3.324
/home/temp/wjq/dataset/Microsoft/origin/ricardo10/plyfile/frame0033.ply,1,926468,926468,963072,1.039509,5.467,4.473,5.442,3.333,1.123,3.31
/home/temp/wjq/dataset/Microsoft/origin/ricardo10/plyfile/frame0034.ply,1,931275,931275,984312,1.056951,5.542,4.517,5.518,3.379,1.146,3.352
/home/temp/wjq/dataset/Microsoft/origin/ricardo10/plyfile/frame0035.ply,1,918635,918635,956864,1.041615,5.405,4.428,5.38,3.359,1.145,3.333
/home/temp/wjq/dataset/Microsoft/origin/ricardo10/plyfile/frame0036.ply,1,930133,930133,972704,1.045769,5.479,4.482,5.451,3.351,1.108,3.327
/home/temp/wjq/dataset/Microsoft/origin/ricardo10/plyfile/frame0037.ply,1,918173,918173,953032,1.037966,5.408,4.415,5.386,3.295,1.096,3.271
/home/temp/wjq/dataset/Microsoft/origin/ricardo10/plyfile/frame0038.ply,1,923617,923617,969120,1.049266,5.416,4.449,5.391,3.422,1.151,3.383
/home/temp/wjq/dataset/Microsoft/origin/ricardo10/plyfile/frame0039.ply,1,917298,917298,953024,1.038947,5.424,4.412,5.399,3.339,1.125,3.314
/home/temp/wjq/dataset/Microsoft/origin/ricardo10/plyfile/frame0040.ply,1,930627,930627,979480,1.052495,5.526,4.478,5.5,3.368,1.137,3.342
/home/temp/wjq/dataset/Microsoft/origin/ricardo10/plyfile/frame0041.ply,1,913742,913742,954368,1.044461,5.414,4.403,5.384,3.336,1.118,3.31
/home/temp/wjq/dataset/Microsoft/origin/ricardo10/plyfile/frame0042.ply,1,924473,924473,971136,1.050475,5.45,4.443,5.427,3.37,1.152,3.342
/home/temp/wjq/dataset/Microsoft/origin/ricardo10/plyfile/frame0043.ply,1,905559,905559,943056,1.041408,5.314,4.342,5.293,3.3,1.108,3.272
/home/temp/wjq/dataset/Microsoft/origin/ricardo10/plyfile/frame0044.ply,1,904735,904735,947200,1.046936,5.351,4.353,5.329,3.29,1.138,3.264
/home/temp/wjq/dataset/Microsoft/origin/ricardo10/plyfile/frame0045.ply,1,909416,909416,948424,1.042893,5.351,4.363,5.329,3.313,1.129,3.285
/home/temp/wjq/dataset/Microsoft/origin/ricardo10/plyfile/frame0046.ply,1,909620,909620,964200,1.060003,5.359,4.371,5.338,3.392,1.13,3.365
/home/temp/wjq/dataset/Microsoft/origin/ricardo10/plyfile/frame0047.ply,1,901318,901318,946496,1.050124,5.318,4.34,5.293,3.229,1.093,3.204
/home/temp/wjq/dataset/Microsoft/origin/ricardo10/plyfile/frame0048.ply,1,907434,907434,955248,1.052691,5.386,4.372,5.361,3.323,1.126,3.297
/home/temp/wjq/dataset/Microsoft/origin/ricardo10/plyfile/frame0049.ply,1,885571,885571,927304,1.047126,5.228,4.255,5.204,3.172,1.083,3.148
/home/temp/wjq/dataset/Microsoft/origin/ricardo10/plyfile/frame0050.ply,1,901521,901521,950072,1.053855,5.304,4.356,5.279,3.26,1.114,3.234
/home/temp/wjq/dataset/Microsoft/origin/ricardo10/plyfile/frame0051.ply,1,896188,896188,939800,1.048664,5.305,4.329,5.281,3.284,1.119,3.26
/home/temp/wjq/dataset/Microsoft/origin/ricardo10/plyfile/frame0052.ply,1,891919,891919,943120,1.057405,5.321,4.311,5.296,3.244,1.118,3.218
/home/temp/wjq/dataset/Microsoft/origin/ricardo10/plyfile/frame0053.ply,1,889550,889550,935536,1.051696,5.242,4.304,5.218,3.196,1.055,3.171
/home/temp/wjq/dataset/Microsoft/origin/ricardo10/plyfile/frame0054.ply,1,904540,904540,954712,1.055467,5.299,4.353,5.275,3.254,1.083,3.228
/home/temp/wjq/dataset/Microsoft/origin/ricardo10/plyfile/frame0055.ply,1,893825,893825,938848,1.050371,5.265,4.321,5.24,3.198,1.074,3.172
/home/temp/wjq/dataset/Microsoft/origin/ricardo10/plyfile/frame0056.ply,1,900046,900046,949184,1.054595,5.382,4.376,5.357,3.259,1.095,3.233
/home/temp/wjq/dataset/Microsoft/origin/ricardo10/plyfile/frame0057.ply,1,898469,898469,945224,1.052039,5.329,4.325,5.301,3.276,1.095,3.251
/home/temp/wjq/dataset/Microsoft/origin/ricardo10/plyfile/frame0058.ply,1,895351,895351,953624,1.065084,5.312,4.319,5.287,3.318,1.132,3.279
/home/temp/wjq/dataset/Microsoft/origin/ricardo10/plyfile/frame0059.ply,1,892609,892609,944448,1.058076,5.295,4.315,5.27,3.268,1.069,3.241
/home/temp/wjq/dataset/Microsoft/origin/ricardo10/plyfile/frame0060.ply,1,903848,903848,960896,1.063117,5.362,4.344,5.33,3.294,1.119,3.268
/home/temp/wjq/dataset/Microsoft/origin/ricardo10/plyfile/frame0061.ply,1,903500,903500,953920,1.055805,5.311,4.35,5.289,3.312,1.097,3.287
/home/temp/wjq/dataset/Microsoft/origin/ricardo10/plyfile/frame0062.ply,1,909375,909375,959832,1.055485,5.397,4.391,5.373,3.274,1.122,3.247
/home/temp/wjq/dataset/Microsoft/origin/ricardo10/plyfile/frame0063.ply,1,922063,922063,982408,1.065446,5.457,4.444,5.433,3.398,1.126,3.369
/home/temp/wjq/dataset/Microsoft/origin/ricardo10/plyfile/frame0064.ply,1,981998,981998,1056448,1.075815,5.82,4.736,5.796,3.561,1.207,3.535
/home/temp/wjq/dataset/Microsoft/origin/ricardo10/plyfile/frame0065.ply,1,1044668,1044668,1132704,1.084272,6.155,5.025,6.132,3.747,1.257,3.721
/home/temp/wjq/dataset/Microsoft/origin/ricardo10/plyfile/frame0066.ply,1,1184649,1184649,1300904,1.098135,7.223,5.938,7.197,4.273,1.449,4.248
/home/temp/wjq/dataset/Microsoft/origin/ricardo10/plyfile/frame0067.ply,1,1289003,1289003,1423360,1.104233,7.834,6.485,7.812,4.618,1.561,4.595
/home/temp/wjq/dataset/Microsoft/origin/ricardo10/plyfile/frame0068.ply,1,1389266,1389266,1540672,1.108983,8.508,6.979,8.479,5.018,1.74,4.992
/home/temp/wjq/dataset/Microsoft/origin/ricardo10/plyfile/frame0069.ply,1,1423669,1423669,1601056,1.124598,8.691,7.153,8.662,5.206,1.787,5.181
/home/temp/wjq/dataset/Microsoft/origin/ricardo10/plyfile/frame0070.ply,1,1466694,1466694,1626512,1.108965,8.906,7.365,8.881,5.348,1.808,5.325
/home/temp/wjq/dataset/Microsoft/origin/ricardo10/plyfile/frame0071.ply,1,1468667,1468667,1623632,1.105514,8.921,7.382,8.894,5.304,1.829,5.273
/home/temp/wjq/dataset/Microsoft/origin/ricardo10/plyfile/frame0072.ply,1,1449437,1449437,1599856,1.103778,8.79,7.239,8.767,5.256,1.747,5.234
/home/temp/wjq/dataset/Microsoft/origin/ricardo10/plyfile/frame0073.ply,1,1438471,1438471,1589040,1.104673,8.724,7.198,8.699,5.182,1.81,5.157
/home/temp/wjq/dataset/Microsoft/origin/ricardo10/plyfile/frame0074.ply,1,1418866,1418866,1589160,1.120021,8.63,7.135,8.609,5.318,1.772,5.293
/home/temp/wjq/dataset/Microsoft/origin/ricardo10/plyfile/frame0075.ply,1,1463456,1463456,1620560,1.107351,8.838,7.31,8.815,5.274,1.819,5.248
/home/temp/wjq/dataset/Microsoft/origin/ricardo10/plyfile/frame0076.ply,1,1454905,1454905,1604328,1.102703,8.864,7.361,8.842,5.24,1.801,5.216
/home/temp/wjq/dataset/Microsoft/origin/ricardo10/plyfile/frame0077.ply,1,1469391,1469391,1615264,1.099274,8.887,7.336,8.863,5.355,1.853,5.33
/home/temp/wjq/dataset/Microsoft/origin/ricardo10/plyfile/frame0078.ply,1,1459966,1459966,1617824,1.108124,8.928,7.354,8.903,5.265,1.809,5.24
/home/temp/wjq/dataset/Microsoft/origin/ricardo10/plyfile/frame0079.ply,1,1451967,1451967,1618680,1.114819,8.807,7.281,8.782,5.225,1.802,5.199
/home/temp/wjq/dataset/Microsoft/origin/ricardo10/plyfile/frame0080.ply,1,1475797,1475797,1634304,1.107404,8.962,7.433,8.94,5.295,1.806,5.27
/home/temp/wjq/dataset/Microsoft/origin/ricardo10/plyfile/frame0081.ply,1,1484814,1484814,1654432,1.114235,8.983,7.408,8.959,5.764,1.807,5.741
/home/temp/wjq/dataset/Microsoft/origin/ricardo10/plyfile/frame0082.ply,1,1414040,1414040,1560424,1.103522,8.583,7.128,8.558,5.072,1.755,5.049
/home/temp/wjq/dataset/Microsoft/origin/ricardo10/plyfile/frame0083.ply,1,1470959,1470959,1641480,1.115925,8.924,7.374,8.899,5.316,1.814,5.291
/home/temp/wjq/dataset/Microsoft/origin/ricardo10/plyfile/frame0084.ply,1,1438796,1438796,1603440,1.114432,8.751,7.222,8.729,5.393,1.798,5.368
/home/temp/wjq/dataset/Microsoft/origin/ricardo10/plyfile/frame0085.ply,1,1447874,1447874,1615584,1.115832,8.822,7.295,8.798,5.249,1.808,5.224
/home/temp/wjq/dataset/Microsoft/origin/ricardo10/plyfile/frame0086.ply,1,1474871,1474871,1636056,1.109288,8.938,7.41,8.914,5.293,1.834,5.269
/home/temp/wjq/dataset/Microsoft/origin/ricardo10/plyfile/frame0087.ply,1,1448832,1448832,1600576,1.104735,8.84,7.24,8.813,5.289,1.839,5.264
/home/temp/wjq/dataset/Microsoft/origin/ricardo10/plyfile/frame0088.ply,1,1489816,1489816,1654464,1.110516,9.016,7.432,8.989,5.352,1.798,5.328
/home/temp/wjq/dataset/Microsoft/origin/ricardo10/plyfile/frame0089.ply,1,1487964,1487964,1662264,1.11714,9.021,7.464,8.994,5.299,1.815,5.274
/home/temp/wjq/dataset/Microsoft/origin/ricardo10/plyfile/frame0090.ply,1,1490975,1490975,1656728,1.111171,9.013,7.482,8.989,5.311,1.823,5.288
/home/temp/wjq/dataset/Microsoft/origin/ricardo10/plyfile/frame0091.ply,1,1493848,1493848,1653096,1.106603,9.079,7.497,9.057,5.392,1.84,5.363
/home/temp/wjq/dataset/Microsoft/origin/ricardo10/plyfile/frame0092.ply,1,1400977,1400977,1597816,1.140501,8.53,7.05,8.506,5.121,1.737,5.095
/home/temp/wjq/dataset/Microsoft/origin/ricardo10/plyfile/frame0093.ply,1,1335004,1335004,1509248,1.130519,8.071,6.671,8.048,4.796,1.64,4.769
/home/temp/wjq/dataset/Microsoft/origin/ricardo10/plyfile/frame0094.ply,1,1219537,1219537,1382008,1.133224,7.379,6.116,7.357,4.408,1.499,4.384
/home/temp/wjq/dataset/Microsoft/origin/ricardo10/plyfile/frame0095.ply,1,1029896,1029896,1133504,1.1006,6.051,4.956,6.027,3.672,1.233,3.646
/home/temp/wjq/dataset/Microsoft/origin/ricardo10/plyfile/frame0096.ply,1,942890,942890,1017208,1.078819,5.535,4.534,5.512,3.439,1.126,3.414
/home/temp/wjq/dataset/Microsoft/origin/ricardo10/plyfile/frame0097.ply,1,908281,908281,960472,1.057461,5.31,4.348,5.286,3.247,1.104,3.222
/home/temp/wjq/dataset/Microsoft/origin/ricardo10/plyfile/frame0098.ply,1,900013,900013,934928,1.038794,5.271,4.309,5.247,3.207,1.074,3.182
/home/temp/wjq/dataset/Microsoft/origin/ricardo10/plyfile/frame0099.ply,1,915676,915676,952848,1.040595,5.353,4.404,5.329,3.261,1.086,3.236
/home/temp/wjq/dataset/Microsoft/origin/ricardo10/plyfile/frame0100.ply,1,909670,909670,947128,1.041178,5.365,4.36,5.341,3.313,1.109,3.286
/home/temp/wjq/dataset/Microsoft/origin/ricardo10/plyfile/frame0101.ply,1,924218,924218,960304,1.039045,5.438,4.438,5.413,3.322,1.141,3.298
/home/temp/wjq/dataset/Microsoft/origin/ricardo10/plyfile/frame0102.ply,1,911880,911880,945576,1.036952,5.398,4.405,5.374,3.291,1.1,3.263
/home/temp/wjq/dataset/Microsoft/origin/ricardo10/plyfile/frame0103.ply,1,906065,906065,937784,1.035007,5.383,4.39,5.358,3.326,1.12,3.299
/home/temp/wjq/dataset/Microsoft/origin/ricardo10/plyfile/frame0104.ply,1,915025,915025,937912,1.025012,5.43,4.42,5.407,3.48,1.107,3.453
/home/temp/wjq/dataset/Microsoft/origin/ricardo10/plyfile/frame0105.ply,1,929436,929436,962360,1.035424,5.498,4.497,5.474,3.368,1.149,3.342
/home/temp/wjq/dataset/Microsoft/origin/ricardo10/plyfile/frame0106.ply,1,938912,938912,976136,1.039646,5.538,4.498,5.515,3.432,1.163,3.406
/home/temp/wjq/dataset/Microsoft/origin/ricardo10/plyfile/frame0107.ply,1,942155,942155,980936,1.041162,5.532,4.506,5.508,3.395,1.169,3.368
/home/temp/wjq/dataset/Microsoft/origin/ricardo10/plyfile/frame0108.ply,1,973390,973390,1031960,1.060171,5.757,4.702,5.733,3.601,1.199,3.575
/home/temp/wjq/dataset/Microsoft/origin/ricardo10/plyfile/frame0109.ply,1,979861,979861,1042192,1.063612,5.768,4.73,5.744,3.734,1.194,3.71
/home/temp/wjq/dataset/Microsoft/origin/ricardo10/plyfile/frame0110.ply,1,1000493,1000493,1075024,1.074494,5.871,4.803,5.849,3.563,1.201,3.538
/home/temp/wjq/dataset/Microsoft/origin/ricardo10/plyfile/frame0111.ply,1,1000774,1000774,1076120,1.075288,5.926,4.834,5.902,3.628,1.218,3.603
/home/temp/wjq/dataset/Microsoft/origin/ricardo10/plyfile/frame0112.ply,1,1001474,1001474,1073968,1.072387,5.894,4.803,5.87,3.613,1.235,3.588
/home/temp/wjq/dataset/Microsoft/origin/ricardo10/plyfile/frame0113.ply,1,1024402,1024402,1100272,1.074063,6.031,4.948,6.006,3.649,1.254,3.624
/home/temp/wjq/dataset/Microsoft/origin/ricardo10/plyfile/frame0114.ply,1,1014004,1014004,1075880,1.061021,5.956,4.882,5.931,3.617,1.247,3.591
/home/temp/wjq/dataset/Microsoft/origin/ricardo10/plyfile/frame0115.ply,1,1027824,1027824,1085896,1.0565,6.03,4.911,6.005,3.69,1.248,3.665
/home/temp/wjq/dataset/Microsoft/origin/ricardo10/plyfile/frame0116.ply,1,1028960,1028960,1085632,1.055077,6.06,4.937,6.035,3.738,1.291,3.713
/home/temp/wjq/dataset/Microsoft/origin/ricardo10/plyfile/frame0117.ply,1,1018972,1018972,1073152,1.053171,6.016,4.898,5.992,3.667,1.246,3.641
/home/temp/wjq/dataset/Microsoft/origin/ricardo10/plyfile/frame0118.ply,1,1012591,1012591,1060456,1.04727,5.929,4.827,5.906,3.622,1.195,3.596
/home/temp/wjq/dataset/Microsoft/origin/ricardo10/plyfile/frame0119.ply,1,1001271,1001271,1053376,1.052039,5.909,4.846,5.885,3.585,1.222,3.56
/home/temp/wjq/dataset/Microsoft/origin/ricardo10/plyfile/frame0120.ply,1,1010416,1010416,1068856,1.057838,5.945,4.856,5.922,3.646,1.254,3.619
/home/temp/wjq/dataset/Microsoft/origin/ricardo10/plyfile/frame0121.ply,1,971916,971916,1026528,1.05619,5.717,4.669,5.693,3.473,1.184,3.447
/home/temp/wjq/dataset/Microsoft/origin/ricardo10/plyfile/frame0122.ply,1,1003489,1003489,1068240,1.064526,5.901,4.812,5.879,3.597,1.253,3.571
/home/temp/wjq/dataset/Microsoft/origin/ricardo10/plyfile/frame0123.ply,1,980440,980440,1038160,1.058872,5.768,4.73,5.744,3.544,1.202,3.517
/home/temp/wjq/dataset/Microsoft/origin/ricardo10/plyfile/frame0124.ply,1,954320,954320,1015352,1.063953,5.644,4.614,5.62,3.433,1.189,3.406
/home/temp/wjq/dataset/Microsoft/origin/ricardo10/plyfile/frame0125.ply,1,952005,952005,1006424,1.057163,5.618,4.602,5.594,3.419,1.171,3.392
/home/temp/wjq/dataset/Microsoft/origin/ricardo10/plyfile/frame0126.ply,1,965466,965466,1033824,1.070803,5.752,4.657,5.728,3.493,1.172,3.467
/home/temp/wjq/dataset/Microsoft/origin/ricardo10/plyfile/frame0127.ply,1,907397,907397,953664,1.050989,5.367,4.398,5.344,3.273,1.107,3.246
/home/temp/wjq/dataset/Microsoft/origin/ricardo10/plyfile/frame0128.ply,1,912852,912852,961424,1.053209,5.45,4.387,5.427,3.287,1.143,3.261
/home/temp/wjq/dataset/Microsoft/origin/ricardo10/plyfile/frame0129.ply,1,929095,929095,998808,1.075033,5.516,4.492,5.491,3.343,1.139,3.317
/home/temp/wjq/dataset/Microsoft/origin/ricardo10/plyfile/frame0130.ply,1,899562,899562,949328,1.055322,5.329,4.354,5.303,3.291,1.107,3.264
/home/temp/wjq/dataset/Microsoft/origin/ricardo10/plyfile/frame0131.ply,1,919470,919470,977272,1.062864,5.471,4.465,5.449,3.39,1.13,3.363
/home/temp/wjq/dataset/Microsoft/origin/ricardo10/plyfile/frame0132.ply,1,862219,862219,901848,1.045962,5.073,4.169,5.048,3.118,1.032,3.094
/home/temp/wjq/dataset/Microsoft/origin/ricardo10/plyfile/frame0133.ply,1,901500,901500,950088,1.053897,5.332,4.347,5.309,3.254,1.12,3.228
/home/temp/wjq/dataset/Microsoft/origin/ricardo10/plyfile/frame0134.ply,1,886708,886708,931440,1.050447,5.247,4.33,5.223,3.401,1.101,3.375
/home/temp/wjq/dataset/Microsoft/origin/ricardo10/plyfile/frame0135.ply,1,894232,894232,943336,1.054912,5.308,4.308,5.284,3.224,1.107,3.201
/home/temp/wjq/dataset/Microsoft/origin/ricardo10/plyfile/frame0136.ply,1,880218,880218,914824,1.039315,5.221,4.248,5.198,3.175,1.079,3.148
/home/temp/wjq/dataset/Microsoft/origin/ricardo10/plyfile/frame0137.ply,1,891481,891481,938952,1.05325,5.289,4.296,5.266,3.279,1.116,3.252
/home/temp/wjq/dataset/Microsoft/origin/ricardo10/plyfile/frame0138.ply,1,887033,887033,928936,1.04724,5.223,4.263,5.201,3.216,1.095,3.189
/home/temp/wjq/dataset/Microsoft/origin/ricardo10/plyfile/frame0139.ply,1,908892,908892,963816,1.06043,5.354,4.378,5.329,3.232,1.095,3.206
/home/temp/wjq/dataset/Microsoft/origin/ricardo10/plyfile/frame0140.ply,1,914692,914692,974256,1.065119,5.427,4.412,5.403,3.3,1.138,3.273
/home/temp/wjq/dataset/Microsoft/origin/ricardo10/plyfile/frame0141.ply,1,919341,919341,978976,1.064867,5.414,4.438,5.39,3.341,1.158,3.315
/home/temp/wjq/dataset/Microsoft/origin/ricardo10/plyfile/frame0142.ply,1,928464,928464,995288,1.071973,5.468,4.437,5.444,3.358,1.153,3.331
/home/temp/wjq/dataset/Microsoft/origin/ricardo10/plyfile/frame0143.ply,1,918053,918053,963432,1.04943,5.374,4.368,5.353,3.304,1.135,3.278
/home/temp/wjq/dataset/Microsoft/origin/ricardo10/plyfile/frame0144.ply,1,945683,945683,1004312,1.061996,5.544,4.526,5.522,3.411,1.168,3.384
/home/temp/wjq/dataset/Microsoft/origin/ricardo10/plyfile/frame0145.ply,1,969072,969072,1037160,1.070261,5.706,4.654,5.681,3.493,1.206,3.468
/home/temp/wjq/dataset/Microsoft/origin/ricardo10/plyfile/frame0146.ply,1,960616,960616,1025984,1.068048,5.654,4.635,5.631,3.495,1.199,3.469
/home/temp/wjq/dataset/Microsoft/origin/ricardo10/plyfile/frame0147.ply,1,938690,938690,982088,1.046233,5.52,4.488,5.499,3.424,1.18,3.398
/home/temp/wjq/dataset/Microsoft/origin/ricardo10/plyfile/frame0148.ply,1,961158,961158,1004888,1.045497,5.637,4.611,5.615,3.481,1.193,3.454
/home/temp/wjq/dataset/Microsoft/origin/ricardo10/plyfile/frame0149.ply,1,961957,961957,1005992,1.045776,5.631,4.575,5.609,3.521,1.2,3.495
/home/temp/wjq/dataset/Microsoft/origin/ricardo10/plyfile/frame0150.ply,1,961476,961476,1001864,1.042006,5.64,4.599,5.618,3.453,1.179,3.426
/home/temp/wjq/dataset/Microsoft/origin/ricardo10/plyfile/frame0151.ply,1,975114,975114,1035952,1.062391,5.764,4.662,5.74,3.553,1.209,3.525
/home/temp/wjq/dataset/Microsoft/origin/ricardo10/plyfile/frame0152.ply,1,968768,968768,1017424,1.050225,5.695,4.641,5.671,3.53,1.211,3.503
/home/temp/wjq/dataset/Microsoft/origin/ricardo10/plyfile/frame0153.ply,1,971271,971271,1024872,1.055186,5.682,4.668,5.658,3.502,1.161,3.477
/home/temp/wjq/dataset/Microsoft/origin/ricardo10/plyfile/frame0154.ply,1,963890,963890,1024472,1.062852,5.681,4.651,5.657,3.534,1.217,3.507
/home/temp/wjq/dataset/Microsoft/origin/ricardo10/plyfile/frame0155.ply,1,952174,952174,1006960,1.057538,5.612,4.574,5.589,3.476,1.195,3.45
/home/temp/wjq/dataset/Microsoft/origin/ricardo10/plyfile/frame0156.ply,1,946103,946103,995536,1.052249,5.743,4.553,5.719,3.403,1.171,3.377
/home/temp/wjq/dataset/Microsoft/origin/ricardo10/plyfile/frame0157.ply,1,921654,921654,970368,1.052855,5.443,4.437,5.42,3.308,1.123,3.283
/home/temp/wjq/dataset/Microsoft/origin/ricardo10/plyfile/frame0158.ply,1,913820,913820,953240,1.043138,5.395,4.378,5.37,3.291,1.104,3.265
/home/temp/wjq/dataset/Microsoft/origin/ricardo10/plyfile/frame0159.ply,1,929017,929017,977584,1.052278,5.463,4.474,5.44,3.426,1.173,3.399
/home/temp/wjq/dataset/Microsoft/origin/ricardo10/plyfile/frame0160.ply,1,890842,890842,929312,1.043184,5.266,4.288,5.245,3.213,1.084,3.19
/home/temp/wjq/dataset/Microsoft/origin/ricardo10/plyfile/frame0161.ply,1,919202,919202,961696,1.046229,5.431,4.436,5.407,3.292,1.115,3.267
/home/temp/wjq/dataset/Microsoft/origin/ricardo10/plyfile/frame0162.ply,1,887426,887426,929640,1.047569,5.251,4.26,5.228,3.289,1.122,3.262
/home/temp/wjq/dataset/Microsoft/origin/ricardo10/plyfile/frame0163.ply,1,896414,896414,931592,1.039243,5.297,4.291,5.274,3.268,1.108,3.242
/home/temp/wjq/dataset/Microsoft/origin/ricardo10/plyfile/frame0164.ply,1,907807,907807,954464,1.051395,5.363,4.342,5.338,3.329,1.127,3.303
/home/temp/wjq/dataset/Microsoft/origin/ricardo10/plyfile/frame0165.ply,1,872900,872900,904104,1.035748,5.099,4.174,5.076,3.142,1.083,3.119
/home/temp/wjq/dataset/Microsoft/origin/ricardo10/plyfile/frame0166.ply,1,902397,902397,940112,1.041794,5.344,4.324,5.319,3.301,1.117,3.272
/home/temp/wjq/dataset/Microsoft/origin/ricardo10/plyfile/frame0167.ply,1,906361,906361,942856,1.040265,5.352,4.379,5.326,3.261,1.109,3.234
/home/temp/wjq/dataset/Microsoft/origin/ricardo10/plyfile/frame0168.ply,1,901584,901584,942072,1.044908,5.338,4.352,5.31,3.222,1.078,3.196
/home/temp/wjq/dataset/Microsoft/origin/ricardo10/plyfile/frame0169.ply,1,907418,907418,939888,1.035783,5.361,4.388,5.338,3.301,1.127,3.273
/home/temp/wjq/dataset/Microsoft/origin/ricardo10/plyfile/frame0170.ply,1,914163,914163,953816,1.043376,5.4,4.414,5.377,3.333,1.136,3.306
/home/temp/wjq/dataset/Microsoft/origin/ricardo10/plyfile/frame0171.ply,1,911913,911913,951416,1.043319,5.397,4.399,5.376,3.302,1.103,3.274
/home/temp/wjq/dataset/Microsoft/origin/ricardo10/plyfile/frame0172.ply,1,926009,926009,972712,1.050435,5.465,4.445,5.444,3.359,1.128,3.33
/home/temp/wjq/dataset/Microsoft/origin/ricardo10/plyfile/frame0173.ply,1,923764,923764,966376,1.046129,5.464,4.462,5.437,3.388,1.151,3.362
/home/temp/wjq/dataset/Microsoft/origin/ricardo10/plyfile/frame0174.ply,1,949513,949513,1004064,1.057452,5.593,4.542,5.567,3.402,1.164,3.375
/home/temp/wjq/dataset/Microsoft/origin/ricardo10/plyfile/frame0175.ply,1,954693,954693,1011208,1.059197,5.627,4.615,5.604,3.52,1.174,3.494
/home/temp/wjq/dataset/Microsoft/origin/ricardo10/plyfile/frame0176.ply,1,944398,944398,992432,1.050862,5.573,4.55,5.549,3.392,1.156,3.364
/home/temp/wjq/dataset/Microsoft/origin/ricardo10/plyfile/frame0177.ply,1,960043,960043,1019464,1.061894,5.672,4.642,5.647,3.458,1.177,3.432
/home/temp/wjq/dataset/Microsoft/origin/ricardo10/plyfile/frame0178.ply,1,955112,955112,1004800,1.052023,5.699,4.576,5.676,3.605,1.165,3.58
/home/temp/wjq/dataset/Microsoft/origin/ricardo10/plyfile/frame0179.ply,1,952683,952683,1013112,1.06343,5.652,4.567,5.628,3.442,1.15,3.416
/home/temp/wjq/dataset/Microsoft/origin/ricardo10/plyfile/frame0180.ply,1,955477,955477,1006488,1.053388,5.661,4.659,5.636,3.44,1.186,3.414
/home/temp/wjq/dataset/Microsoft/origin/ricardo10/plyfile/frame0181.ply,1,942918,942918,988168,1.047989,5.584,4.553,5.562,3.381,1.124,3.355
/home/temp/wjq/dataset/Microsoft/origin/ricardo10/plyfile/frame0182.ply,1,941599,941599,994976,1.056688,5.564,4.569,5.541,3.499,1.17,3.473
/home/temp/wjq/dataset/Microsoft/origin/ricardo10/plyfile/frame0183.ply,1,949825,949825,995520,1.048109,5.592,4.581,5.569,3.378,1.152,3.352
/home/temp/wjq/dataset/Microsoft/origin/ricardo10/plyfile/frame0184.ply,1,940022,940022,980088,1.042622,5.546,4.536,5.522,3.386,1.162,3.359
/home/temp/wjq/dataset/Microsoft/origin/ricardo10/plyfile/frame0185.ply,1,946683,946683,997848,1.054047,5.585,4.538,5.56,3.45,1.176,3.424
/home/temp/wjq/dataset/Microsoft/origin/ricardo10/plyfile/frame0186.ply,1,944577,944577,986280,1.04415,5.569,4.55,5.545,3.394,1.136,3.368
/home/temp/wjq/dataset/Microsoft/origin/ricardo10/plyfile/frame0187.ply,1,939524,939524,983496,1.046802,5.567,4.504,5.543,3.392,1.175,3.366
/home/temp/wjq/dataset/Microsoft/origin/ricardo10/plyfile/frame0188.ply,1,933962,933962,973968,1.042835,5.493,4.472,5.471,3.371,1.165,3.344
/home/temp/wjq/dataset/Microsoft/origin/ricardo10/plyfile/frame0189.ply,1,930995,930995,971144,1.043125,5.505,4.507,5.483,3.372,1.178,3.346
/home/temp/wjq/dataset/Microsoft/origin/ricardo10/plyfile/frame0190.ply,1,934466,934466,978416,1.047032,5.495,4.485,5.471,3.429,1.175,3.401
/home/temp/wjq/dataset/Microsoft/origin/ricardo10/plyfile/frame0191.ply,1,935089,935089,977952,1.045838,5.547,4.511,5.523,3.411,1.178,3.385
/home/temp/wjq/dataset/Microsoft/origin/ricardo10/plyfile/frame0192.ply,1,928746,928746,965392,1.039458,5.471,4.43,5.447,3.362,1.157,3.336
/home/temp/wjq/dataset/Microsoft/origin/ricardo10/plyfile/frame0193.ply,1,933797,933797,977264,1.046549,5.515,4.489,5.49,3.573,1.12,3.547
/home/temp/wjq/dataset/Microsoft/origin/ricardo10/plyfile/frame0194.ply,1,936186,936186,980560,1.047399,5.531,4.468,5.51,3.473,1.162,3.446
/home/temp/wjq/dataset/Microsoft/origin/ricardo10/plyfile/frame0195.ply,1,937365,937365,975064,1.040218,5.539,4.512,5.519,3.393,1.165,3.366
/home/temp/wjq/dataset/Microsoft/origin/ricardo10/plyfile/frame0196.ply,1,940715,940715,983112,1.045069,5.505,4.518,5.481,3.395,1.144,3.37
/home/temp/wjq/dataset/Microsoft/origin/ricardo10/plyfile/frame0197.ply,1,948341,948341,996680,1.050972,5.557,4.545,5.533,3.424,1.152,3.398
/home/temp/wjq/dataset/Microsoft/origin/ricardo10/plyfile/frame0198.ply,1,945276,945276,991912,1.049336,5.595,4.57,5.574,3.451,1.179,3.425
/home/temp/wjq/dataset/Microsoft/origin/ricardo10/plyfile/frame0199.ply,1,923228,923228,959992,1.039821,5.451,4.44,5.429,3.361,1.108,3.335
/home/temp/wjq/dataset/Microsoft/origin/ricardo10/plyfile/frame0200.ply,1,929098,929098,970256,1.044299,5.482,4.503,5.459,3.336,1.134,3.311
/home/temp/wjq/dataset/Microsoft/origin/ricardo10/plyfile/frame0201.ply,1,919037,919037,955952,1.040167,5.412,4.434,5.386,3.533,1.121,3.508
/home/temp/wjq/dataset/Microsoft/origin/ricardo10/plyfile/frame0202.ply,1,915412,915412,949232,1.036945,5.471,4.389,5.448,3.33,1.134,3.303
/home/temp/wjq/dataset/Microsoft/origin/ricardo10/plyfile/frame0203.ply,1,925256,925256,963400,1.041225,5.467,4.435,5.442,3.341,1.144,3.315
/home/temp/wjq/dataset/Microsoft/origin/ricardo10/plyfile/frame0204.ply,1,913507,913507,950336,1.040316,5.607,4.396,5.583,3.298,1.136,3.271
/home/temp/wjq/dataset/Microsoft/origin/ricardo10/plyfile/frame0205.ply,1,913577,913577,952656,1.042776,5.371,4.405,5.347,3.324,1.149,3.297
/home/temp/wjq/dataset/Microsoft/origin/ricardo10/plyfile/frame0206.ply,1,904123,904123,935472,1.034673,5.312,4.35,5.29,3.268,1.109,3.24
/home/temp/wjq/dataset/Microsoft/origin/ricardo10/plyfile/frame0207.ply,1,913526,913526,948952,1.038779,5.369,4.386,5.344,3.308,1.142,3.282
/home/temp/wjq/dataset/Microsoft/origin/ricardo10/plyfile/frame0208.ply,1,907146,907146,937800,1.033792,5.36,4.37,5.336,3.295,1.101,3.269
/home/temp/wjq/dataset/Microsoft/origin/ricardo10/plyfile/frame0209.ply,1,920319,920319,955504,1.038231,5.434,4.447,5.41,3.338,1.143,3.311
/home/temp/wjq/dataset/Microsoft/origin/ricardo10/plyfile/frame0210.ply,1,919468,919468,958280,1.042211,5.442,4.433,5.416,3.341,1.139,3.317
/home/temp/wjq/dataset/Microsoft/origin/ricardo10/plyfile/frame0211.ply,1,919285,919285,953632,1.037363,5.413,4.441,5.388,3.292,1.117,3.267
/home/temp/wjq/dataset/Microsoft/origin/ricardo10/plyfile/frame0212.ply,1,930808,930808,974312,1.046738,5.496,4.473,5.47,3.358,1.118,3.333
/home/temp/wjq/dataset/Microsoft/origin/ricardo10/plyfile/frame0213.ply,1,930173,930173,972112,1.045087,5.492,4.48,5.47,3.36,1.146,3.334
/home/temp/wjq/dataset/Microsoft/origin/ricardo10/plyfile/frame0214.ply,1,928013,928013,967280,1.042313,5.466,4.445,5.444,3.53,1.093,3.504
/home/temp/wjq/dataset/Microsoft/origin/ricardo10/plyfile/frame0215.ply,1,938301,938301,980000,1.044441,5.506,4.512,5.483,3.403,1.159,3.377
