filedir,posQuantscale,num_points_raw,num_points,file_size,bpp,enc_time,enc_time_user,enc_time_wall,dec_time,dec_time_user,dec_time_wall
/home/temp/wjq/dataset/Microsoft/origin/phil10/plyfile/frame0000.ply,1,1660959,1660959,1915168,1.15305,11.485,9.701,11.464,6.105,2.062,6.081
/home/temp/wjq/dataset/Microsoft/origin/phil10/plyfile/frame0001.ply,1,1664661,1664661,1926768,1.157454,11.499,9.707,11.478,6.01,2.082,5.984
/home/temp/wjq/dataset/Microsoft/origin/phil10/plyfile/frame0002.ply,1,1656697,1656697,1918008,1.15773,11.427,9.655,11.404,6.375,2.021,6.351
/home/temp/wjq/dataset/Microsoft/origin/phil10/plyfile/frame0003.ply,1,1654124,1654124,1907856,1.153394,11.46,9.672,11.43,5.894,2.017,5.869
/home/temp/wjq/dataset/Microsoft/origin/phil10/plyfile/frame0004.ply,1,1656561,1656561,1912880,1.15473,11.45,9.673,11.424,5.978,2.041,5.952
/home/temp/wjq/dataset/Microsoft/origin/phil10/plyfile/frame0005.ply,1,1665022,1665022,1914072,1.149578,11.515,9.696,11.492,5.965,2.05,5.94
/home/temp/wjq/dataset/Microsoft/origin/phil10/plyfile/frame0006.ply,1,1565760,1565760,1786176,1.140773,10.832,9.175,10.808,5.625,1.961,5.601
/home/temp/wjq/dataset/Microsoft/origin/phil10/plyfile/frame0007.ply,1,1589908,1589908,1823904,1.147176,10.995,9.292,10.972,5.695,1.97,5.669
/home/temp/wjq/dataset/Microsoft/origin/phil10/plyfile/frame0008.ply,1,1585973,1585973,1819944,1.147525,11.002,9.259,10.978,5.681,1.971,5.656
/home/temp/wjq/dataset/Microsoft/origin/phil10/plyfile/frame0009.ply,1,1544994,1544994,1767856,1.144248,10.724,9.055,10.701,6.054,1.883,6.026
/home/temp/wjq/dataset/Microsoft/origin/phil10/plyfile/frame0010.ply,1,1559008,1559008,1780360,1.141983,10.903,9.18,10.873,5.608,1.918,5.586
/home/temp/wjq/dataset/Microsoft/origin/phil10/plyfile/frame0011.ply,1,1556568,1556568,1779096,1.142961,10.789,9.091,10.764,5.617,1.954,5.59
/home/temp/wjq/dataset/Microsoft/origin/phil10/plyfile/frame0012.ply,1,1547374,1547374,1769144,1.14332,10.634,8.926,10.611,5.659,1.938,5.631
/home/temp/wjq/dataset/Microsoft/origin/phil10/plyfile/frame0013.ply,1,1585062,1585062,1815864,1.145611,10.861,9.145,10.837,5.945,1.948,5.912
/home/temp/wjq/dataset/Microsoft/origin/phil10/plyfile/frame0014.ply,1,1598347,1598347,1828512,1.144002,11.008,9.292,10.985,5.731,1.975,5.705
/home/temp/wjq/dataset/Microsoft/origin/phil10/plyfile/frame0015.ply,1,1545602,1545602,1778720,1.150827,10.553,8.933,10.529,5.51,1.887,5.482
/home/temp/wjq/dataset/Microsoft/origin/phil10/plyfile/frame0016.ply,1,1590127,1590127,1825880,1.14826,10.826,9.131,10.801,5.736,1.974,5.708
/home/temp/wjq/dataset/Microsoft/origin/phil10/plyfile/frame0017.ply,1,1546890,1546890,1776608,1.148503,10.409,8.744,10.386,5.586,1.925,5.559
/home/temp/wjq/dataset/Microsoft/origin/phil10/plyfile/frame0018.ply,1,1526865,1526865,1732952,1.134974,9.231,7.583,9.207,5.702,1.905,5.678
/home/temp/wjq/dataset/Microsoft/origin/phil10/plyfile/frame0019.ply,1,1545554,1545554,1776344,1.149325,10.388,8.73,10.365,5.593,1.919,5.565
/home/temp/wjq/dataset/Microsoft/origin/phil10/plyfile/frame0020.ply,1,1546079,1546079,1781848,1.152495,10.384,8.746,10.36,5.56,1.94,5.533
/home/temp/wjq/dataset/Microsoft/origin/phil10/plyfile/frame0021.ply,1,1516352,1516352,1729864,1.140806,9.154,7.563,9.13,5.683,1.904,5.661
/home/temp/wjq/dataset/Microsoft/origin/phil10/plyfile/frame0022.ply,1,1525039,1525039,1735480,1.137991,9.252,7.558,9.228,5.496,1.896,5.472
/home/temp/wjq/dataset/Microsoft/origin/phil10/plyfile/frame0023.ply,1,1487741,1487741,1708624,1.148469,8.84,7.227,8.815,5.316,1.826,5.293
/home/temp/wjq/dataset/Microsoft/origin/phil10/plyfile/frame0024.ply,1,1499850,1499850,1719472,1.146429,8.891,7.267,8.868,5.425,1.855,5.401
/home/temp/wjq/dataset/Microsoft/origin/phil10/plyfile/frame0025.ply,1,1491284,1491284,1699016,1.139297,8.846,7.242,8.822,5.425,1.865,5.4
/home/temp/wjq/dataset/Microsoft/origin/phil10/plyfile/frame0026.ply,1,1509204,1509204,1706160,1.130503,8.924,7.301,8.901,5.434,1.866,5.408
/home/temp/wjq/dataset/Microsoft/origin/phil10/plyfile/frame0027.ply,1,1504598,1504598,1700664,1.130311,8.892,7.293,8.87,5.398,1.89,5.377
/home/temp/wjq/dataset/Microsoft/origin/phil10/plyfile/frame0028.ply,1,1524350,1524350,1723120,1.130397,9.038,7.415,9.015,5.491,1.886,5.466
/home/temp/wjq/dataset/Microsoft/origin/phil10/plyfile/frame0029.ply,1,1527716,1527716,1724624,1.12889,9.042,7.387,9.02,5.587,1.913,5.563
/home/temp/wjq/dataset/Microsoft/origin/phil10/plyfile/frame0030.ply,1,1508712,1508712,1693664,1.122589,8.926,7.327,8.905,5.491,1.895,5.466
/home/temp/wjq/dataset/Microsoft/origin/phil10/plyfile/frame0031.ply,1,1514389,1514389,1711536,1.130183,8.926,7.296,8.903,5.409,1.85,5.382
/home/temp/wjq/dataset/Microsoft/origin/phil10/plyfile/frame0032.ply,1,1482160,1482160,1674616,1.129848,8.774,7.178,8.752,5.357,1.857,5.333
/home/temp/wjq/dataset/Microsoft/origin/phil10/plyfile/frame0033.ply,1,1505534,1505534,1701480,1.13015,8.951,7.297,8.926,5.466,1.852,5.443
/home/temp/wjq/dataset/Microsoft/origin/phil10/plyfile/frame0034.ply,1,1502229,1502229,1696384,1.129245,8.897,7.257,8.877,5.469,1.869,5.445
/home/temp/wjq/dataset/Microsoft/origin/phil10/plyfile/frame0035.ply,1,1471702,1471702,1667456,1.133012,8.689,7.132,8.667,5.307,1.837,5.282
/home/temp/wjq/dataset/Microsoft/origin/phil10/plyfile/frame0036.ply,1,1440931,1440931,1637328,1.136299,8.534,6.98,8.51,5.21,1.779,5.186
/home/temp/wjq/dataset/Microsoft/origin/phil10/plyfile/frame0037.ply,1,1463923,1463923,1660520,1.134295,8.679,7.125,8.655,5.673,1.815,5.65
/home/temp/wjq/dataset/Microsoft/origin/phil10/plyfile/frame0038.ply,1,1438619,1438619,1630504,1.133381,8.591,6.982,8.562,5.159,1.792,5.129
/home/temp/wjq/dataset/Microsoft/origin/phil10/plyfile/frame0039.ply,1,1461919,1461919,1661048,1.136211,8.894,7.263,8.871,5.648,1.787,5.622
/home/temp/wjq/dataset/Microsoft/origin/phil10/plyfile/frame0040.ply,1,1442438,1442438,1638440,1.135882,8.577,6.996,8.548,5.22,1.802,5.195
/home/temp/wjq/dataset/Microsoft/origin/phil10/plyfile/frame0041.ply,1,1469517,1469517,1670080,1.136482,8.692,7.108,8.67,5.29,1.815,5.264
/home/temp/wjq/dataset/Microsoft/origin/phil10/plyfile/frame0042.ply,1,1431471,1431471,1613288,1.127014,8.472,6.909,8.451,5.153,1.774,5.128
/home/temp/wjq/dataset/Microsoft/origin/phil10/plyfile/frame0043.ply,1,1457766,1457766,1644992,1.128434,8.635,7.049,8.61,5.188,1.804,5.166
/home/temp/wjq/dataset/Microsoft/origin/phil10/plyfile/frame0044.ply,1,1436237,1436237,1604824,1.117381,8.482,6.931,8.458,5.154,1.794,5.128
/home/temp/wjq/dataset/Microsoft/origin/phil10/plyfile/frame0045.ply,1,1469572,1469572,1645712,1.119858,8.7,7.083,8.678,5.291,1.807,5.267
/home/temp/wjq/dataset/Microsoft/origin/phil10/plyfile/frame0046.ply,1,1469273,1469273,1650200,1.12314,8.67,7.092,8.646,5.277,1.827,5.247
/home/temp/wjq/dataset/Microsoft/origin/phil10/plyfile/frame0047.ply,1,1471172,1471172,1646680,1.119298,8.714,7.042,8.691,5.269,1.818,5.244
/home/temp/wjq/dataset/Microsoft/origin/phil10/plyfile/frame0048.ply,1,1513607,1513607,1700128,1.123229,8.934,7.305,8.911,5.401,1.859,5.373
/home/temp/wjq/dataset/Microsoft/origin/phil10/plyfile/frame0049.ply,1,1520217,1520217,1716656,1.129218,9.002,7.357,8.978,5.428,1.883,5.405
/home/temp/wjq/dataset/Microsoft/origin/phil10/plyfile/frame0050.ply,1,1504908,1504908,1691224,1.123806,8.859,7.254,8.836,5.388,1.822,5.362
/home/temp/wjq/dataset/Microsoft/origin/phil10/plyfile/frame0051.ply,1,1487806,1487806,1675768,1.126335,8.774,7.212,8.751,5.298,1.796,5.273
/home/temp/wjq/dataset/Microsoft/origin/phil10/plyfile/frame0052.ply,1,1498622,1498622,1686896,1.125631,8.834,7.265,8.81,5.883,1.859,5.859
/home/temp/wjq/dataset/Microsoft/origin/phil10/plyfile/frame0053.ply,1,1514688,1514688,1721400,1.136472,8.986,7.317,8.957,5.467,1.876,5.441
/home/temp/wjq/dataset/Microsoft/origin/phil10/plyfile/frame0054.ply,1,1500734,1500734,1707640,1.13787,8.877,7.258,8.855,5.791,1.895,5.765
/home/temp/wjq/dataset/Microsoft/origin/phil10/plyfile/frame0055.ply,1,1522417,1522417,1741088,1.143634,9.058,7.379,9.027,5.503,1.882,5.478
/home/temp/wjq/dataset/Microsoft/origin/phil10/plyfile/frame0056.ply,1,1475278,1475278,1669968,1.131968,8.683,7.121,8.66,5.722,1.8,5.697
/home/temp/wjq/dataset/Microsoft/origin/phil10/plyfile/frame0057.ply,1,1507656,1507656,1719504,1.140515,8.884,7.284,8.858,5.377,1.818,5.351
/home/temp/wjq/dataset/Microsoft/origin/phil10/plyfile/frame0058.ply,1,1463552,1463552,1651912,1.128701,8.672,7.12,8.649,5.353,1.831,5.331
/home/temp/wjq/dataset/Microsoft/origin/phil10/plyfile/frame0059.ply,1,1487494,1487494,1682560,1.131137,8.788,7.193,8.764,5.28,1.797,5.255
/home/temp/wjq/dataset/Microsoft/origin/phil10/plyfile/frame0060.ply,1,1488815,1488815,1672232,1.123197,8.797,7.174,8.773,5.494,1.852,5.468
/home/temp/wjq/dataset/Microsoft/origin/phil10/plyfile/frame0061.ply,1,1508940,1508940,1693640,1.122404,8.973,7.34,8.95,5.421,1.892,5.394
/home/temp/wjq/dataset/Microsoft/origin/phil10/plyfile/frame0062.ply,1,1481127,1481127,1668704,1.126645,8.755,7.097,8.732,5.282,1.808,5.258
/home/temp/wjq/dataset/Microsoft/origin/phil10/plyfile/frame0063.ply,1,1528299,1528299,1729664,1.131758,9.038,7.388,9.015,5.447,1.878,5.421
/home/temp/wjq/dataset/Microsoft/origin/phil10/plyfile/frame0064.ply,1,1505968,1505968,1697832,1.127402,8.918,7.27,8.895,5.394,1.837,5.369
/home/temp/wjq/dataset/Microsoft/origin/phil10/plyfile/frame0065.ply,1,1524327,1524327,1719904,1.128304,9.003,7.399,8.982,5.451,1.869,5.427
/home/temp/wjq/dataset/Microsoft/origin/phil10/plyfile/frame0066.ply,1,1524156,1524156,1716952,1.126494,9.007,7.378,8.985,5.495,1.862,5.47
/home/temp/wjq/dataset/Microsoft/origin/phil10/plyfile/frame0067.ply,1,1559622,1559622,1766072,1.132372,9.199,7.54,9.177,5.556,1.902,5.531
/home/temp/wjq/dataset/Microsoft/origin/phil10/plyfile/frame0068.ply,1,1505103,1505103,1691040,1.123538,8.882,7.288,8.859,5.383,1.826,5.357
/home/temp/wjq/dataset/Microsoft/origin/phil10/plyfile/frame0069.ply,1,1559304,1559304,1758272,1.127601,9.318,7.562,9.297,5.592,1.958,5.564
/home/temp/wjq/dataset/Microsoft/origin/phil10/plyfile/frame0070.ply,1,1517300,1517300,1698992,1.119747,8.957,7.367,8.935,5.434,1.868,5.409
/home/temp/wjq/dataset/Microsoft/origin/phil10/plyfile/frame0071.ply,1,1517549,1517549,1699672,1.120011,8.969,7.334,8.946,5.681,1.863,5.445
/home/temp/wjq/dataset/Microsoft/origin/phil10/plyfile/frame0072.ply,1,1491613,1491613,1677680,1.124742,8.799,7.175,8.776,5.343,1.833,5.318
/home/temp/wjq/dataset/Microsoft/origin/phil10/plyfile/frame0073.ply,1,1501361,1501361,1682712,1.120791,8.841,7.223,8.818,5.465,1.872,5.44
/home/temp/wjq/dataset/Microsoft/origin/phil10/plyfile/frame0074.ply,1,1490804,1490804,1664624,1.116595,8.818,7.199,8.796,5.355,1.872,5.329
/home/temp/wjq/dataset/Microsoft/origin/phil10/plyfile/frame0075.ply,1,1491957,1491957,1663992,1.115308,8.864,7.212,8.843,5.689,1.872,5.663
/home/temp/wjq/dataset/Microsoft/origin/phil10/plyfile/frame0076.ply,1,1484731,1484731,1656248,1.115521,8.766,7.179,8.743,5.301,1.797,5.275
/home/temp/wjq/dataset/Microsoft/origin/phil10/plyfile/frame0077.ply,1,1498423,1498423,1685232,1.12467,8.899,7.285,8.875,6.005,1.898,5.979
/home/temp/wjq/dataset/Microsoft/origin/phil10/plyfile/frame0078.ply,1,1505412,1505412,1690936,1.123238,8.932,7.305,8.904,5.408,1.844,5.384
/home/temp/wjq/dataset/Microsoft/origin/phil10/plyfile/frame0079.ply,1,1519472,1519472,1719088,1.131372,9.053,7.414,9.029,5.646,1.877,5.621
/home/temp/wjq/dataset/Microsoft/origin/phil10/plyfile/frame0080.ply,1,1498352,1498352,1687144,1.126,8.875,7.237,8.848,5.356,1.87,5.332
/home/temp/wjq/dataset/Microsoft/origin/phil10/plyfile/frame0081.ply,1,1537632,1537632,1736784,1.129519,9.125,7.464,9.1,5.94,1.895,5.916
/home/temp/wjq/dataset/Microsoft/origin/phil10/plyfile/frame0082.ply,1,1523504,1523504,1728248,1.13439,9.058,7.357,9.032,5.494,1.916,5.468
/home/temp/wjq/dataset/Microsoft/origin/phil10/plyfile/frame0083.ply,1,1522777,1522777,1721432,1.130456,9.002,7.371,8.98,5.522,1.882,5.497
/home/temp/wjq/dataset/Microsoft/origin/phil10/plyfile/frame0084.ply,1,1535504,1535504,1732400,1.128229,9.096,7.485,9.073,5.561,1.908,5.536
/home/temp/wjq/dataset/Microsoft/origin/phil10/plyfile/frame0085.ply,1,1543751,1543751,1753384,1.135795,9.206,7.485,9.181,5.555,1.928,5.531
/home/temp/wjq/dataset/Microsoft/origin/phil10/plyfile/frame0086.ply,1,1519221,1519221,1714432,1.128494,8.994,7.32,8.97,5.918,1.868,5.893
/home/temp/wjq/dataset/Microsoft/origin/phil10/plyfile/frame0087.ply,1,1530678,1530678,1726920,1.128206,9.035,7.389,9.007,5.496,1.897,5.472
/home/temp/wjq/dataset/Microsoft/origin/phil10/plyfile/frame0088.ply,1,1531677,1531677,1735640,1.133163,9.069,7.435,9.044,5.494,1.867,5.47
/home/temp/wjq/dataset/Microsoft/origin/phil10/plyfile/frame0089.ply,1,1518622,1518622,1730128,1.139275,8.991,7.341,8.965,5.632,1.879,5.604
/home/temp/wjq/dataset/Microsoft/origin/phil10/plyfile/frame0090.ply,1,1520019,1520019,1732072,1.139507,8.98,7.376,8.954,5.52,1.902,5.495
/home/temp/wjq/dataset/Microsoft/origin/phil10/plyfile/frame0091.ply,1,1583710,1583710,1828568,1.15461,9.359,7.681,9.334,5.655,1.946,5.63
/home/temp/wjq/dataset/Microsoft/origin/phil10/plyfile/frame0092.ply,1,1453681,1453681,1680664,1.156144,8.802,7.179,8.776,5.308,1.798,5.285
/home/temp/wjq/dataset/Microsoft/origin/phil10/plyfile/frame0093.ply,1,1492983,1492983,1736016,1.162784,8.992,7.403,8.967,5.339,1.83,5.316
/home/temp/wjq/dataset/Microsoft/origin/phil10/plyfile/frame0094.ply,1,1548521,1548521,1811232,1.169653,9.351,7.704,9.322,5.668,1.939,5.643
/home/temp/wjq/dataset/Microsoft/origin/phil10/plyfile/frame0095.ply,1,1495532,1495532,1743112,1.165546,9.026,7.428,9.0,5.394,1.85,5.371
/home/temp/wjq/dataset/Microsoft/origin/phil10/plyfile/frame0096.ply,1,1575206,1575206,1833832,1.164186,9.6,7.922,9.574,5.778,1.951,5.754
/home/temp/wjq/dataset/Microsoft/origin/phil10/plyfile/frame0097.ply,1,1575576,1575576,1839816,1.16771,9.604,7.923,9.58,5.679,1.955,5.656
/home/temp/wjq/dataset/Microsoft/origin/phil10/plyfile/frame0098.ply,1,1595812,1595812,1871064,1.172484,9.595,7.896,9.57,5.747,1.989,5.722
/home/temp/wjq/dataset/Microsoft/origin/phil10/plyfile/frame0099.ply,1,1590454,1590454,1858792,1.168718,9.694,8.015,9.671,5.799,1.978,5.776
/home/temp/wjq/dataset/Microsoft/origin/phil10/plyfile/frame0100.ply,1,1671288,1671288,1976464,1.182599,10.051,8.273,10.027,6.291,2.091,6.058
/home/temp/wjq/dataset/Microsoft/origin/phil10/plyfile/frame0101.ply,1,1637956,1637956,1936072,1.182005,9.959,8.233,9.933,5.966,2.078,5.94
/home/temp/wjq/dataset/Microsoft/origin/phil10/plyfile/frame0102.ply,1,1677172,1677172,1982896,1.182285,10.157,8.404,10.135,6.09,2.073,6.064
/home/temp/wjq/dataset/Microsoft/origin/phil10/plyfile/frame0103.ply,1,1704459,1704459,2016496,1.183071,10.312,8.495,10.289,6.464,2.119,6.439
/home/temp/wjq/dataset/Microsoft/origin/phil10/plyfile/frame0104.ply,1,1663129,1663129,1960280,1.17867,10.204,8.39,10.174,6.032,2.076,6.007
/home/temp/wjq/dataset/Microsoft/origin/phil10/plyfile/frame0105.ply,1,1667764,1667764,1954896,1.172166,10.033,8.285,10.01,6.011,2.084,5.988
/home/temp/wjq/dataset/Microsoft/origin/phil10/plyfile/frame0106.ply,1,1639079,1639079,1909960,1.165264,10.033,8.23,10.01,5.937,2.045,5.909
/home/temp/wjq/dataset/Microsoft/origin/phil10/plyfile/frame0107.ply,1,1650740,1650740,1918992,1.162504,10.452,8.276,10.428,5.948,2.042,5.922
/home/temp/wjq/dataset/Microsoft/origin/phil10/plyfile/frame0108.ply,1,1663965,1663965,1943688,1.168106,10.138,8.367,10.113,6.13,2.084,6.106
/home/temp/wjq/dataset/Microsoft/origin/phil10/plyfile/frame0109.ply,1,1559868,1559868,1792600,1.1492,9.524,7.803,9.499,5.69,1.965,5.664
/home/temp/wjq/dataset/Microsoft/origin/phil10/plyfile/frame0110.ply,1,1669906,1669906,1902840,1.139489,10.359,8.344,10.336,6.072,2.084,6.046
/home/temp/wjq/dataset/Microsoft/origin/phil10/plyfile/frame0111.ply,1,1663678,1663678,1875056,1.127055,10.111,8.361,10.085,5.997,2.04,5.973
/home/temp/wjq/dataset/Microsoft/origin/phil10/plyfile/frame0112.ply,1,1643207,1643207,1857024,1.130122,10.002,8.232,9.981,5.952,2.049,5.925
/home/temp/wjq/dataset/Microsoft/origin/phil10/plyfile/frame0113.ply,1,1656799,1656799,1865280,1.125834,10.084,8.321,10.06,6.123,2.069,6.098
/home/temp/wjq/dataset/Microsoft/origin/phil10/plyfile/frame0114.ply,1,1676674,1676674,1897768,1.131865,10.317,8.447,10.294,6.22,2.161,6.194
/home/temp/wjq/dataset/Microsoft/origin/phil10/plyfile/frame0115.ply,1,1707439,1707439,1926760,1.12845,10.444,8.556,10.418,6.37,2.258,6.343
/home/temp/wjq/dataset/Microsoft/origin/phil10/plyfile/frame0116.ply,1,1638802,1638802,1844784,1.125691,10.04,8.25,10.017,6.591,2.069,6.564
/home/temp/wjq/dataset/Microsoft/origin/phil10/plyfile/frame0117.ply,1,1669842,1669842,1890336,1.132045,10.229,8.399,10.199,6.262,2.121,6.236
/home/temp/wjq/dataset/Microsoft/origin/phil10/plyfile/frame0118.ply,1,1457788,1457788,1650088,1.131912,9.29,7.65,9.264,5.499,1.872,5.477
/home/temp/wjq/dataset/Microsoft/origin/phil10/plyfile/frame0119.ply,1,1537043,1537043,1742496,1.133668,9.796,8.017,9.774,5.681,1.982,5.656
/home/temp/wjq/dataset/Microsoft/origin/phil10/plyfile/frame0120.ply,1,1488876,1488876,1697600,1.140189,9.165,7.517,9.141,5.601,1.89,5.573
/home/temp/wjq/dataset/Microsoft/origin/phil10/plyfile/frame0121.ply,1,1387238,1387238,1578968,1.13821,8.678,6.95,8.652,5.072,1.782,5.048
/home/temp/wjq/dataset/Microsoft/origin/phil10/plyfile/frame0122.ply,1,1438239,1438239,1641832,1.141557,9.013,7.348,8.987,5.637,1.87,5.611
/home/temp/wjq/dataset/Microsoft/origin/phil10/plyfile/frame0123.ply,1,1503148,1503148,1740368,1.157815,9.325,7.537,9.296,5.605,1.867,5.578
/home/temp/wjq/dataset/Microsoft/origin/phil10/plyfile/frame0124.ply,1,1390323,1390323,1561160,1.122876,8.573,6.958,8.549,5.501,1.756,5.478
/home/temp/wjq/dataset/Microsoft/origin/phil10/plyfile/frame0125.ply,1,1505227,1505227,1714616,1.139108,9.313,7.547,9.285,5.607,1.878,5.583
/home/temp/wjq/dataset/Microsoft/origin/phil10/plyfile/frame0126.ply,1,1558234,1558234,1782248,1.143761,10.925,9.156,10.896,5.72,2.001,5.695
/home/temp/wjq/dataset/Microsoft/origin/phil10/plyfile/frame0127.ply,1,1562482,1562482,1782368,1.140729,10.629,8.875,10.6,5.941,2.061,5.916
/home/temp/wjq/dataset/Microsoft/origin/phil10/plyfile/frame0128.ply,1,1585223,1585223,1796696,1.133403,10.946,9.194,10.919,5.883,2.026,5.855
/home/temp/wjq/dataset/Microsoft/origin/phil10/plyfile/frame0129.ply,1,1591516,1591516,1810280,1.137456,10.891,9.136,10.861,5.822,2.019,5.795
/home/temp/wjq/dataset/Microsoft/origin/phil10/plyfile/frame0130.ply,1,1545613,1545613,1758576,1.137785,10.679,8.84,10.655,5.841,1.949,5.812
/home/temp/wjq/dataset/Microsoft/origin/phil10/plyfile/frame0131.ply,1,1606661,1606661,1840904,1.145795,11.197,9.35,11.17,6.099,2.073,6.064
/home/temp/wjq/dataset/Microsoft/origin/phil10/plyfile/frame0132.ply,1,1593413,1593413,1820920,1.14278,11.243,9.465,11.208,6.12,2.072,6.095
/home/temp/wjq/dataset/Microsoft/origin/phil10/plyfile/frame0133.ply,1,1563312,1563312,1796344,1.149063,10.702,8.966,10.673,5.835,2.014,5.81
/home/temp/wjq/dataset/Microsoft/origin/phil10/plyfile/frame0134.ply,1,1603014,1603014,1836568,1.145697,11.168,9.263,11.142,6.026,2.034,5.98
/home/temp/wjq/dataset/Microsoft/origin/phil10/plyfile/frame0135.ply,1,1605778,1605778,1838424,1.144881,11.373,9.586,11.339,5.9,2.045,5.875
/home/temp/wjq/dataset/Microsoft/origin/phil10/plyfile/frame0136.ply,1,1581446,1581446,1808152,1.143354,11.13,9.373,11.097,5.931,2.023,5.9
/home/temp/wjq/dataset/Microsoft/origin/phil10/plyfile/frame0137.ply,1,1599065,1599065,1832184,1.145785,10.985,9.184,10.957,6.325,2.083,6.243
/home/temp/wjq/dataset/Microsoft/origin/phil10/plyfile/frame0138.ply,1,1598995,1598995,1822768,1.139946,10.996,9.192,10.969,5.823,2.018,5.794
/home/temp/wjq/dataset/Microsoft/origin/phil10/plyfile/frame0139.ply,1,1594740,1594740,1828432,1.146539,10.954,9.17,10.931,5.9,1.997,5.873
/home/temp/wjq/dataset/Microsoft/origin/phil10/plyfile/frame0140.ply,1,1574207,1574207,1794976,1.140241,10.725,8.951,10.699,5.943,2.07,5.916
/home/temp/wjq/dataset/Microsoft/origin/phil10/plyfile/frame0141.ply,1,1580755,1580755,1814064,1.147593,10.802,9.027,10.775,5.819,1.993,5.792
/home/temp/wjq/dataset/Microsoft/origin/phil10/plyfile/frame0142.ply,1,1552689,1552689,1775144,1.143271,10.924,9.177,10.898,5.737,2.01,5.712
/home/temp/wjq/dataset/Microsoft/origin/phil10/plyfile/frame0143.ply,1,1555673,1555673,1772712,1.139515,10.887,9.162,10.864,5.739,1.952,5.662
/home/temp/wjq/dataset/Microsoft/origin/phil10/plyfile/frame0144.ply,1,1547202,1547202,1759008,1.136896,10.499,8.832,10.475,5.696,1.967,5.671
/home/temp/wjq/dataset/Microsoft/origin/phil10/plyfile/frame0145.ply,1,1525550,1525550,1745632,1.144264,10.384,8.672,10.357,5.802,1.931,5.774
/home/temp/wjq/dataset/Microsoft/origin/phil10/plyfile/frame0146.ply,1,1472264,1472264,1667640,1.132704,10.045,8.372,10.011,5.687,1.949,5.662
/home/temp/wjq/dataset/Microsoft/origin/phil10/plyfile/frame0147.ply,1,1501154,1501154,1718056,1.14449,10.651,8.959,10.621,5.773,1.909,5.748
/home/temp/wjq/dataset/Microsoft/origin/phil10/plyfile/frame0148.ply,1,1419314,1419314,1591328,1.121195,8.693,7.017,8.662,5.43,1.745,5.405
/home/temp/wjq/dataset/Microsoft/origin/phil10/plyfile/frame0149.ply,1,1466811,1466811,1657336,1.129891,9.015,7.31,8.987,5.541,1.843,5.518
/home/temp/wjq/dataset/Microsoft/origin/phil10/plyfile/frame0150.ply,1,1436930,1436930,1612992,1.122526,8.797,7.161,8.774,5.474,1.878,5.452
/home/temp/wjq/dataset/Microsoft/origin/phil10/plyfile/frame0151.ply,1,1418189,1418189,1587872,1.119648,8.712,7.099,8.688,5.162,1.787,5.138
/home/temp/wjq/dataset/Microsoft/origin/phil10/plyfile/frame0152.ply,1,1403530,1403530,1560248,1.11166,8.74,7.212,8.718,5.272,1.777,5.212
/home/temp/wjq/dataset/Microsoft/origin/phil10/plyfile/frame0153.ply,1,1428182,1428182,1599336,1.11984,8.927,7.246,8.893,5.257,1.786,5.231
/home/temp/wjq/dataset/Microsoft/origin/phil10/plyfile/frame0154.ply,1,1325197,1325197,1455440,1.098282,8.437,6.895,8.411,4.855,1.674,4.829
/home/temp/wjq/dataset/Microsoft/origin/phil10/plyfile/frame0155.ply,1,1395747,1395747,1560640,1.11814,8.628,6.979,8.602,5.168,1.778,5.138
/home/temp/wjq/dataset/Microsoft/origin/phil10/plyfile/frame0156.ply,1,1370751,1370751,1529712,1.115966,8.486,6.926,8.46,5.231,1.747,5.207
/home/temp/wjq/dataset/Microsoft/origin/phil10/plyfile/frame0157.ply,1,1354501,1354501,1526824,1.127222,9.456,7.943,9.43,5.04,1.771,5.007
/home/temp/wjq/dataset/Microsoft/origin/phil10/plyfile/frame0158.ply,1,1359764,1359764,1523064,1.120094,8.661,6.972,8.561,5.174,1.729,5.15
/home/temp/wjq/dataset/Microsoft/origin/phil10/plyfile/frame0159.ply,1,1391507,1391507,1580048,1.135494,9.758,8.202,9.723,5.247,1.775,5.222
/home/temp/wjq/dataset/Microsoft/origin/phil10/plyfile/frame0160.ply,1,1359763,1359763,1544872,1.136133,9.627,8.039,9.598,5.048,1.722,5.019
/home/temp/wjq/dataset/Microsoft/origin/phil10/plyfile/frame0161.ply,1,1363809,1363809,1551168,1.137379,9.483,7.935,9.456,5.2,1.856,5.133
/home/temp/wjq/dataset/Microsoft/origin/phil10/plyfile/frame0162.ply,1,1320885,1320885,1473640,1.115646,8.196,6.676,8.166,4.973,1.677,4.95
/home/temp/wjq/dataset/Microsoft/origin/phil10/plyfile/frame0163.ply,1,1378809,1378809,1553792,1.126909,8.642,7.009,8.546,5.148,1.752,5.124
/home/temp/wjq/dataset/Microsoft/origin/phil10/plyfile/frame0164.ply,1,1374644,1374644,1541416,1.12132,8.651,7.079,8.626,5.11,1.721,5.079
/home/temp/wjq/dataset/Microsoft/origin/phil10/plyfile/frame0165.ply,1,1356593,1356593,1509536,1.112741,8.509,6.915,8.476,5.0,1.699,4.975
/home/temp/wjq/dataset/Microsoft/origin/phil10/plyfile/frame0166.ply,1,1380746,1380746,1547520,1.120785,8.634,6.995,8.568,5.15,1.746,5.125
/home/temp/wjq/dataset/Microsoft/origin/phil10/plyfile/frame0167.ply,1,1372612,1372612,1533800,1.117432,8.872,7.207,8.844,5.378,1.811,5.357
/home/temp/wjq/dataset/Microsoft/origin/phil10/plyfile/frame0168.ply,1,1362774,1362774,1519944,1.115331,8.524,6.977,8.499,4.979,1.702,4.956
/home/temp/wjq/dataset/Microsoft/origin/phil10/plyfile/frame0169.ply,1,1365085,1365085,1530160,1.120927,8.481,6.968,8.455,5.165,1.722,5.134
/home/temp/wjq/dataset/Microsoft/origin/phil10/plyfile/frame0170.ply,1,1381910,1381910,1542616,1.116293,8.56,6.967,8.537,5.152,1.744,5.127
/home/temp/wjq/dataset/Microsoft/origin/phil10/plyfile/frame0171.ply,1,1385610,1385610,1556568,1.123381,8.543,6.98,8.519,5.088,1.751,5.065
/home/temp/wjq/dataset/Microsoft/origin/phil10/plyfile/frame0172.ply,1,1383098,1383098,1541688,1.114663,8.804,7.108,8.76,5.094,1.729,5.071
/home/temp/wjq/dataset/Microsoft/origin/phil10/plyfile/frame0173.ply,1,1399436,1399436,1561640,1.115907,8.597,7.075,8.573,5.138,1.747,5.089
/home/temp/wjq/dataset/Microsoft/origin/phil10/plyfile/frame0174.ply,1,1407126,1407126,1574560,1.11899,8.784,7.137,8.745,5.248,1.757,5.216
/home/temp/wjq/dataset/Microsoft/origin/phil10/plyfile/frame0175.ply,1,1415171,1415171,1577744,1.114879,8.748,7.15,8.723,5.252,1.73,5.228
/home/temp/wjq/dataset/Microsoft/origin/phil10/plyfile/frame0176.ply,1,1445887,1445887,1621752,1.121631,8.884,7.302,8.858,5.315,1.794,5.289
/home/temp/wjq/dataset/Microsoft/origin/phil10/plyfile/frame0177.ply,1,1453585,1453585,1637432,1.126478,8.97,7.41,8.939,5.207,1.771,5.183
/home/temp/wjq/dataset/Microsoft/origin/phil10/plyfile/frame0178.ply,1,1465354,1465354,1656728,1.130599,9.214,7.589,9.191,5.394,1.834,5.359
/home/temp/wjq/dataset/Microsoft/origin/phil10/plyfile/frame0179.ply,1,1467589,1467589,1657328,1.129286,9.005,7.422,8.982,5.405,1.767,5.382
/home/temp/wjq/dataset/Microsoft/origin/phil10/plyfile/frame0180.ply,1,1465379,1465379,1656648,1.130525,8.966,7.374,8.943,5.331,1.779,5.307
/home/temp/wjq/dataset/Microsoft/origin/phil10/plyfile/frame0181.ply,1,1459860,1459860,1652320,1.131835,9.109,7.534,9.086,5.29,1.785,5.268
/home/temp/wjq/dataset/Microsoft/origin/phil10/plyfile/frame0182.ply,1,1453424,1453424,1631552,1.122557,9.025,7.333,8.996,5.447,1.873,5.416
/home/temp/wjq/dataset/Microsoft/origin/phil10/plyfile/frame0183.ply,1,1471674,1471674,1667224,1.132876,9.067,7.439,9.039,5.456,1.854,5.43
/home/temp/wjq/dataset/Microsoft/origin/phil10/plyfile/frame0184.ply,1,1449983,1449983,1636456,1.128604,8.951,7.292,8.928,5.49,1.818,5.465
/home/temp/wjq/dataset/Microsoft/origin/phil10/plyfile/frame0185.ply,1,1455400,1455400,1646520,1.131318,9.022,7.336,8.999,5.366,1.845,5.34
/home/temp/wjq/dataset/Microsoft/origin/phil10/plyfile/frame0186.ply,1,1446601,1446601,1628312,1.125612,8.894,7.261,8.864,5.687,1.885,5.629
/home/temp/wjq/dataset/Microsoft/origin/phil10/plyfile/frame0187.ply,1,1449354,1449354,1640328,1.131765,9.275,7.643,9.248,5.517,1.87,5.494
/home/temp/wjq/dataset/Microsoft/origin/phil10/plyfile/frame0188.ply,1,1444542,1444542,1625328,1.125151,8.935,7.317,8.912,5.172,1.749,5.149
/home/temp/wjq/dataset/Microsoft/origin/phil10/plyfile/frame0189.ply,1,1445499,1445499,1640704,1.135043,8.825,7.268,8.802,5.245,1.79,5.22
/home/temp/wjq/dataset/Microsoft/origin/phil10/plyfile/frame0190.ply,1,1434875,1434875,1617376,1.127189,8.773,7.18,8.75,5.173,1.756,5.152
/home/temp/wjq/dataset/Microsoft/origin/phil10/plyfile/frame0191.ply,1,1442631,1442631,1634496,1.132997,8.778,7.234,8.752,5.314,1.821,5.287
/home/temp/wjq/dataset/Microsoft/origin/phil10/plyfile/frame0192.ply,1,1429938,1429938,1618760,1.132049,8.739,7.16,8.715,5.196,1.787,5.172
/home/temp/wjq/dataset/Microsoft/origin/phil10/plyfile/frame0193.ply,1,1431618,1431618,1613432,1.126999,8.749,7.163,8.724,5.185,1.721,5.162
/home/temp/wjq/dataset/Microsoft/origin/phil10/plyfile/frame0194.ply,1,1430191,1430191,1612136,1.127217,8.656,7.155,8.632,5.167,1.741,5.128
/home/temp/wjq/dataset/Microsoft/origin/phil10/plyfile/frame0195.ply,1,1419197,1419197,1602320,1.129033,8.604,7.089,8.581,5.052,1.709,5.029
/home/temp/wjq/dataset/Microsoft/origin/phil10/plyfile/frame0196.ply,1,1412368,1412368,1584632,1.121968,8.617,7.109,8.593,5.111,1.77,5.079
/home/temp/wjq/dataset/Microsoft/origin/phil10/plyfile/frame0197.ply,1,1426872,1426872,1605832,1.125421,8.823,7.271,8.8,5.234,1.767,5.194
/home/temp/wjq/dataset/Microsoft/origin/phil10/plyfile/frame0198.ply,1,1381312,1381312,1546552,1.119625,8.442,6.945,8.414,5.012,1.717,4.985
/home/temp/wjq/dataset/Microsoft/origin/phil10/plyfile/frame0199.ply,1,1410071,1410071,1589232,1.127058,8.67,7.094,8.637,5.167,1.738,5.14
/home/temp/wjq/dataset/Microsoft/origin/phil10/plyfile/frame0200.ply,1,1395422,1395422,1567712,1.123468,8.56,7.055,8.538,5.161,1.748,5.125
/home/temp/wjq/dataset/Microsoft/origin/phil10/plyfile/frame0201.ply,1,1389805,1389805,1562896,1.124543,8.481,6.974,8.458,5.039,1.752,5.014
/home/temp/wjq/dataset/Microsoft/origin/phil10/plyfile/frame0202.ply,1,1362743,1362743,1523384,1.117881,8.374,6.798,8.309,5.022,1.695,4.993
/home/temp/wjq/dataset/Microsoft/origin/phil10/plyfile/frame0203.ply,1,1377717,1377717,1550904,1.125706,8.452,6.873,8.43,5.083,1.703,5.051
/home/temp/wjq/dataset/Microsoft/origin/phil10/plyfile/frame0204.ply,1,1342583,1342583,1503008,1.11949,8.193,6.766,8.171,4.943,1.699,4.912
/home/temp/wjq/dataset/Microsoft/origin/phil10/plyfile/frame0205.ply,1,1380529,1380529,1562624,1.131902,8.433,6.892,8.412,5.151,1.755,5.126
/home/temp/wjq/dataset/Microsoft/origin/phil10/plyfile/frame0206.ply,1,1363408,1363408,1533176,1.124517,8.369,6.86,8.344,4.996,1.72,4.971
/home/temp/wjq/dataset/Microsoft/origin/phil10/plyfile/frame0207.ply,1,1353243,1353243,1531520,1.131741,8.276,6.775,8.225,5.016,1.703,4.992
/home/temp/wjq/dataset/Microsoft/origin/phil10/plyfile/frame0208.ply,1,1352640,1352640,1526648,1.128643,8.344,6.828,8.318,4.969,1.698,4.944
/home/temp/wjq/dataset/Microsoft/origin/phil10/plyfile/frame0209.ply,1,1345883,1345883,1526520,1.134214,8.333,6.798,8.308,4.934,1.696,4.904
/home/temp/wjq/dataset/Microsoft/origin/phil10/plyfile/frame0210.ply,1,1344385,1344385,1525344,1.134604,8.332,6.834,8.308,5.003,1.688,4.978
/home/temp/wjq/dataset/Microsoft/origin/phil10/plyfile/frame0211.ply,1,1364450,1364450,1550328,1.136229,8.337,6.841,8.304,5.07,1.711,5.038
/home/temp/wjq/dataset/Microsoft/origin/phil10/plyfile/frame0212.ply,1,1370733,1370733,1558072,1.136671,8.312,6.87,8.279,5.045,1.696,5.023
/home/temp/wjq/dataset/Microsoft/origin/phil10/plyfile/frame0213.ply,1,1362860,1362860,1537560,1.128186,8.349,6.884,8.322,5.041,1.726,5.016
/home/temp/wjq/dataset/Microsoft/origin/phil10/plyfile/frame0214.ply,1,1373385,1373385,1557616,1.134144,8.429,6.905,8.406,5.056,1.677,5.033
/home/temp/wjq/dataset/Microsoft/origin/phil10/plyfile/frame0215.ply,1,1361221,1361221,1529096,1.123327,8.371,6.868,8.334,5.0,1.735,4.971
/home/temp/wjq/dataset/Microsoft/origin/phil10/plyfile/frame0216.ply,1,1373620,1373620,1571776,1.144258,8.372,6.839,8.348,5.066,1.735,5.037
/home/temp/wjq/dataset/Microsoft/origin/phil10/plyfile/frame0217.ply,1,1360510,1360510,1533960,1.127489,8.315,6.844,8.281,4.962,1.704,4.938
/home/temp/wjq/dataset/Microsoft/origin/phil10/plyfile/frame0218.ply,1,1372968,1372968,1550104,1.129017,8.403,6.946,8.379,5.034,1.731,5.004
/home/temp/wjq/dataset/Microsoft/origin/phil10/plyfile/frame0219.ply,1,1347462,1347462,1514480,1.12395,8.232,6.711,8.208,4.98,1.663,4.947
/home/temp/wjq/dataset/Microsoft/origin/phil10/plyfile/frame0220.ply,1,1369840,1369840,1548120,1.130147,8.416,6.901,8.385,5.101,1.725,5.071
/home/temp/wjq/dataset/Microsoft/origin/phil10/plyfile/frame0221.ply,1,1376549,1376549,1555200,1.129782,8.493,6.938,8.47,5.118,1.715,5.093
/home/temp/wjq/dataset/Microsoft/origin/phil10/plyfile/frame0222.ply,1,1377187,1377187,1548072,1.124083,8.643,7.131,8.621,5.104,1.751,5.08
/home/temp/wjq/dataset/Microsoft/origin/phil10/plyfile/frame0223.ply,1,1386677,1386677,1577128,1.137343,8.503,6.939,8.472,5.134,1.735,5.11
/home/temp/wjq/dataset/Microsoft/origin/phil10/plyfile/frame0224.ply,1,1376179,1376179,1561896,1.134951,8.439,6.898,8.411,5.059,1.76,5.035
/home/temp/wjq/dataset/Microsoft/origin/phil10/plyfile/frame0225.ply,1,1381719,1381719,1558768,1.128137,8.515,6.982,8.491,5.119,1.767,5.095
/home/temp/wjq/dataset/Microsoft/origin/phil10/plyfile/frame0226.ply,1,1390246,1390246,1581600,1.13764,8.523,6.997,8.489,5.121,1.739,5.096
/home/temp/wjq/dataset/Microsoft/origin/phil10/plyfile/frame0227.ply,1,1382184,1382184,1561152,1.129482,8.452,6.926,8.418,4.971,1.666,4.948
/home/temp/wjq/dataset/Microsoft/origin/phil10/plyfile/frame0228.ply,1,1393959,1393959,1577128,1.131402,8.512,6.987,8.488,5.149,1.763,5.125
/home/temp/wjq/dataset/Microsoft/origin/phil10/plyfile/frame0229.ply,1,1383769,1383769,1557168,1.125309,8.506,6.97,8.484,5.066,1.723,5.042
/home/temp/wjq/dataset/Microsoft/origin/phil10/plyfile/frame0230.ply,1,1403798,1403798,1586344,1.130037,8.603,7.051,8.575,5.176,1.767,5.144
/home/temp/wjq/dataset/Microsoft/origin/phil10/plyfile/frame0231.ply,1,1402746,1402746,1583176,1.128626,8.639,7.119,8.616,5.176,1.759,5.151
/home/temp/wjq/dataset/Microsoft/origin/phil10/plyfile/frame0232.ply,1,1394818,1394818,1572384,1.127304,8.704,7.097,8.673,5.067,1.714,5.043
/home/temp/wjq/dataset/Microsoft/origin/phil10/plyfile/frame0233.ply,1,1392618,1392618,1565736,1.124311,8.549,7.046,8.526,5.026,1.756,5.001
/home/temp/wjq/dataset/Microsoft/origin/phil10/plyfile/frame0234.ply,1,1404474,1404474,1582456,1.126725,8.629,7.063,8.597,5.158,1.775,5.13
/home/temp/wjq/dataset/Microsoft/origin/phil10/plyfile/frame0235.ply,1,1401219,1401219,1573600,1.123022,8.688,7.092,8.665,5.076,1.751,5.05
/home/temp/wjq/dataset/Microsoft/origin/phil10/plyfile/frame0236.ply,1,1404066,1404066,1578992,1.124585,8.665,7.158,8.625,5.145,1.776,5.119
/home/temp/wjq/dataset/Microsoft/origin/phil10/plyfile/frame0237.ply,1,1436908,1436908,1619104,1.126797,8.835,7.25,8.812,5.153,1.808,5.123
/home/temp/wjq/dataset/Microsoft/origin/phil10/plyfile/frame0238.ply,1,1425972,1425972,1604472,1.125178,8.7,7.172,8.675,5.206,1.79,5.181
/home/temp/wjq/dataset/Microsoft/origin/phil10/plyfile/frame0239.ply,1,1443138,1443138,1635856,1.133541,8.87,7.31,8.845,5.246,1.823,5.225
/home/temp/wjq/dataset/Microsoft/origin/phil10/plyfile/frame0240.ply,1,1455347,1455347,1665816,1.144618,9.021,7.365,8.992,5.224,1.773,5.198
/home/temp/wjq/dataset/Microsoft/origin/phil10/plyfile/frame0241.ply,1,1441372,1441372,1645160,1.141385,8.88,7.282,8.85,5.206,1.823,5.177
/home/temp/wjq/dataset/Microsoft/origin/phil10/plyfile/frame0242.ply,1,1452481,1452481,1655408,1.139711,9.033,7.279,9.009,5.221,1.778,5.198
/home/temp/wjq/dataset/Microsoft/origin/phil10/plyfile/frame0243.ply,1,1447542,1447542,1641736,1.134154,8.896,7.285,8.872,5.206,1.782,5.169
/home/temp/wjq/dataset/Microsoft/origin/phil10/plyfile/frame0244.ply,1,1457932,1457932,1665976,1.142698,8.792,7.221,8.768,5.309,1.798,5.287
