filedir,posQuantscale,num_points_raw,num_points,file_size,bpp,enc_time,enc_time_user,enc_time_wall,dec_time,dec_time_user,dec_time_wall
/home/temp/wjq/dataset/8iVFB/seqs/redandblack/redandblack_vox10_1450.ply,1,729133,729133,791552,1.085607,4.431,3.604,4.403,2.97,1.037,2.936
/home/temp/wjq/dataset/8iVFB/seqs/redandblack/redandblack_vox10_1451.ply,1,720568,720568,778960,1.081036,4.415,3.605,4.389,2.814,0.989,2.787
/home/temp/wjq/dataset/8iVFB/seqs/redandblack/redandblack_vox10_1452.ply,1,710926,710926,772968,1.087269,4.31,3.524,4.284,2.695,0.966,2.67
/home/temp/wjq/dataset/8iVFB/seqs/redandblack/redandblack_vox10_1453.ply,1,700531,700531,760936,1.086227,4.257,3.486,4.232,2.659,0.981,2.632
/home/temp/wjq/dataset/8iVFB/seqs/redandblack/redandblack_vox10_1454.ply,1,687772,687772,740320,1.076403,4.21,3.443,4.184,2.829,0.97,2.802
/home/temp/wjq/dataset/8iVFB/seqs/redandblack/redandblack_vox10_1455.ply,1,679424,679424,729280,1.07338,4.138,3.359,4.113,2.632,0.928,2.606
/home/temp/wjq/dataset/8iVFB/seqs/redandblack/redandblack_vox10_1456.ply,1,687923,687923,745408,1.083563,4.187,3.405,4.161,2.627,0.967,2.599
/home/temp/wjq/dataset/8iVFB/seqs/redandblack/redandblack_vox10_1457.ply,1,693928,693928,742312,1.069725,4.19,3.435,4.165,2.607,0.929,2.578
/home/temp/wjq/dataset/8iVFB/seqs/redandblack/redandblack_vox10_1458.ply,1,701040,701040,746128,1.064316,4.241,3.469,4.217,2.627,0.947,2.601
/home/temp/wjq/dataset/8iVFB/seqs/redandblack/redandblack_vox10_1459.ply,1,712721,712721,774416,1.086563,4.523,3.572,4.499,2.692,0.965,2.667
/home/temp/wjq/dataset/8iVFB/seqs/redandblack/redandblack_vox10_1460.ply,1,710964,710964,768616,1.08109,4.352,3.549,4.326,2.708,0.982,2.681
/home/temp/wjq/dataset/8iVFB/seqs/redandblack/redandblack_vox10_1461.ply,1,711628,711628,762984,1.072167,4.313,3.536,4.288,2.869,0.972,2.843
/home/temp/wjq/dataset/8iVFB/seqs/redandblack/redandblack_vox10_1462.ply,1,711749,711749,757656,1.064499,4.527,3.563,4.502,2.731,0.992,2.708
/home/temp/wjq/dataset/8iVFB/seqs/redandblack/redandblack_vox10_1463.ply,1,710795,710795,757248,1.065354,4.308,3.538,4.283,2.693,0.955,2.668
/home/temp/wjq/dataset/8iVFB/seqs/redandblack/redandblack_vox10_1464.ply,1,704761,704761,752376,1.067562,4.277,3.512,4.252,2.843,0.966,2.817
/home/temp/wjq/dataset/8iVFB/seqs/redandblack/redandblack_vox10_1465.ply,1,695940,695940,733224,1.053574,4.224,3.462,4.199,2.662,0.979,2.639
/home/temp/wjq/dataset/8iVFB/seqs/redandblack/redandblack_vox10_1466.ply,1,692949,692949,730304,1.053907,4.218,3.447,4.194,2.831,0.94,2.805
/home/temp/wjq/dataset/8iVFB/seqs/redandblack/redandblack_vox10_1467.ply,1,692450,692450,741448,1.07076,4.407,3.445,4.38,2.595,0.947,2.569
/home/temp/wjq/dataset/8iVFB/seqs/redandblack/redandblack_vox10_1468.ply,1,684776,684776,717200,1.04735,4.392,3.424,4.157,2.897,0.94,2.87
/home/temp/wjq/dataset/8iVFB/seqs/redandblack/redandblack_vox10_1469.ply,1,684693,684693,712696,1.040899,4.373,3.414,4.141,2.612,0.971,2.587
/home/temp/wjq/dataset/8iVFB/seqs/redandblack/redandblack_vox10_1470.ply,1,689714,689714,716064,1.038204,4.181,3.433,4.156,2.597,0.942,2.571
/home/temp/wjq/dataset/8iVFB/seqs/redandblack/redandblack_vox10_1471.ply,1,695420,695420,718472,1.033148,4.207,3.451,4.179,2.624,0.949,2.598
/home/temp/wjq/dataset/8iVFB/seqs/redandblack/redandblack_vox10_1472.ply,1,700505,700505,723144,1.032318,4.264,3.474,4.239,2.653,0.981,2.626
/home/temp/wjq/dataset/8iVFB/seqs/redandblack/redandblack_vox10_1473.ply,1,713159,713159,737360,1.033935,4.306,3.545,4.283,2.695,0.984,2.669
/home/temp/wjq/dataset/8iVFB/seqs/redandblack/redandblack_vox10_1474.ply,1,720167,720167,758896,1.053778,4.438,3.582,4.412,2.724,0.98,2.699
/home/temp/wjq/dataset/8iVFB/seqs/redandblack/redandblack_vox10_1475.ply,1,730591,730591,774832,1.060555,4.417,3.63,4.39,2.748,1.005,2.723
/home/temp/wjq/dataset/8iVFB/seqs/redandblack/redandblack_vox10_1476.ply,1,732930,732930,780368,1.064724,4.519,3.681,4.491,3.008,0.996,2.979
/home/temp/wjq/dataset/8iVFB/seqs/redandblack/redandblack_vox10_1477.ply,1,731655,731655,785240,1.073238,4.463,3.645,4.44,2.872,1.033,2.845
/home/temp/wjq/dataset/8iVFB/seqs/redandblack/redandblack_vox10_1478.ply,1,732071,732071,787720,1.076016,4.479,3.675,4.454,2.9,1.024,2.873
/home/temp/wjq/dataset/8iVFB/seqs/redandblack/redandblack_vox10_1479.ply,1,729715,729715,767336,1.051556,4.865,3.638,4.835,2.784,1.016,2.757
/home/temp/wjq/dataset/8iVFB/seqs/redandblack/redandblack_vox10_1480.ply,1,729064,729064,773864,1.061449,4.429,3.649,4.403,2.738,0.989,2.712
/home/temp/wjq/dataset/8iVFB/seqs/redandblack/redandblack_vox10_1481.ply,1,725127,725127,761360,1.049968,4.44,3.605,4.413,2.763,1.016,2.737
/home/temp/wjq/dataset/8iVFB/seqs/redandblack/redandblack_vox10_1482.ply,1,737605,737605,794480,1.077108,4.487,3.675,4.463,3.022,1.049,2.995
/home/temp/wjq/dataset/8iVFB/seqs/redandblack/redandblack_vox10_1483.ply,1,744432,744432,790048,1.061276,4.554,3.707,4.529,2.829,1.059,2.802
/home/temp/wjq/dataset/8iVFB/seqs/redandblack/redandblack_vox10_1484.ply,1,743601,743601,786112,1.057169,4.486,3.668,4.461,2.842,1.045,2.815
/home/temp/wjq/dataset/8iVFB/seqs/redandblack/redandblack_vox10_1485.ply,1,747102,747102,788256,1.055085,4.723,3.713,4.492,2.817,1.018,2.79
/home/temp/wjq/dataset/8iVFB/seqs/redandblack/redandblack_vox10_1486.ply,1,747683,747683,787456,1.053195,4.544,3.744,4.519,2.838,1.022,2.812
/home/temp/wjq/dataset/8iVFB/seqs/redandblack/redandblack_vox10_1487.ply,1,748815,748815,798512,1.066368,4.529,3.706,4.504,3.02,1.024,2.994
/home/temp/wjq/dataset/8iVFB/seqs/redandblack/redandblack_vox10_1488.ply,1,750230,750230,805640,1.073857,4.569,3.757,4.544,2.865,1.037,2.837
/home/temp/wjq/dataset/8iVFB/seqs/redandblack/redandblack_vox10_1489.ply,1,753663,753663,822384,1.091183,4.629,3.787,4.603,2.966,1.068,2.941
/home/temp/wjq/dataset/8iVFB/seqs/redandblack/redandblack_vox10_1490.ply,1,763974,763974,847248,1.109001,4.637,3.805,4.611,2.913,1.069,2.886
/home/temp/wjq/dataset/8iVFB/seqs/redandblack/redandblack_vox10_1491.ply,1,761677,761677,832816,1.093398,4.609,3.806,4.586,2.897,1.099,2.875
/home/temp/wjq/dataset/8iVFB/seqs/redandblack/redandblack_vox10_1492.ply,1,768240,768240,844456,1.099209,4.707,3.81,4.682,2.942,1.086,2.914
/home/temp/wjq/dataset/8iVFB/seqs/redandblack/redandblack_vox10_1493.ply,1,771131,771131,845376,1.096281,4.658,3.834,4.633,2.897,1.061,2.871
/home/temp/wjq/dataset/8iVFB/seqs/redandblack/redandblack_vox10_1494.ply,1,770976,770976,840296,1.089912,4.731,3.836,4.705,2.896,1.071,2.87
/home/temp/wjq/dataset/8iVFB/seqs/redandblack/redandblack_vox10_1495.ply,1,771825,771825,847600,1.098176,4.719,3.842,4.694,2.94,1.045,2.914
/home/temp/wjq/dataset/8iVFB/seqs/redandblack/redandblack_vox10_1496.ply,1,766581,766581,840880,1.096923,4.646,3.837,4.62,2.887,1.048,2.861
/home/temp/wjq/dataset/8iVFB/seqs/redandblack/redandblack_vox10_1497.ply,1,759669,759669,838824,1.104197,4.82,3.798,4.793,3.063,1.046,2.829
/home/temp/wjq/dataset/8iVFB/seqs/redandblack/redandblack_vox10_1498.ply,1,740129,740129,819296,1.106964,4.491,3.685,4.467,2.822,1.015,2.797
/home/temp/wjq/dataset/8iVFB/seqs/redandblack/redandblack_vox10_1499.ply,1,736077,736077,823808,1.119187,4.464,3.697,4.437,2.97,1.005,2.736
/home/temp/wjq/dataset/8iVFB/seqs/redandblack/redandblack_vox10_1500.ply,1,717689,717689,786592,1.096007,4.343,3.567,4.316,2.732,0.992,2.706
/home/temp/wjq/dataset/8iVFB/seqs/redandblack/redandblack_vox10_1501.ply,1,708412,708412,770384,1.08748,4.287,3.507,4.263,2.783,0.997,2.76
/home/temp/wjq/dataset/8iVFB/seqs/redandblack/redandblack_vox10_1502.ply,1,704687,704687,765016,1.085611,4.514,3.536,4.491,2.693,0.993,2.667
/home/temp/wjq/dataset/8iVFB/seqs/redandblack/redandblack_vox10_1503.ply,1,704304,704304,761592,1.08134,4.53,3.534,4.3,2.892,0.968,2.659
/home/temp/wjq/dataset/8iVFB/seqs/redandblack/redandblack_vox10_1504.ply,1,708480,708480,767640,1.083503,4.338,3.568,4.311,2.689,0.961,2.66
/home/temp/wjq/dataset/8iVFB/seqs/redandblack/redandblack_vox10_1505.ply,1,709183,709183,771864,1.088385,4.511,3.525,4.281,2.68,0.965,2.653
/home/temp/wjq/dataset/8iVFB/seqs/redandblack/redandblack_vox10_1506.ply,1,712220,712220,771952,1.083867,4.333,3.546,4.308,2.723,0.98,2.697
/home/temp/wjq/dataset/8iVFB/seqs/redandblack/redandblack_vox10_1507.ply,1,719171,719171,795984,1.106808,4.578,3.576,4.548,2.727,0.977,2.702
/home/temp/wjq/dataset/8iVFB/seqs/redandblack/redandblack_vox10_1508.ply,1,708325,708325,776368,1.096062,4.298,3.532,4.273,2.872,0.956,2.64
/home/temp/wjq/dataset/8iVFB/seqs/redandblack/redandblack_vox10_1509.ply,1,699283,699283,757136,1.082732,4.241,3.487,4.216,2.676,0.945,2.649
/home/temp/wjq/dataset/8iVFB/seqs/redandblack/redandblack_vox10_1510.ply,1,693899,693899,752000,1.083731,4.213,3.459,4.188,2.603,0.946,2.577
/home/temp/wjq/dataset/8iVFB/seqs/redandblack/redandblack_vox10_1511.ply,1,683131,683131,738048,1.08039,4.159,3.417,4.134,2.666,0.954,2.639
/home/temp/wjq/dataset/8iVFB/seqs/redandblack/redandblack_vox10_1512.ply,1,675460,675460,722944,1.070299,4.105,3.327,4.081,2.601,0.96,2.577
/home/temp/wjq/dataset/8iVFB/seqs/redandblack/redandblack_vox10_1513.ply,1,667978,667978,710688,1.063939,4.073,3.326,4.048,2.528,0.932,2.502
/home/temp/wjq/dataset/8iVFB/seqs/redandblack/redandblack_vox10_1514.ply,1,663587,663587,699504,1.054126,4.035,3.306,4.01,2.53,0.925,2.503
/home/temp/wjq/dataset/8iVFB/seqs/redandblack/redandblack_vox10_1515.ply,1,658317,658317,693560,1.053535,4.0,3.249,3.975,2.536,0.929,2.509
/home/temp/wjq/dataset/8iVFB/seqs/redandblack/redandblack_vox10_1516.ply,1,655449,655449,694392,1.059414,4.011,3.289,3.986,2.504,0.928,2.481
/home/temp/wjq/dataset/8iVFB/seqs/redandblack/redandblack_vox10_1517.ply,1,655417,655417,701672,1.070573,3.989,3.26,3.964,2.504,0.931,2.481
/home/temp/wjq/dataset/8iVFB/seqs/redandblack/redandblack_vox10_1518.ply,1,650142,650142,685792,1.054834,3.939,3.214,3.913,2.682,0.908,2.655
/home/temp/wjq/dataset/8iVFB/seqs/redandblack/redandblack_vox10_1519.ply,1,651561,651561,686496,1.053617,3.942,3.245,3.914,2.447,0.89,2.423
/home/temp/wjq/dataset/8iVFB/seqs/redandblack/redandblack_vox10_1520.ply,1,644978,644978,682344,1.057934,3.916,3.216,3.891,2.702,0.927,2.675
/home/temp/wjq/dataset/8iVFB/seqs/redandblack/redandblack_vox10_1521.ply,1,654004,654004,697952,1.067198,3.957,3.243,3.932,2.503,0.898,2.48
/home/temp/wjq/dataset/8iVFB/seqs/redandblack/redandblack_vox10_1522.ply,1,658136,658136,704944,1.071122,3.992,3.261,3.965,3.193,0.939,2.543
/home/temp/wjq/dataset/8iVFB/seqs/redandblack/redandblack_vox10_1523.ply,1,670593,670593,714064,1.064825,4.074,3.332,4.05,2.583,0.944,2.557
/home/temp/wjq/dataset/8iVFB/seqs/redandblack/redandblack_vox10_1524.ply,1,680662,680662,731336,1.074448,4.158,3.414,4.135,2.845,0.98,2.818
/home/temp/wjq/dataset/8iVFB/seqs/redandblack/redandblack_vox10_1525.ply,1,694518,694518,754368,1.086175,4.235,3.465,4.212,3.049,0.976,2.816
/home/temp/wjq/dataset/8iVFB/seqs/redandblack/redandblack_vox10_1526.ply,1,694741,694741,753240,1.084203,4.209,3.447,4.185,2.62,0.954,2.595
/home/temp/wjq/dataset/8iVFB/seqs/redandblack/redandblack_vox10_1527.ply,1,696763,696763,757752,1.087532,4.228,3.463,4.203,2.672,0.984,2.644
/home/temp/wjq/dataset/8iVFB/seqs/redandblack/redandblack_vox10_1528.ply,1,704106,704106,763920,1.08495,4.301,3.517,4.275,2.735,0.99,2.709
/home/temp/wjq/dataset/8iVFB/seqs/redandblack/redandblack_vox10_1529.ply,1,706094,706094,774176,1.096421,4.543,3.526,4.517,2.911,1.007,2.882
/home/temp/wjq/dataset/8iVFB/seqs/redandblack/redandblack_vox10_1530.ply,1,712765,712765,785112,1.101502,4.351,3.542,4.327,2.69,0.976,2.665
/home/temp/wjq/dataset/8iVFB/seqs/redandblack/redandblack_vox10_1531.ply,1,720396,720396,789496,1.095919,4.375,3.592,4.35,2.715,0.996,2.69
/home/temp/wjq/dataset/8iVFB/seqs/redandblack/redandblack_vox10_1532.ply,1,725262,725262,787280,1.085511,4.395,3.617,4.371,2.754,0.997,2.729
/home/temp/wjq/dataset/8iVFB/seqs/redandblack/redandblack_vox10_1533.ply,1,732903,732903,796952,1.087391,4.441,3.668,4.418,2.773,0.995,2.747
/home/temp/wjq/dataset/8iVFB/seqs/redandblack/redandblack_vox10_1534.ply,1,734413,734413,811616,1.105122,4.464,3.654,4.44,2.817,1.03,2.788
/home/temp/wjq/dataset/8iVFB/seqs/redandblack/redandblack_vox10_1535.ply,1,741166,741166,830984,1.121185,4.525,3.697,4.503,2.851,1.044,2.824
/home/temp/wjq/dataset/8iVFB/seqs/redandblack/redandblack_vox10_1536.ply,1,739019,739019,823960,1.114938,4.499,3.68,4.476,2.785,1.023,2.759
/home/temp/wjq/dataset/8iVFB/seqs/redandblack/redandblack_vox10_1537.ply,1,735775,735775,824224,1.120212,4.452,3.648,4.427,2.8,0.991,2.774
/home/temp/wjq/dataset/8iVFB/seqs/redandblack/redandblack_vox10_1538.ply,1,733673,733673,815384,1.111373,4.478,3.65,4.454,2.801,1.038,2.774
/home/temp/wjq/dataset/8iVFB/seqs/redandblack/redandblack_vox10_1539.ply,1,737787,737787,817424,1.10794,4.501,3.683,4.478,2.822,1.05,2.795
/home/temp/wjq/dataset/8iVFB/seqs/redandblack/redandblack_vox10_1540.ply,1,734954,734954,804888,1.095154,4.487,3.697,4.463,2.809,1.033,2.782
/home/temp/wjq/dataset/8iVFB/seqs/redandblack/redandblack_vox10_1541.ply,1,735366,735366,808448,1.099382,4.475,3.658,4.454,2.813,1.042,2.786
/home/temp/wjq/dataset/8iVFB/seqs/redandblack/redandblack_vox10_1542.ply,1,729055,729055,809872,1.110852,4.436,3.618,4.413,2.782,1.03,2.756
/home/temp/wjq/dataset/8iVFB/seqs/redandblack/redandblack_vox10_1543.ply,1,722573,722573,790928,1.094599,4.383,3.608,4.36,2.733,1.015,2.706
/home/temp/wjq/dataset/8iVFB/seqs/redandblack/redandblack_vox10_1544.ply,1,721784,721784,786168,1.089201,4.362,3.573,4.338,2.74,1.007,2.714
/home/temp/wjq/dataset/8iVFB/seqs/redandblack/redandblack_vox10_1545.ply,1,722669,722669,785136,1.086439,4.391,3.614,4.364,2.762,1.034,2.735
/home/temp/wjq/dataset/8iVFB/seqs/redandblack/redandblack_vox10_1546.ply,1,733932,733932,791880,1.078956,4.433,3.657,4.41,2.813,1.037,2.786
/home/temp/wjq/dataset/8iVFB/seqs/redandblack/redandblack_vox10_1547.ply,1,745507,745507,819296,1.098978,4.516,3.718,4.492,2.805,1.008,2.779
/home/temp/wjq/dataset/8iVFB/seqs/redandblack/redandblack_vox10_1548.ply,1,741949,741949,813184,1.096011,4.495,3.705,4.472,2.846,1.026,2.821
/home/temp/wjq/dataset/8iVFB/seqs/redandblack/redandblack_vox10_1549.ply,1,742227,742227,803008,1.08189,4.517,3.71,4.491,2.808,1.017,2.782
/home/temp/wjq/dataset/8iVFB/seqs/redandblack/redandblack_vox10_1550.ply,1,757691,757691,833200,1.099657,4.584,3.734,4.559,2.856,1.036,2.831
/home/temp/wjq/dataset/8iVFB/seqs/redandblack/redandblack_vox10_1551.ply,1,759090,759090,825120,1.086986,4.593,3.79,4.568,2.913,1.077,2.889
/home/temp/wjq/dataset/8iVFB/seqs/redandblack/redandblack_vox10_1552.ply,1,764862,764862,835816,1.092767,4.639,3.823,4.614,2.888,1.069,2.86
/home/temp/wjq/dataset/8iVFB/seqs/redandblack/redandblack_vox10_1553.ply,1,768956,768956,856656,1.114051,4.697,3.867,4.669,2.924,1.093,2.897
/home/temp/wjq/dataset/8iVFB/seqs/redandblack/redandblack_vox10_1554.ply,1,764865,764865,852056,1.113995,4.626,3.802,4.601,2.854,1.038,2.829
/home/temp/wjq/dataset/8iVFB/seqs/redandblack/redandblack_vox10_1555.ply,1,765626,765626,860456,1.123859,4.633,3.808,4.609,2.911,1.058,2.884
/home/temp/wjq/dataset/8iVFB/seqs/redandblack/redandblack_vox10_1556.ply,1,754898,754898,825432,1.093435,4.562,3.741,4.539,2.872,1.033,2.847
/home/temp/wjq/dataset/8iVFB/seqs/redandblack/redandblack_vox10_1557.ply,1,747271,747271,812816,1.087712,4.508,3.723,4.484,2.794,1.029,2.769
/home/temp/wjq/dataset/8iVFB/seqs/redandblack/redandblack_vox10_1558.ply,1,746706,746706,813152,1.088985,4.53,3.737,4.507,2.82,1.01,2.795
/home/temp/wjq/dataset/8iVFB/seqs/redandblack/redandblack_vox10_1559.ply,1,746468,746468,811432,1.087029,4.524,3.711,4.501,2.852,1.031,2.828
/home/temp/wjq/dataset/8iVFB/seqs/redandblack/redandblack_vox10_1560.ply,1,740724,740724,806024,1.088157,4.48,3.713,4.456,2.784,1.005,2.76
/home/temp/wjq/dataset/8iVFB/seqs/redandblack/redandblack_vox10_1561.ply,1,741541,741541,816328,1.100853,4.498,3.701,4.473,2.799,1.012,2.773
/home/temp/wjq/dataset/8iVFB/seqs/redandblack/redandblack_vox10_1562.ply,1,731296,731296,799336,1.09304,4.464,3.634,4.441,2.824,1.029,2.798
/home/temp/wjq/dataset/8iVFB/seqs/redandblack/redandblack_vox10_1563.ply,1,716297,716297,774960,1.081898,4.334,3.574,4.31,2.692,0.966,2.666
/home/temp/wjq/dataset/8iVFB/seqs/redandblack/redandblack_vox10_1564.ply,1,708278,708278,756824,1.068541,4.277,3.534,4.253,2.684,0.964,2.657
/home/temp/wjq/dataset/8iVFB/seqs/redandblack/redandblack_vox10_1565.ply,1,704228,704228,745688,1.058873,4.257,3.525,4.233,2.672,0.951,2.646
/home/temp/wjq/dataset/8iVFB/seqs/redandblack/redandblack_vox10_1566.ply,1,695756,695756,717864,1.031776,4.2,3.457,4.178,2.61,0.95,2.585
/home/temp/wjq/dataset/8iVFB/seqs/redandblack/redandblack_vox10_1567.ply,1,698374,698374,719848,1.030749,4.216,3.473,4.193,2.612,0.944,2.587
/home/temp/wjq/dataset/8iVFB/seqs/redandblack/redandblack_vox10_1568.ply,1,698395,698395,719408,1.030088,4.232,3.441,4.211,2.637,0.976,2.61
/home/temp/wjq/dataset/8iVFB/seqs/redandblack/redandblack_vox10_1569.ply,1,702208,702208,731064,1.041093,4.241,3.496,4.218,2.68,0.958,2.655
/home/temp/wjq/dataset/8iVFB/seqs/redandblack/redandblack_vox10_1570.ply,1,708297,708297,741920,1.04747,4.305,3.524,4.283,2.672,0.959,2.646
/home/temp/wjq/dataset/8iVFB/seqs/redandblack/redandblack_vox10_1571.ply,1,715188,715188,755104,1.055812,4.367,3.56,4.341,2.736,0.962,2.71
/home/temp/wjq/dataset/8iVFB/seqs/redandblack/redandblack_vox10_1572.ply,1,725662,725662,780968,1.076215,4.389,3.595,4.366,2.73,1.0,2.705
/home/temp/wjq/dataset/8iVFB/seqs/redandblack/redandblack_vox10_1573.ply,1,724217,724217,775624,1.070983,4.38,3.593,4.356,2.766,0.969,2.741
/home/temp/wjq/dataset/8iVFB/seqs/redandblack/redandblack_vox10_1574.ply,1,720006,720006,771664,1.071747,4.358,3.587,4.334,2.711,0.988,2.686
/home/temp/wjq/dataset/8iVFB/seqs/redandblack/redandblack_vox10_1575.ply,1,727256,727256,793536,1.091137,4.409,3.636,4.386,2.733,0.989,2.708
/home/temp/wjq/dataset/8iVFB/seqs/redandblack/redandblack_vox10_1576.ply,1,728670,728670,799024,1.096551,4.403,3.605,4.379,2.753,1.008,2.727
/home/temp/wjq/dataset/8iVFB/seqs/redandblack/redandblack_vox10_1577.ply,1,729085,729085,801952,1.099943,4.444,3.631,4.419,2.795,1.022,2.768
/home/temp/wjq/dataset/8iVFB/seqs/redandblack/redandblack_vox10_1578.ply,1,734873,734873,813144,1.10651,4.485,3.667,4.46,2.795,1.009,2.768
/home/temp/wjq/dataset/8iVFB/seqs/redandblack/redandblack_vox10_1579.ply,1,734347,734347,811616,1.105221,4.468,3.672,4.443,2.802,1.029,2.775
/home/temp/wjq/dataset/8iVFB/seqs/redandblack/redandblack_vox10_1580.ply,1,730186,730186,801672,1.097901,4.438,3.643,4.413,2.745,0.995,2.72
/home/temp/wjq/dataset/8iVFB/seqs/redandblack/redandblack_vox10_1581.ply,1,722185,722185,782568,1.083612,4.407,3.595,4.384,2.745,1.006,2.718
/home/temp/wjq/dataset/8iVFB/seqs/redandblack/redandblack_vox10_1582.ply,1,725000,725000,795264,1.096916,4.385,3.613,4.361,2.723,0.989,2.697
/home/temp/wjq/dataset/8iVFB/seqs/redandblack/redandblack_vox10_1583.ply,1,705830,705830,745256,1.055858,4.31,3.515,4.285,2.67,0.98,2.643
/home/temp/wjq/dataset/8iVFB/seqs/redandblack/redandblack_vox10_1584.ply,1,700624,700624,739688,1.055756,4.271,3.501,4.245,2.666,0.986,2.639
/home/temp/wjq/dataset/8iVFB/seqs/redandblack/redandblack_vox10_1585.ply,1,696883,696883,739816,1.061607,4.243,3.468,4.218,2.688,0.975,2.661
/home/temp/wjq/dataset/8iVFB/seqs/redandblack/redandblack_vox10_1586.ply,1,684188,684188,721104,1.053956,4.132,3.397,4.108,2.568,0.925,2.543
/home/temp/wjq/dataset/8iVFB/seqs/redandblack/redandblack_vox10_1587.ply,1,679123,679123,714296,1.051792,4.103,3.359,4.078,2.609,0.956,2.581
/home/temp/wjq/dataset/8iVFB/seqs/redandblack/redandblack_vox10_1588.ply,1,678902,678902,720440,1.061184,4.116,3.378,4.093,2.591,0.968,2.564
/home/temp/wjq/dataset/8iVFB/seqs/redandblack/redandblack_vox10_1589.ply,1,682724,682724,739000,1.082429,4.166,3.412,4.141,2.603,0.974,2.576
/home/temp/wjq/dataset/8iVFB/seqs/redandblack/redandblack_vox10_1590.ply,1,683436,683436,740072,1.08287,4.144,3.427,4.119,2.624,0.946,2.598
/home/temp/wjq/dataset/8iVFB/seqs/redandblack/redandblack_vox10_1591.ply,1,684671,684671,743008,1.085204,4.188,3.396,4.165,2.612,0.954,2.585
/home/temp/wjq/dataset/8iVFB/seqs/redandblack/redandblack_vox10_1592.ply,1,693074,693074,761032,1.098053,4.23,3.428,4.205,2.682,0.991,2.655
/home/temp/wjq/dataset/8iVFB/seqs/redandblack/redandblack_vox10_1593.ply,1,699476,699476,763792,1.091949,4.267,3.488,4.245,2.895,0.985,2.868
/home/temp/wjq/dataset/8iVFB/seqs/redandblack/redandblack_vox10_1594.ply,1,706421,706421,777336,1.100386,4.284,3.535,4.259,2.653,0.948,2.627
/home/temp/wjq/dataset/8iVFB/seqs/redandblack/redandblack_vox10_1595.ply,1,708156,708156,770064,1.087421,4.303,3.558,4.28,2.66,0.964,2.635
/home/temp/wjq/dataset/8iVFB/seqs/redandblack/redandblack_vox10_1596.ply,1,715267,715267,784368,1.096609,4.339,3.573,4.314,2.73,0.988,2.703
/home/temp/wjq/dataset/8iVFB/seqs/redandblack/redandblack_vox10_1597.ply,1,717084,717084,778592,1.085775,4.35,3.574,4.326,2.693,0.986,2.668
/home/temp/wjq/dataset/8iVFB/seqs/redandblack/redandblack_vox10_1598.ply,1,717922,717922,768368,1.070267,4.381,3.615,4.357,2.716,1.014,2.689
/home/temp/wjq/dataset/8iVFB/seqs/redandblack/redandblack_vox10_1599.ply,1,727437,727437,790488,1.086676,4.4,3.624,4.378,2.721,0.985,2.696
/home/temp/wjq/dataset/8iVFB/seqs/redandblack/redandblack_vox10_1600.ply,1,734936,734936,801904,1.091121,4.439,3.659,4.416,2.821,1.015,2.793
/home/temp/wjq/dataset/8iVFB/seqs/redandblack/redandblack_vox10_1601.ply,1,743309,743309,822648,1.106738,4.537,3.717,4.515,2.835,1.049,2.808
/home/temp/wjq/dataset/8iVFB/seqs/redandblack/redandblack_vox10_1602.ply,1,754686,754686,841568,1.115123,4.577,3.769,4.553,2.893,1.058,2.866
/home/temp/wjq/dataset/8iVFB/seqs/redandblack/redandblack_vox10_1603.ply,1,766272,766272,860120,1.122473,4.645,3.832,4.62,3.121,1.074,3.094
/home/temp/wjq/dataset/8iVFB/seqs/redandblack/redandblack_vox10_1604.ply,1,774404,774404,861408,1.11235,4.695,3.855,4.67,2.894,1.06,2.868
/home/temp/wjq/dataset/8iVFB/seqs/redandblack/redandblack_vox10_1605.ply,1,792846,792846,908496,1.145867,4.824,3.951,4.798,3.046,1.1,3.015
/home/temp/wjq/dataset/8iVFB/seqs/redandblack/redandblack_vox10_1606.ply,1,790357,790357,906984,1.147562,4.811,3.953,4.787,2.993,1.105,2.955
/home/temp/wjq/dataset/8iVFB/seqs/redandblack/redandblack_vox10_1607.ply,1,800628,800628,925232,1.155633,4.85,3.989,4.826,3.034,1.104,3.009
/home/temp/wjq/dataset/8iVFB/seqs/redandblack/redandblack_vox10_1608.ply,1,810479,810479,939232,1.15886,4.909,4.019,4.886,3.095,1.145,3.068
/home/temp/wjq/dataset/8iVFB/seqs/redandblack/redandblack_vox10_1609.ply,1,816879,816879,950456,1.163521,4.985,4.086,4.964,3.085,1.122,3.06
/home/temp/wjq/dataset/8iVFB/seqs/redandblack/redandblack_vox10_1610.ply,1,805661,805661,926888,1.150469,4.88,4.0,4.857,3.062,1.101,3.037
/home/temp/wjq/dataset/8iVFB/seqs/redandblack/redandblack_vox10_1611.ply,1,797826,797826,911160,1.142054,4.842,3.993,4.818,2.982,1.092,2.957
/home/temp/wjq/dataset/8iVFB/seqs/redandblack/redandblack_vox10_1612.ply,1,792198,792198,906048,1.143714,4.849,3.962,4.825,2.99,1.084,2.964
/home/temp/wjq/dataset/8iVFB/seqs/redandblack/redandblack_vox10_1613.ply,1,793724,793724,913456,1.150848,4.852,3.962,4.83,2.985,1.082,2.959
/home/temp/wjq/dataset/8iVFB/seqs/redandblack/redandblack_vox10_1614.ply,1,795688,795688,906104,1.138768,4.824,3.965,4.8,3.006,1.085,2.98
/home/temp/wjq/dataset/8iVFB/seqs/redandblack/redandblack_vox10_1615.ply,1,789354,789354,886496,1.123065,4.828,3.978,4.805,3.0,1.098,2.973
/home/temp/wjq/dataset/8iVFB/seqs/redandblack/redandblack_vox10_1616.ply,1,805323,805323,922032,1.144922,4.917,4.034,4.895,3.078,1.114,3.051
/home/temp/wjq/dataset/8iVFB/seqs/redandblack/redandblack_vox10_1617.ply,1,800258,800258,901232,1.126177,4.853,4.014,4.829,3.05,1.121,3.023
/home/temp/wjq/dataset/8iVFB/seqs/redandblack/redandblack_vox10_1618.ply,1,798765,798765,905048,1.133059,4.87,4.005,4.846,3.043,1.134,3.018
/home/temp/wjq/dataset/8iVFB/seqs/redandblack/redandblack_vox10_1619.ply,1,797844,797844,920392,1.153599,4.898,3.999,4.874,3.001,1.094,2.975
/home/temp/wjq/dataset/8iVFB/seqs/redandblack/redandblack_vox10_1620.ply,1,791265,791265,911240,1.151624,4.803,3.961,4.777,2.976,1.09,2.949
/home/temp/wjq/dataset/8iVFB/seqs/redandblack/redandblack_vox10_1621.ply,1,793276,793276,926312,1.167705,4.838,3.973,4.815,3.015,1.12,2.988
/home/temp/wjq/dataset/8iVFB/seqs/redandblack/redandblack_vox10_1622.ply,1,785634,785634,912280,1.161202,4.789,3.938,4.764,2.949,1.078,2.924
/home/temp/wjq/dataset/8iVFB/seqs/redandblack/redandblack_vox10_1623.ply,1,774749,774749,884064,1.141097,4.72,3.871,4.697,2.952,1.104,2.926
/home/temp/wjq/dataset/8iVFB/seqs/redandblack/redandblack_vox10_1624.ply,1,768066,768066,873168,1.13684,4.687,3.839,4.662,2.909,1.066,2.882
/home/temp/wjq/dataset/8iVFB/seqs/redandblack/redandblack_vox10_1625.ply,1,756454,756454,863672,1.141738,4.622,3.78,4.598,3.101,1.075,3.074
/home/temp/wjq/dataset/8iVFB/seqs/redandblack/redandblack_vox10_1626.ply,1,759600,759600,865776,1.139779,4.77,3.791,4.745,2.921,1.068,2.894
/home/temp/wjq/dataset/8iVFB/seqs/redandblack/redandblack_vox10_1627.ply,1,764890,764890,866040,1.132241,4.665,3.813,4.641,2.933,1.076,2.906
/home/temp/wjq/dataset/8iVFB/seqs/redandblack/redandblack_vox10_1628.ply,1,768880,768880,871512,1.133482,4.739,3.854,4.714,2.926,1.073,2.898
/home/temp/wjq/dataset/8iVFB/seqs/redandblack/redandblack_vox10_1629.ply,1,777711,777711,881096,1.132935,4.737,3.895,4.713,2.993,1.104,2.966
/home/temp/wjq/dataset/8iVFB/seqs/redandblack/redandblack_vox10_1630.ply,1,764742,764742,841440,1.100293,4.625,3.819,4.6,2.924,1.055,2.898
/home/temp/wjq/dataset/8iVFB/seqs/redandblack/redandblack_vox10_1631.ply,1,765215,765215,849064,1.109576,4.631,3.844,4.607,2.867,1.048,2.842
/home/temp/wjq/dataset/8iVFB/seqs/redandblack/redandblack_vox10_1632.ply,1,763924,763924,837448,1.096245,4.615,3.792,4.59,2.906,1.043,2.879
/home/temp/wjq/dataset/8iVFB/seqs/redandblack/redandblack_vox10_1633.ply,1,765201,765201,845632,1.105111,4.644,3.817,4.619,2.906,1.06,2.879
/home/temp/wjq/dataset/8iVFB/seqs/redandblack/redandblack_vox10_1634.ply,1,754979,754979,821784,1.088486,4.551,3.746,4.529,2.927,1.052,2.9
/home/temp/wjq/dataset/8iVFB/seqs/redandblack/redandblack_vox10_1635.ply,1,757920,757920,836264,1.103367,4.617,3.79,4.593,2.841,1.027,2.815
/home/temp/wjq/dataset/8iVFB/seqs/redandblack/redandblack_vox10_1636.ply,1,753846,753846,830832,1.102124,4.55,3.764,4.528,2.834,1.04,2.806
/home/temp/wjq/dataset/8iVFB/seqs/redandblack/redandblack_vox10_1637.ply,1,748011,748011,821736,1.098561,4.525,3.72,4.502,2.822,1.017,2.796
/home/temp/wjq/dataset/8iVFB/seqs/redandblack/redandblack_vox10_1638.ply,1,752702,752702,820664,1.090291,4.552,3.762,4.528,2.852,1.031,2.827
/home/temp/wjq/dataset/8iVFB/seqs/redandblack/redandblack_vox10_1639.ply,1,753329,753329,825776,1.096169,4.585,3.746,4.562,2.872,1.062,2.845
/home/temp/wjq/dataset/8iVFB/seqs/redandblack/redandblack_vox10_1640.ply,1,753632,753632,818256,1.08575,4.593,3.762,4.569,2.885,1.05,2.858
/home/temp/wjq/dataset/8iVFB/seqs/redandblack/redandblack_vox10_1641.ply,1,755854,755854,815160,1.078462,4.55,3.735,4.526,2.866,1.021,2.84
/home/temp/wjq/dataset/8iVFB/seqs/redandblack/redandblack_vox10_1642.ply,1,756802,756802,817760,1.080547,4.595,3.753,4.57,2.874,1.074,2.847
/home/temp/wjq/dataset/8iVFB/seqs/redandblack/redandblack_vox10_1643.ply,1,755320,755320,816744,1.081322,4.581,3.753,4.556,2.904,1.055,2.878
/home/temp/wjq/dataset/8iVFB/seqs/redandblack/redandblack_vox10_1644.ply,1,754075,754075,819104,1.086237,4.58,3.764,4.555,2.893,1.06,2.866
/home/temp/wjq/dataset/8iVFB/seqs/redandblack/redandblack_vox10_1645.ply,1,758252,758252,826152,1.089548,4.598,3.778,4.573,2.885,1.064,2.857
/home/temp/wjq/dataset/8iVFB/seqs/redandblack/redandblack_vox10_1646.ply,1,754758,754758,821568,1.088518,4.559,3.769,4.534,2.824,1.031,2.798
/home/temp/wjq/dataset/8iVFB/seqs/redandblack/redandblack_vox10_1647.ply,1,750491,750491,809304,1.078366,4.526,3.735,4.502,2.807,1.023,2.782
/home/temp/wjq/dataset/8iVFB/seqs/redandblack/redandblack_vox10_1648.ply,1,744728,744728,805600,1.081737,4.533,3.724,4.509,2.853,1.036,2.826
/home/temp/wjq/dataset/8iVFB/seqs/redandblack/redandblack_vox10_1649.ply,1,742841,742841,807320,1.086801,4.521,3.69,4.497,2.834,1.041,2.806
/home/temp/wjq/dataset/8iVFB/seqs/redandblack/redandblack_vox10_1650.ply,1,743400,743400,804016,1.081539,4.517,3.683,4.493,2.801,1.028,2.775
/home/temp/wjq/dataset/8iVFB/seqs/redandblack/redandblack_vox10_1651.ply,1,752034,752034,820328,1.090812,4.546,3.729,4.52,2.852,1.029,2.824
/home/temp/wjq/dataset/8iVFB/seqs/redandblack/redandblack_vox10_1652.ply,1,747058,747058,813128,1.08844,4.527,3.697,4.503,2.816,1.036,2.791
/home/temp/wjq/dataset/8iVFB/seqs/redandblack/redandblack_vox10_1653.ply,1,744101,744101,817216,1.09826,4.494,3.707,4.469,2.828,1.036,2.8
/home/temp/wjq/dataset/8iVFB/seqs/redandblack/redandblack_vox10_1654.ply,1,743750,743750,816696,1.098079,4.723,3.702,4.495,2.85,1.047,2.823
/home/temp/wjq/dataset/8iVFB/seqs/redandblack/redandblack_vox10_1655.ply,1,737283,737283,802832,1.088906,4.451,3.673,4.427,2.759,1.013,2.735
/home/temp/wjq/dataset/8iVFB/seqs/redandblack/redandblack_vox10_1656.ply,1,740315,740315,792976,1.071133,4.473,3.673,4.448,2.83,1.022,2.803
/home/temp/wjq/dataset/8iVFB/seqs/redandblack/redandblack_vox10_1657.ply,1,754305,754305,826808,1.096119,4.577,3.741,4.554,2.889,1.054,2.862
/home/temp/wjq/dataset/8iVFB/seqs/redandblack/redandblack_vox10_1658.ply,1,754215,754215,821496,1.089207,4.574,3.746,4.549,2.888,1.075,2.861
/home/temp/wjq/dataset/8iVFB/seqs/redandblack/redandblack_vox10_1659.ply,1,757464,757464,820520,1.083246,4.562,3.762,4.538,2.897,1.046,2.87
/home/temp/wjq/dataset/8iVFB/seqs/redandblack/redandblack_vox10_1660.ply,1,760199,760199,814120,1.07093,4.617,3.773,4.592,3.093,1.063,3.066
/home/temp/wjq/dataset/8iVFB/seqs/redandblack/redandblack_vox10_1661.ply,1,767138,767138,838712,1.0933,4.623,3.817,4.599,2.876,1.03,2.85
/home/temp/wjq/dataset/8iVFB/seqs/redandblack/redandblack_vox10_1662.ply,1,762987,762987,826512,1.083258,4.599,3.79,4.574,2.862,1.02,2.836
/home/temp/wjq/dataset/8iVFB/seqs/redandblack/redandblack_vox10_1663.ply,1,758855,758855,817912,1.077824,4.567,3.762,4.543,2.85,1.023,2.827
/home/temp/wjq/dataset/8iVFB/seqs/redandblack/redandblack_vox10_1664.ply,1,756168,756168,816304,1.079527,4.559,3.775,4.534,2.838,1.028,2.813
/home/temp/wjq/dataset/8iVFB/seqs/redandblack/redandblack_vox10_1665.ply,1,748432,748432,796424,1.064123,4.518,3.732,4.493,2.827,1.019,2.802
/home/temp/wjq/dataset/8iVFB/seqs/redandblack/redandblack_vox10_1666.ply,1,750156,750156,811152,1.081311,4.549,3.719,4.525,2.867,1.047,2.84
/home/temp/wjq/dataset/8iVFB/seqs/redandblack/redandblack_vox10_1667.ply,1,753330,753330,830360,1.102253,4.596,3.776,4.571,2.895,1.073,2.868
/home/temp/wjq/dataset/8iVFB/seqs/redandblack/redandblack_vox10_1668.ply,1,747424,747424,813176,1.087971,4.501,3.718,4.475,2.84,1.047,2.813
/home/temp/wjq/dataset/8iVFB/seqs/redandblack/redandblack_vox10_1669.ply,1,750931,750931,824344,1.097763,4.562,3.729,4.539,2.886,1.043,2.858
/home/temp/wjq/dataset/8iVFB/seqs/redandblack/redandblack_vox10_1670.ply,1,757134,757134,828936,1.094834,4.625,3.778,4.6,2.89,1.037,2.863
/home/temp/wjq/dataset/8iVFB/seqs/redandblack/redandblack_vox10_1671.ply,1,757186,757186,824344,1.088694,4.597,3.751,4.573,2.876,1.08,2.85
/home/temp/wjq/dataset/8iVFB/seqs/redandblack/redandblack_vox10_1672.ply,1,761709,761709,832888,1.093446,4.631,3.784,4.606,2.865,1.061,2.84
/home/temp/wjq/dataset/8iVFB/seqs/redandblack/redandblack_vox10_1673.ply,1,753799,753799,822560,1.091219,4.583,3.754,4.559,2.863,1.063,2.837
/home/temp/wjq/dataset/8iVFB/seqs/redandblack/redandblack_vox10_1674.ply,1,762980,762980,836536,1.096406,4.631,3.798,4.609,2.91,1.077,2.883
/home/temp/wjq/dataset/8iVFB/seqs/redandblack/redandblack_vox10_1675.ply,1,773049,773049,854152,1.104913,4.694,3.848,4.67,2.978,1.082,2.95
/home/temp/wjq/dataset/8iVFB/seqs/redandblack/redandblack_vox10_1676.ply,1,764523,764523,847184,1.108121,4.645,3.793,4.62,2.935,1.078,2.908
/home/temp/wjq/dataset/8iVFB/seqs/redandblack/redandblack_vox10_1677.ply,1,764871,764871,850264,1.111644,4.657,3.829,4.633,2.908,1.083,2.881
/home/temp/wjq/dataset/8iVFB/seqs/redandblack/redandblack_vox10_1678.ply,1,759154,759154,838768,1.104872,4.608,3.789,4.582,2.867,1.041,2.841
/home/temp/wjq/dataset/8iVFB/seqs/redandblack/redandblack_vox10_1679.ply,1,756887,756887,838080,1.107272,4.598,3.777,4.575,2.837,1.045,2.812
/home/temp/wjq/dataset/8iVFB/seqs/redandblack/redandblack_vox10_1680.ply,1,753772,753772,823936,1.093084,4.549,3.762,4.526,2.834,1.017,2.809
/home/temp/wjq/dataset/8iVFB/seqs/redandblack/redandblack_vox10_1681.ply,1,752573,752573,817104,1.085747,4.541,3.727,4.517,2.833,1.011,2.807
/home/temp/wjq/dataset/8iVFB/seqs/redandblack/redandblack_vox10_1682.ply,1,749399,749399,808424,1.078763,4.561,3.73,4.539,2.868,1.063,2.841
/home/temp/wjq/dataset/8iVFB/seqs/redandblack/redandblack_vox10_1683.ply,1,754466,754466,823392,1.091357,4.593,3.761,4.571,2.903,1.065,2.877
/home/temp/wjq/dataset/8iVFB/seqs/redandblack/redandblack_vox10_1684.ply,1,759997,759997,828376,1.089973,4.626,3.767,4.603,2.911,1.08,2.884
/home/temp/wjq/dataset/8iVFB/seqs/redandblack/redandblack_vox10_1685.ply,1,763973,763973,824488,1.079211,4.62,3.819,4.594,3.066,1.041,3.04
/home/temp/wjq/dataset/8iVFB/seqs/redandblack/redandblack_vox10_1686.ply,1,771037,771037,846000,1.097224,4.672,3.844,4.648,2.937,1.082,2.909
/home/temp/wjq/dataset/8iVFB/seqs/redandblack/redandblack_vox10_1687.ply,1,764397,764397,838936,1.097513,4.642,3.802,4.617,2.895,1.06,2.87
/home/temp/wjq/dataset/8iVFB/seqs/redandblack/redandblack_vox10_1688.ply,1,774306,774306,860344,1.111116,4.668,3.856,4.644,2.908,1.059,2.883
/home/temp/wjq/dataset/8iVFB/seqs/redandblack/redandblack_vox10_1689.ply,1,771887,771887,858784,1.112577,4.661,3.846,4.636,2.898,1.05,2.871
/home/temp/wjq/dataset/8iVFB/seqs/redandblack/redandblack_vox10_1690.ply,1,764694,764694,851400,1.113387,4.689,3.803,4.664,2.905,1.079,2.878
/home/temp/wjq/dataset/8iVFB/seqs/redandblack/redandblack_vox10_1691.ply,1,765911,765911,847696,1.106781,4.648,3.844,4.626,2.909,1.074,2.883
/home/temp/wjq/dataset/8iVFB/seqs/redandblack/redandblack_vox10_1692.ply,1,768009,768009,846744,1.102518,4.658,3.826,4.636,2.904,1.08,2.878
/home/temp/wjq/dataset/8iVFB/seqs/redandblack/redandblack_vox10_1693.ply,1,768660,768660,844584,1.098774,4.643,3.829,4.619,2.879,1.052,2.854
/home/temp/wjq/dataset/8iVFB/seqs/redandblack/redandblack_vox10_1694.ply,1,765615,765615,837800,1.094284,4.645,3.792,4.624,2.909,1.074,2.881
/home/temp/wjq/dataset/8iVFB/seqs/redandblack/redandblack_vox10_1695.ply,1,766113,766113,841016,1.09777,4.62,3.783,4.595,2.921,1.078,2.894
/home/temp/wjq/dataset/8iVFB/seqs/redandblack/redandblack_vox10_1696.ply,1,770629,770629,849864,1.102819,4.673,3.833,4.648,2.892,1.057,2.867
/home/temp/wjq/dataset/8iVFB/seqs/redandblack/redandblack_vox10_1697.ply,1,772156,772156,850320,1.101228,4.728,3.85,4.703,2.957,1.072,2.929
/home/temp/wjq/dataset/8iVFB/seqs/redandblack/redandblack_vox10_1698.ply,1,771682,771682,849416,1.100733,4.674,3.828,4.649,3.176,1.069,3.149
/home/temp/wjq/dataset/8iVFB/seqs/redandblack/redandblack_vox10_1699.ply,1,772317,772317,868232,1.124191,4.692,3.836,4.667,2.93,1.089,2.906
/home/temp/wjq/dataset/8iVFB/seqs/redandblack/redandblack_vox10_1700.ply,1,766360,766360,860320,1.122606,4.65,3.826,4.625,2.963,1.092,2.936
/home/temp/wjq/dataset/8iVFB/seqs/redandblack/redandblack_vox10_1701.ply,1,761881,761881,847080,1.111827,4.61,3.787,4.588,2.885,1.068,2.857
/home/temp/wjq/dataset/8iVFB/seqs/redandblack/redandblack_vox10_1702.ply,1,747380,747380,823976,1.102486,4.532,3.702,4.509,2.874,1.056,2.846
/home/temp/wjq/dataset/8iVFB/seqs/redandblack/redandblack_vox10_1703.ply,1,735737,735737,812792,1.104732,4.472,3.674,4.449,2.84,1.029,2.813
/home/temp/wjq/dataset/8iVFB/seqs/redandblack/redandblack_vox10_1704.ply,1,725779,725779,793304,1.093038,4.384,3.627,4.359,2.729,0.989,2.703
/home/temp/wjq/dataset/8iVFB/seqs/redandblack/redandblack_vox10_1705.ply,1,719246,719246,785480,1.092088,4.362,3.553,4.34,2.698,0.994,2.671
/home/temp/wjq/dataset/8iVFB/seqs/redandblack/redandblack_vox10_1706.ply,1,712701,712701,778832,1.092789,4.303,3.567,4.278,2.7,0.998,2.673
/home/temp/wjq/dataset/8iVFB/seqs/redandblack/redandblack_vox10_1707.ply,1,704823,704823,762504,1.081838,4.256,3.524,4.234,2.651,0.958,2.626
/home/temp/wjq/dataset/8iVFB/seqs/redandblack/redandblack_vox10_1708.ply,1,697863,697863,751232,1.076475,4.213,3.49,4.187,2.646,0.929,2.621
/home/temp/wjq/dataset/8iVFB/seqs/redandblack/redandblack_vox10_1709.ply,1,693105,693105,755416,1.089901,4.215,3.447,4.193,2.623,0.953,2.596
/home/temp/wjq/dataset/8iVFB/seqs/redandblack/redandblack_vox10_1710.ply,1,691453,691453,741384,1.072212,4.18,3.425,4.156,2.608,0.942,2.583
/home/temp/wjq/dataset/8iVFB/seqs/redandblack/redandblack_vox10_1711.ply,1,692643,692643,746088,1.077161,4.196,3.443,4.169,2.639,0.931,2.614
/home/temp/wjq/dataset/8iVFB/seqs/redandblack/redandblack_vox10_1712.ply,1,691067,691067,737192,1.066745,4.197,3.42,4.176,2.653,0.981,2.626
/home/temp/wjq/dataset/8iVFB/seqs/redandblack/redandblack_vox10_1713.ply,1,693806,693806,753488,1.086021,4.19,3.457,4.167,2.638,0.977,2.611
/home/temp/wjq/dataset/8iVFB/seqs/redandblack/redandblack_vox10_1714.ply,1,700531,700531,779688,1.112996,4.222,3.475,4.2,2.677,0.986,2.65
/home/temp/wjq/dataset/8iVFB/seqs/redandblack/redandblack_vox10_1715.ply,1,692972,692972,754056,1.088148,4.22,3.447,4.197,2.624,0.981,2.597
/home/temp/wjq/dataset/8iVFB/seqs/redandblack/redandblack_vox10_1716.ply,1,690757,690757,751696,1.088221,4.203,3.427,4.177,2.635,0.966,2.61
/home/temp/wjq/dataset/8iVFB/seqs/redandblack/redandblack_vox10_1717.ply,1,678721,678721,731392,1.077603,4.109,3.37,4.082,2.616,0.954,2.59
/home/temp/wjq/dataset/8iVFB/seqs/redandblack/redandblack_vox10_1718.ply,1,675662,675662,728744,1.078563,4.086,3.366,4.059,2.611,0.935,2.585
/home/temp/wjq/dataset/8iVFB/seqs/redandblack/redandblack_vox10_1719.ply,1,666416,666416,721432,1.082555,4.026,3.332,4.003,2.549,0.94,2.522
/home/temp/wjq/dataset/8iVFB/seqs/redandblack/redandblack_vox10_1720.ply,1,653682,653682,705160,1.078751,4.135,3.231,4.109,2.494,0.895,2.469
/home/temp/wjq/dataset/8iVFB/seqs/redandblack/redandblack_vox10_1721.ply,1,650206,650206,705064,1.08437,3.941,3.233,3.917,2.451,0.879,2.425
/home/temp/wjq/dataset/8iVFB/seqs/redandblack/redandblack_vox10_1722.ply,1,641081,641081,689096,1.074897,3.862,3.197,3.837,2.413,0.876,2.388
/home/temp/wjq/dataset/8iVFB/seqs/redandblack/redandblack_vox10_1723.ply,1,642353,642353,694040,1.080465,3.879,3.185,3.852,2.427,0.864,2.402
/home/temp/wjq/dataset/8iVFB/seqs/redandblack/redandblack_vox10_1724.ply,1,641749,641749,692536,1.079138,3.912,3.197,3.888,2.466,0.904,2.439
/home/temp/wjq/dataset/8iVFB/seqs/redandblack/redandblack_vox10_1725.ply,1,642543,642543,695800,1.082885,3.884,3.189,3.859,2.465,0.913,2.438
/home/temp/wjq/dataset/8iVFB/seqs/redandblack/redandblack_vox10_1726.ply,1,643323,643323,694616,1.079731,3.894,3.203,3.869,2.452,0.906,2.425
/home/temp/wjq/dataset/8iVFB/seqs/redandblack/redandblack_vox10_1727.ply,1,645699,645699,697496,1.080218,3.915,3.195,3.889,2.452,0.885,2.426
/home/temp/wjq/dataset/8iVFB/seqs/redandblack/redandblack_vox10_1728.ply,1,640070,640070,682504,1.066296,3.853,3.149,3.827,2.448,0.924,2.422
/home/temp/wjq/dataset/8iVFB/seqs/redandblack/redandblack_vox10_1729.ply,1,644941,644941,689344,1.068848,3.916,3.194,3.89,2.426,0.886,2.4
/home/temp/wjq/dataset/8iVFB/seqs/redandblack/redandblack_vox10_1730.ply,1,652585,652585,701920,1.075599,3.949,3.238,3.924,2.478,0.927,2.454
/home/temp/wjq/dataset/8iVFB/seqs/redandblack/redandblack_vox10_1731.ply,1,649882,649882,697504,1.073278,3.916,3.228,3.889,2.449,0.9,2.423
/home/temp/wjq/dataset/8iVFB/seqs/redandblack/redandblack_vox10_1732.ply,1,645593,645593,679968,1.053246,3.879,3.221,3.854,2.472,0.898,2.446
/home/temp/wjq/dataset/8iVFB/seqs/redandblack/redandblack_vox10_1733.ply,1,649715,649715,684672,1.053804,3.974,3.199,3.95,2.539,0.935,2.513
/home/temp/wjq/dataset/8iVFB/seqs/redandblack/redandblack_vox10_1734.ply,1,648478,648478,682016,1.051718,3.963,3.212,3.936,2.478,0.919,2.451
/home/temp/wjq/dataset/8iVFB/seqs/redandblack/redandblack_vox10_1735.ply,1,651734,651734,686944,1.054025,4.016,3.252,3.989,2.484,0.925,2.457
/home/temp/wjq/dataset/8iVFB/seqs/redandblack/redandblack_vox10_1736.ply,1,659108,659108,693648,1.052404,4.023,3.28,3.999,2.512,0.921,2.484
/home/temp/wjq/dataset/8iVFB/seqs/redandblack/redandblack_vox10_1737.ply,1,658773,658773,689216,1.046212,3.984,3.271,3.958,2.503,0.931,2.476
/home/temp/wjq/dataset/8iVFB/seqs/redandblack/redandblack_vox10_1738.ply,1,658353,658353,690208,1.048386,4.0,3.28,3.973,2.522,0.934,2.496
/home/temp/wjq/dataset/8iVFB/seqs/redandblack/redandblack_vox10_1739.ply,1,661696,661696,691344,1.044806,4.005,3.275,3.982,2.544,0.937,2.518
/home/temp/wjq/dataset/8iVFB/seqs/redandblack/redandblack_vox10_1740.ply,1,666828,666828,698640,1.047706,4.057,3.318,4.033,2.528,0.91,2.501
/home/temp/wjq/dataset/8iVFB/seqs/redandblack/redandblack_vox10_1741.ply,1,673124,673124,709112,1.053464,4.086,3.344,4.06,2.551,0.948,2.525
/home/temp/wjq/dataset/8iVFB/seqs/redandblack/redandblack_vox10_1742.ply,1,678285,678285,709816,1.046486,4.126,3.392,4.101,2.556,0.909,2.531
/home/temp/wjq/dataset/8iVFB/seqs/redandblack/redandblack_vox10_1743.ply,1,688253,688253,727856,1.057541,4.15,3.418,4.125,2.6,0.934,2.574
/home/temp/wjq/dataset/8iVFB/seqs/redandblack/redandblack_vox10_1744.ply,1,702038,702038,742416,1.057515,4.239,3.502,4.216,2.623,0.949,2.597
/home/temp/wjq/dataset/8iVFB/seqs/redandblack/redandblack_vox10_1745.ply,1,704339,704339,736984,1.046348,4.258,3.503,4.234,2.712,0.963,2.687
/home/temp/wjq/dataset/8iVFB/seqs/redandblack/redandblack_vox10_1746.ply,1,714293,714293,762552,1.067562,4.307,3.554,4.284,2.687,0.989,2.661
/home/temp/wjq/dataset/8iVFB/seqs/redandblack/redandblack_vox10_1747.ply,1,715453,715453,758312,1.059905,4.321,3.559,4.295,2.689,0.97,2.663
/home/temp/wjq/dataset/8iVFB/seqs/redandblack/redandblack_vox10_1748.ply,1,729035,729035,787496,1.08019,4.402,3.629,4.38,2.74,0.999,2.715
/home/temp/wjq/dataset/8iVFB/seqs/redandblack/redandblack_vox10_1749.ply,1,725729,725729,774888,1.067737,4.387,3.613,4.364,2.706,0.992,2.68
