filedir,posQuantscale,num_points_raw,num_points,file_size,bpp,enc_time,enc_time_user,enc_time_wall,dec_time,dec_time_user,dec_time_wall
/home/temp/wjq/dataset/testdata/testdata_voxeldnn/8i/Thaidancer_viewdep_vox10.ply,1,980624,980624,966496,0.985593,6.461,5.121,6.442,3.631,1.353,3.606
/home/temp/wjq/dataset/testdata/testdata_voxeldnn/8i/boxer_viewdep_vox10.ply,1,994242,994242,937128,0.942555,6.596,5.202,6.578,3.694,1.365,3.668
/home/temp/wjq/dataset/testdata/testdata_voxeldnn/8i/loot_vox10_1000.ply,1,784142,784142,742736,0.947196,4.763,3.916,4.741,2.985,1.095,2.96
/home/temp/wjq/dataset/testdata/testdata_voxeldnn/8i/redandblack_vox10_1510.ply,1,693899,693899,752000,1.083731,4.226,3.473,4.203,2.642,0.958,2.616
/home/temp/wjq/dataset/testdata/testdata_voxeldnn/mvub/phil10_0010.ply,1,1559008,1559008,1780360,1.141983,10.804,9.125,10.78,5.81,1.923,5.785
/home/temp/wjq/dataset/testdata/testdata_voxeldnn/mvub/ricardo10_0076.ply,1,1454905,1454905,1604328,1.102703,8.795,7.275,8.772,5.183,1.764,5.16
