filedir,posQuantscale,num_points_raw,num_points,file_size,bpp,enc_time,enc_time_user,enc_time_wall,dec_time,dec_time_user,dec_time_wall
/home/temp/wjq/dataset/8iVFB/seqs/loot/loot_vox10_1000.ply,1,784142,784142,742736,0.947196,4.768,3.914,4.745,3.027,1.086,2.997
/home/temp/wjq/dataset/8iVFB/seqs/loot/loot_vox10_1001.ply,1,783406,783406,741912,0.947034,4.792,3.914,4.759,2.965,1.081,2.938
/home/temp/wjq/dataset/8iVFB/seqs/loot/loot_vox10_1002.ply,1,780200,780200,735464,0.942661,4.771,3.883,4.745,3.026,1.1,2.999
/home/temp/wjq/dataset/8iVFB/seqs/loot/loot_vox10_1003.ply,1,778467,778467,730280,0.9381,4.748,3.861,4.716,3.053,1.066,3.026
/home/temp/wjq/dataset/8iVFB/seqs/loot/loot_vox10_1004.ply,1,776427,776427,724672,0.933342,4.693,3.855,4.662,2.981,1.044,2.955
/home/temp/wjq/dataset/8iVFB/seqs/loot/loot_vox10_1005.ply,1,774893,774893,720464,0.929759,4.689,3.858,4.666,3.006,1.106,2.977
/home/temp/wjq/dataset/8iVFB/seqs/loot/loot_vox10_1006.ply,1,775949,775949,728232,0.938505,4.733,3.847,4.707,2.985,1.083,2.958
/home/temp/wjq/dataset/8iVFB/seqs/loot/loot_vox10_1007.ply,1,775463,775463,727984,0.938773,4.736,3.854,4.709,3.011,1.097,2.983
/home/temp/wjq/dataset/8iVFB/seqs/loot/loot_vox10_1008.ply,1,775698,775698,726232,0.93623,4.736,3.854,4.711,3.012,1.088,2.979
/home/temp/wjq/dataset/8iVFB/seqs/loot/loot_vox10_1009.ply,1,778020,778020,727936,0.935626,4.734,3.861,4.706,2.892,1.043,2.866
/home/temp/wjq/dataset/8iVFB/seqs/loot/loot_vox10_1010.ply,1,778554,778554,729688,0.937235,4.732,3.84,4.705,2.98,1.094,2.955
/home/temp/wjq/dataset/8iVFB/seqs/loot/loot_vox10_1011.ply,1,779986,779986,727912,0.933237,4.757,3.879,4.732,2.916,1.046,2.891
/home/temp/wjq/dataset/8iVFB/seqs/loot/loot_vox10_1012.ply,1,780926,780926,731904,0.937226,4.709,3.894,4.684,2.916,1.053,2.892
/home/temp/wjq/dataset/8iVFB/seqs/loot/loot_vox10_1013.ply,1,782770,782770,737384,0.942019,4.85,3.941,4.818,2.964,1.078,2.94
/home/temp/wjq/dataset/8iVFB/seqs/loot/loot_vox10_1014.ply,1,784474,784474,740456,0.943889,4.777,3.886,4.755,3.056,1.112,3.027
/home/temp/wjq/dataset/8iVFB/seqs/loot/loot_vox10_1015.ply,1,785193,785193,745160,0.949015,4.771,3.898,4.743,3.068,1.085,3.028
/home/temp/wjq/dataset/8iVFB/seqs/loot/loot_vox10_1016.ply,1,782720,782720,738904,0.944021,4.774,3.887,4.742,3.03,1.083,2.997
/home/temp/wjq/dataset/8iVFB/seqs/loot/loot_vox10_1017.ply,1,781613,781613,737920,0.944099,4.786,3.888,4.757,2.984,1.091,2.957
/home/temp/wjq/dataset/8iVFB/seqs/loot/loot_vox10_1018.ply,1,780006,780006,734552,0.941726,4.794,3.89,4.762,3.004,1.103,2.975
/home/temp/wjq/dataset/8iVFB/seqs/loot/loot_vox10_1019.ply,1,780302,780302,734040,0.940713,4.745,3.915,4.718,3.061,1.103,3.031
/home/temp/wjq/dataset/8iVFB/seqs/loot/loot_vox10_1020.ply,1,779066,779066,730416,0.937553,4.749,3.871,4.721,2.919,1.05,2.892
/home/temp/wjq/dataset/8iVFB/seqs/loot/loot_vox10_1021.ply,1,778280,778280,729136,0.936856,4.713,3.862,4.682,2.978,1.093,2.952
/home/temp/wjq/dataset/8iVFB/seqs/loot/loot_vox10_1022.ply,1,778907,778907,731224,0.938782,4.756,3.885,4.725,2.946,1.05,2.922
/home/temp/wjq/dataset/8iVFB/seqs/loot/loot_vox10_1023.ply,1,779289,779289,734760,0.942859,4.737,3.859,4.71,2.91,1.052,2.879
/home/temp/wjq/dataset/8iVFB/seqs/loot/loot_vox10_1024.ply,1,779739,779739,733800,0.941084,4.744,3.876,4.72,2.986,1.101,2.96
/home/temp/wjq/dataset/8iVFB/seqs/loot/loot_vox10_1025.ply,1,779364,779364,732176,0.939453,4.779,3.889,4.753,3.059,1.101,3.034
/home/temp/wjq/dataset/8iVFB/seqs/loot/loot_vox10_1026.ply,1,780025,780025,733648,0.940544,4.789,3.905,4.766,2.987,1.076,2.957
/home/temp/wjq/dataset/8iVFB/seqs/loot/loot_vox10_1027.ply,1,780373,780373,735664,0.942708,4.817,3.907,4.793,2.99,1.095,2.955
/home/temp/wjq/dataset/8iVFB/seqs/loot/loot_vox10_1028.ply,1,781651,781651,738504,0.9448,4.778,3.915,4.75,2.983,1.106,2.956
/home/temp/wjq/dataset/8iVFB/seqs/loot/loot_vox10_1029.ply,1,781375,781375,738992,0.945758,4.807,3.915,4.779,2.957,1.073,2.932
/home/temp/wjq/dataset/8iVFB/seqs/loot/loot_vox10_1030.ply,1,784392,784392,747624,0.953125,4.788,3.911,4.763,3.022,1.102,2.996
/home/temp/wjq/dataset/8iVFB/seqs/loot/loot_vox10_1031.ply,1,782671,782671,745008,0.951879,4.742,3.905,4.717,2.991,1.08,2.965
/home/temp/wjq/dataset/8iVFB/seqs/loot/loot_vox10_1032.ply,1,776999,776999,729920,0.939409,4.706,3.884,4.681,2.974,1.062,2.95
/home/temp/wjq/dataset/8iVFB/seqs/loot/loot_vox10_1033.ply,1,778650,778650,734336,0.943089,4.732,3.878,4.707,2.986,1.083,2.96
/home/temp/wjq/dataset/8iVFB/seqs/loot/loot_vox10_1034.ply,1,778007,778007,733720,0.943076,4.708,3.881,4.682,2.971,1.058,2.947
/home/temp/wjq/dataset/8iVFB/seqs/loot/loot_vox10_1035.ply,1,776483,776483,736088,0.947977,4.715,3.88,4.686,2.975,1.063,2.944
/home/temp/wjq/dataset/8iVFB/seqs/loot/loot_vox10_1036.ply,1,781287,781287,742592,0.950473,4.785,3.896,4.758,2.959,1.093,2.933
/home/temp/wjq/dataset/8iVFB/seqs/loot/loot_vox10_1037.ply,1,780329,780329,740848,0.949405,4.73,3.89,4.705,2.96,1.066,2.936
/home/temp/wjq/dataset/8iVFB/seqs/loot/loot_vox10_1038.ply,1,780785,780785,739256,0.946811,4.759,3.913,4.732,2.938,1.061,2.913
/home/temp/wjq/dataset/8iVFB/seqs/loot/loot_vox10_1039.ply,1,785430,785430,745384,0.949014,4.78,3.917,4.758,3.006,1.1,2.978
/home/temp/wjq/dataset/8iVFB/seqs/loot/loot_vox10_1040.ply,1,789479,789479,753576,0.954523,4.821,3.949,4.796,3.041,1.122,3.012
/home/temp/wjq/dataset/8iVFB/seqs/loot/loot_vox10_1041.ply,1,789348,789348,757992,0.960276,4.809,3.947,4.785,3.017,1.091,2.991
/home/temp/wjq/dataset/8iVFB/seqs/loot/loot_vox10_1042.ply,1,792714,792714,766664,0.967138,4.847,3.941,4.822,3.013,1.125,2.987
/home/temp/wjq/dataset/8iVFB/seqs/loot/loot_vox10_1043.ply,1,790865,790865,767792,0.970826,4.876,3.991,4.848,3.092,1.106,3.061
/home/temp/wjq/dataset/8iVFB/seqs/loot/loot_vox10_1044.ply,1,787976,787976,764752,0.970527,4.858,3.921,4.828,2.957,1.082,2.927
/home/temp/wjq/dataset/8iVFB/seqs/loot/loot_vox10_1045.ply,1,789717,789717,767184,0.971467,4.821,3.965,4.797,2.996,1.084,2.965
/home/temp/wjq/dataset/8iVFB/seqs/loot/loot_vox10_1046.ply,1,784950,784950,757256,0.964719,4.814,3.887,4.79,2.979,1.115,2.953
/home/temp/wjq/dataset/8iVFB/seqs/loot/loot_vox10_1047.ply,1,781130,781130,752256,0.963036,4.758,3.912,4.735,3.001,1.058,2.968
/home/temp/wjq/dataset/8iVFB/seqs/loot/loot_vox10_1048.ply,1,780468,780468,749032,0.959722,4.734,3.889,4.706,2.968,1.061,2.937
/home/temp/wjq/dataset/8iVFB/seqs/loot/loot_vox10_1049.ply,1,783376,783376,751704,0.95957,4.821,3.9,4.795,3.011,1.118,2.984
/home/temp/wjq/dataset/8iVFB/seqs/loot/loot_vox10_1050.ply,1,787237,787237,753344,0.956947,4.821,3.93,4.798,3.023,1.109,2.997
/home/temp/wjq/dataset/8iVFB/seqs/loot/loot_vox10_1051.ply,1,787734,787734,749984,0.952078,4.778,3.913,4.757,3.05,1.082,3.022
/home/temp/wjq/dataset/8iVFB/seqs/loot/loot_vox10_1052.ply,1,787059,787059,750600,0.953677,4.824,3.923,4.795,3.041,1.12,3.015
/home/temp/wjq/dataset/8iVFB/seqs/loot/loot_vox10_1053.ply,1,786051,786051,746544,0.94974,4.765,3.926,4.742,3.035,1.106,3.009
/home/temp/wjq/dataset/8iVFB/seqs/loot/loot_vox10_1054.ply,1,796213,796213,764240,0.959844,4.83,3.961,4.803,3.024,1.122,2.998
/home/temp/wjq/dataset/8iVFB/seqs/loot/loot_vox10_1055.ply,1,790191,790191,754040,0.95425,4.838,3.986,4.814,2.982,1.082,2.956
/home/temp/wjq/dataset/8iVFB/seqs/loot/loot_vox10_1056.ply,1,798808,798808,768408,0.961943,4.883,4.006,4.851,2.984,1.099,2.955
/home/temp/wjq/dataset/8iVFB/seqs/loot/loot_vox10_1057.ply,1,797924,797924,767920,0.962397,4.871,3.996,4.836,3.028,1.1,3.002
/home/temp/wjq/dataset/8iVFB/seqs/loot/loot_vox10_1058.ply,1,794477,794477,762640,0.959927,4.825,3.97,4.788,3.008,1.091,2.985
/home/temp/wjq/dataset/8iVFB/seqs/loot/loot_vox10_1059.ply,1,789053,789053,751640,0.952585,4.809,3.915,4.785,2.966,1.091,2.939
/home/temp/wjq/dataset/8iVFB/seqs/loot/loot_vox10_1060.ply,1,783874,783874,743056,0.947928,4.766,3.899,4.744,3.014,1.092,2.978
/home/temp/wjq/dataset/8iVFB/seqs/loot/loot_vox10_1061.ply,1,782785,782785,744704,0.951352,4.792,3.913,4.763,2.98,1.088,2.954
/home/temp/wjq/dataset/8iVFB/seqs/loot/loot_vox10_1062.ply,1,782791,782791,746792,0.954012,4.773,3.889,4.749,3.038,1.1,3.013
/home/temp/wjq/dataset/8iVFB/seqs/loot/loot_vox10_1063.ply,1,782127,782127,746400,0.954321,4.776,3.884,4.746,3.071,1.062,3.047
/home/temp/wjq/dataset/8iVFB/seqs/loot/loot_vox10_1064.ply,1,785507,785507,757136,0.963882,4.771,3.92,4.748,2.991,1.123,2.962
/home/temp/wjq/dataset/8iVFB/seqs/loot/loot_vox10_1065.ply,1,789017,789017,764960,0.96951,4.863,3.944,4.837,2.999,1.082,2.974
/home/temp/wjq/dataset/8iVFB/seqs/loot/loot_vox10_1066.ply,1,789641,789641,766960,0.971277,4.805,3.923,4.779,3.029,1.099,3.003
/home/temp/wjq/dataset/8iVFB/seqs/loot/loot_vox10_1067.ply,1,784718,784718,759352,0.967675,4.744,3.866,4.718,2.957,1.093,2.921
/home/temp/wjq/dataset/8iVFB/seqs/loot/loot_vox10_1068.ply,1,778159,778159,747592,0.960719,4.743,3.869,4.718,2.962,1.083,2.937
/home/temp/wjq/dataset/8iVFB/seqs/loot/loot_vox10_1069.ply,1,776327,776327,740928,0.954402,4.769,3.897,4.742,2.978,1.082,2.952
/home/temp/wjq/dataset/8iVFB/seqs/loot/loot_vox10_1070.ply,1,786883,786883,761784,0.968103,4.791,3.934,4.767,3.076,1.125,3.05
/home/temp/wjq/dataset/8iVFB/seqs/loot/loot_vox10_1071.ply,1,787146,787146,760136,0.965686,4.786,3.924,4.754,3.017,1.084,2.99
/home/temp/wjq/dataset/8iVFB/seqs/loot/loot_vox10_1072.ply,1,781047,781047,748232,0.957986,4.768,3.883,4.744,2.97,1.085,2.944
/home/temp/wjq/dataset/8iVFB/seqs/loot/loot_vox10_1073.ply,1,782459,782459,748288,0.956329,4.744,3.905,4.719,2.925,1.067,2.898
/home/temp/wjq/dataset/8iVFB/seqs/loot/loot_vox10_1074.ply,1,781579,781579,745344,0.953639,4.753,3.893,4.725,3.038,1.092,3.011
/home/temp/wjq/dataset/8iVFB/seqs/loot/loot_vox10_1075.ply,1,784181,784181,753568,0.960962,4.857,3.911,4.829,2.966,1.085,2.934
/home/temp/wjq/dataset/8iVFB/seqs/loot/loot_vox10_1076.ply,1,782861,782861,745304,0.952026,4.733,3.897,4.707,2.97,1.087,2.944
/home/temp/wjq/dataset/8iVFB/seqs/loot/loot_vox10_1077.ply,1,779451,779451,739704,0.949006,4.729,3.881,4.705,2.923,1.06,2.898
/home/temp/wjq/dataset/8iVFB/seqs/loot/loot_vox10_1078.ply,1,784719,784719,748592,0.953962,4.774,3.907,4.744,3.004,1.095,2.979
/home/temp/wjq/dataset/8iVFB/seqs/loot/loot_vox10_1079.ply,1,780701,780701,738472,0.945909,4.773,3.899,4.745,2.953,1.093,2.926
/home/temp/wjq/dataset/8iVFB/seqs/loot/loot_vox10_1080.ply,1,785754,785754,745768,0.949111,4.793,3.939,4.771,2.965,1.079,2.941
/home/temp/wjq/dataset/8iVFB/seqs/loot/loot_vox10_1081.ply,1,783308,783308,739128,0.943598,4.76,3.898,4.734,2.955,1.097,2.929
/home/temp/wjq/dataset/8iVFB/seqs/loot/loot_vox10_1082.ply,1,782737,782737,735784,0.940014,4.794,3.929,4.757,3.021,1.102,2.995
/home/temp/wjq/dataset/8iVFB/seqs/loot/loot_vox10_1083.ply,1,781874,781874,736480,0.941942,4.725,3.898,4.699,2.909,1.065,2.884
/home/temp/wjq/dataset/8iVFB/seqs/loot/loot_vox10_1084.ply,1,780545,780545,733112,0.939231,4.699,3.881,4.672,2.915,1.059,2.891
/home/temp/wjq/dataset/8iVFB/seqs/loot/loot_vox10_1085.ply,1,778343,778343,726248,0.933069,4.705,3.851,4.68,2.912,1.065,2.888
/home/temp/wjq/dataset/8iVFB/seqs/loot/loot_vox10_1086.ply,1,778458,778458,724352,0.930496,4.712,3.897,4.686,2.888,1.057,2.863
/home/temp/wjq/dataset/8iVFB/seqs/loot/loot_vox10_1087.ply,1,778592,778592,723568,0.929329,4.702,3.847,4.678,2.948,1.066,2.92
/home/temp/wjq/dataset/8iVFB/seqs/loot/loot_vox10_1088.ply,1,779952,779952,729888,0.935811,4.743,3.905,4.713,2.902,1.059,2.877
/home/temp/wjq/dataset/8iVFB/seqs/loot/loot_vox10_1089.ply,1,779674,779674,735224,0.942989,4.72,3.875,4.692,2.924,1.068,2.899
/home/temp/wjq/dataset/8iVFB/seqs/loot/loot_vox10_1090.ply,1,781083,781083,742376,0.950444,4.72,3.886,4.694,2.956,1.087,2.931
/home/temp/wjq/dataset/8iVFB/seqs/loot/loot_vox10_1091.ply,1,780537,780537,749736,0.960539,4.73,3.893,4.704,2.973,1.057,2.948
/home/temp/wjq/dataset/8iVFB/seqs/loot/loot_vox10_1092.ply,1,773046,773046,737984,0.954644,4.693,3.863,4.665,2.962,1.062,2.93
/home/temp/wjq/dataset/8iVFB/seqs/loot/loot_vox10_1093.ply,1,770822,770822,732984,0.950912,4.677,3.863,4.647,2.905,1.064,2.881
/home/temp/wjq/dataset/8iVFB/seqs/loot/loot_vox10_1094.ply,1,778859,778859,752072,0.965607,4.728,3.89,4.702,2.994,1.068,2.961
/home/temp/wjq/dataset/8iVFB/seqs/loot/loot_vox10_1095.ply,1,778333,778333,746656,0.959301,4.706,3.882,4.679,2.965,1.064,2.926
/home/temp/wjq/dataset/8iVFB/seqs/loot/loot_vox10_1096.ply,1,782798,782798,753808,0.962966,4.769,3.873,4.744,2.969,1.079,2.944
/home/temp/wjq/dataset/8iVFB/seqs/loot/loot_vox10_1097.ply,1,781418,781418,748272,0.957582,4.8,3.897,4.771,2.994,1.112,2.968
/home/temp/wjq/dataset/8iVFB/seqs/loot/loot_vox10_1098.ply,1,777382,777382,742088,0.954599,4.806,3.931,4.772,2.984,1.103,2.958
/home/temp/wjq/dataset/8iVFB/seqs/loot/loot_vox10_1099.ply,1,778267,778267,739864,0.950656,4.775,3.909,4.748,2.928,1.09,2.897
/home/temp/wjq/dataset/8iVFB/seqs/loot/loot_vox10_1100.ply,1,780699,780699,746472,0.956159,4.776,3.936,4.748,2.956,1.089,2.924
/home/temp/wjq/dataset/8iVFB/seqs/loot/loot_vox10_1101.ply,1,780328,780328,739576,0.947776,4.737,3.89,4.711,3.066,1.104,3.04
/home/temp/wjq/dataset/8iVFB/seqs/loot/loot_vox10_1102.ply,1,782351,782351,741440,0.947708,4.747,3.901,4.725,2.947,1.078,2.923
/home/temp/wjq/dataset/8iVFB/seqs/loot/loot_vox10_1103.ply,1,782164,782164,734984,0.93968,4.725,3.893,4.703,2.95,1.112,2.923
/home/temp/wjq/dataset/8iVFB/seqs/loot/loot_vox10_1104.ply,1,783021,783021,735144,0.938856,4.791,3.903,4.767,2.972,1.104,2.949
/home/temp/wjq/dataset/8iVFB/seqs/loot/loot_vox10_1105.ply,1,786829,786829,746168,0.948323,4.781,3.922,4.756,3.001,1.113,2.974
/home/temp/wjq/dataset/8iVFB/seqs/loot/loot_vox10_1106.ply,1,789365,789365,757360,0.959455,4.824,3.93,4.8,2.997,1.116,2.973
/home/temp/wjq/dataset/8iVFB/seqs/loot/loot_vox10_1107.ply,1,790807,790807,762408,0.964089,4.801,3.934,4.777,3.037,1.116,3.011
/home/temp/wjq/dataset/8iVFB/seqs/loot/loot_vox10_1108.ply,1,789334,789334,769712,0.975141,4.763,3.93,4.737,2.989,1.103,2.963
/home/temp/wjq/dataset/8iVFB/seqs/loot/loot_vox10_1109.ply,1,783753,783753,753592,0.961517,4.824,3.9,4.797,2.977,1.095,2.951
/home/temp/wjq/dataset/8iVFB/seqs/loot/loot_vox10_1110.ply,1,781240,781240,749408,0.959255,4.753,3.899,4.729,2.934,1.073,2.901
/home/temp/wjq/dataset/8iVFB/seqs/loot/loot_vox10_1111.ply,1,781247,781247,745200,0.95386,4.742,3.888,4.715,2.963,1.065,2.936
/home/temp/wjq/dataset/8iVFB/seqs/loot/loot_vox10_1112.ply,1,783523,783523,748312,0.955061,4.807,3.932,4.765,2.966,1.092,2.94
/home/temp/wjq/dataset/8iVFB/seqs/loot/loot_vox10_1113.ply,1,783046,783046,746264,0.953027,4.759,3.889,4.735,2.943,1.095,2.914
/home/temp/wjq/dataset/8iVFB/seqs/loot/loot_vox10_1114.ply,1,785712,785712,748128,0.952166,4.761,3.9,4.736,3.008,1.098,2.982
/home/temp/wjq/dataset/8iVFB/seqs/loot/loot_vox10_1115.ply,1,788409,788409,751144,0.952734,4.77,3.895,4.742,3.015,1.071,2.991
/home/temp/wjq/dataset/8iVFB/seqs/loot/loot_vox10_1116.ply,1,785289,785289,746520,0.950631,4.766,3.919,4.738,3.066,1.103,3.04
/home/temp/wjq/dataset/8iVFB/seqs/loot/loot_vox10_1117.ply,1,784314,784314,743688,0.948202,4.791,3.889,4.76,2.951,1.057,2.918
/home/temp/wjq/dataset/8iVFB/seqs/loot/loot_vox10_1118.ply,1,784830,784830,745880,0.950371,4.832,3.916,4.799,2.951,1.076,2.927
/home/temp/wjq/dataset/8iVFB/seqs/loot/loot_vox10_1119.ply,1,784742,784742,746320,0.951039,4.771,3.904,4.746,3.013,1.09,2.986
/home/temp/wjq/dataset/8iVFB/seqs/loot/loot_vox10_1120.ply,1,787186,787186,749136,0.951663,4.789,3.942,4.761,2.978,1.103,2.952
/home/temp/wjq/dataset/8iVFB/seqs/loot/loot_vox10_1121.ply,1,792161,792161,765456,0.966288,4.807,3.957,4.78,2.994,1.116,2.967
/home/temp/wjq/dataset/8iVFB/seqs/loot/loot_vox10_1122.ply,1,788290,788290,756832,0.960093,4.763,3.933,4.738,3.042,1.1,3.016
/home/temp/wjq/dataset/8iVFB/seqs/loot/loot_vox10_1123.ply,1,789222,789222,765784,0.970302,4.836,3.954,4.811,3.017,1.094,2.991
/home/temp/wjq/dataset/8iVFB/seqs/loot/loot_vox10_1124.ply,1,787173,787173,762832,0.969078,4.771,3.907,4.741,2.991,1.068,2.962
/home/temp/wjq/dataset/8iVFB/seqs/loot/loot_vox10_1125.ply,1,776279,776279,733464,0.944846,4.743,3.845,4.711,2.966,1.1,2.94
/home/temp/wjq/dataset/8iVFB/seqs/loot/loot_vox10_1126.ply,1,773912,773912,732088,0.945958,4.707,3.876,4.686,2.938,1.107,2.912
/home/temp/wjq/dataset/8iVFB/seqs/loot/loot_vox10_1127.ply,1,773302,773302,728416,0.941955,4.747,3.857,4.715,2.989,1.083,2.962
/home/temp/wjq/dataset/8iVFB/seqs/loot/loot_vox10_1128.ply,1,777001,777001,736816,0.948282,4.77,3.865,4.736,3.032,1.113,3.006
/home/temp/wjq/dataset/8iVFB/seqs/loot/loot_vox10_1129.ply,1,783174,783174,745840,0.95233,4.776,3.907,4.75,3.009,1.097,2.983
/home/temp/wjq/dataset/8iVFB/seqs/loot/loot_vox10_1130.ply,1,786108,786108,748672,0.952378,4.79,3.924,4.766,2.952,1.093,2.926
/home/temp/wjq/dataset/8iVFB/seqs/loot/loot_vox10_1131.ply,1,785622,785622,740168,0.942143,4.769,3.892,4.745,3.045,1.105,3.019
/home/temp/wjq/dataset/8iVFB/seqs/loot/loot_vox10_1132.ply,1,787265,787265,744520,0.945704,4.818,3.923,4.785,2.991,1.121,2.965
/home/temp/wjq/dataset/8iVFB/seqs/loot/loot_vox10_1133.ply,1,787734,787734,742080,0.942044,4.819,3.944,4.797,3.009,1.07,2.985
/home/temp/wjq/dataset/8iVFB/seqs/loot/loot_vox10_1134.ply,1,786766,786766,741128,0.941993,4.831,3.924,4.804,3.003,1.071,2.975
/home/temp/wjq/dataset/8iVFB/seqs/loot/loot_vox10_1135.ply,1,787622,787622,747032,0.948465,4.773,3.923,4.745,3.033,1.101,3.006
/home/temp/wjq/dataset/8iVFB/seqs/loot/loot_vox10_1136.ply,1,784509,784509,747496,0.95282,4.772,3.897,4.735,2.953,1.051,2.928
/home/temp/wjq/dataset/8iVFB/seqs/loot/loot_vox10_1137.ply,1,782962,782962,749856,0.957717,4.768,3.907,4.742,2.986,1.075,2.962
/home/temp/wjq/dataset/8iVFB/seqs/loot/loot_vox10_1138.ply,1,785441,785441,757832,0.964849,4.806,3.952,4.782,3.037,1.095,3.004
/home/temp/wjq/dataset/8iVFB/seqs/loot/loot_vox10_1139.ply,1,786857,786857,762768,0.969386,4.811,3.954,4.78,2.98,1.077,2.947
/home/temp/wjq/dataset/8iVFB/seqs/loot/loot_vox10_1140.ply,1,786209,786209,770896,0.980523,4.823,3.933,4.793,3.024,1.059,2.999
/home/temp/wjq/dataset/8iVFB/seqs/loot/loot_vox10_1141.ply,1,785895,785895,771416,0.981576,4.783,3.899,4.75,3.012,1.076,2.987
/home/temp/wjq/dataset/8iVFB/seqs/loot/loot_vox10_1142.ply,1,783109,783109,762760,0.974015,4.735,3.906,4.711,2.983,1.079,2.959
/home/temp/wjq/dataset/8iVFB/seqs/loot/loot_vox10_1143.ply,1,783994,783994,761560,0.971385,4.769,3.906,4.733,2.999,1.084,2.971
/home/temp/wjq/dataset/8iVFB/seqs/loot/loot_vox10_1144.ply,1,785959,785959,755472,0.96121,4.808,3.917,4.782,2.97,1.098,2.942
/home/temp/wjq/dataset/8iVFB/seqs/loot/loot_vox10_1145.ply,1,789030,789030,752672,0.953921,4.814,3.918,4.789,3.052,1.112,3.026
/home/temp/wjq/dataset/8iVFB/seqs/loot/loot_vox10_1146.ply,1,794594,794594,760552,0.957158,4.865,3.959,4.83,3.029,1.111,3.001
/home/temp/wjq/dataset/8iVFB/seqs/loot/loot_vox10_1147.ply,1,797998,797998,762632,0.955682,4.832,3.962,4.807,3.039,1.102,3.013
/home/temp/wjq/dataset/8iVFB/seqs/loot/loot_vox10_1148.ply,1,798639,798639,767064,0.960464,4.971,3.994,4.917,3.056,1.098,3.025
/home/temp/wjq/dataset/8iVFB/seqs/loot/loot_vox10_1149.ply,1,796693,796693,761456,0.955771,4.838,3.974,4.813,3.115,1.117,3.085
/home/temp/wjq/dataset/8iVFB/seqs/loot/loot_vox10_1150.ply,1,794717,794717,756616,0.952057,4.839,3.96,4.813,3.068,1.073,3.042
/home/temp/wjq/dataset/8iVFB/seqs/loot/loot_vox10_1151.ply,1,792861,792861,752112,0.948605,4.87,4.0,4.838,3.129,1.11,3.099
/home/temp/wjq/dataset/8iVFB/seqs/loot/loot_vox10_1152.ply,1,792789,792789,750152,0.946219,4.87,3.993,4.835,3.012,1.071,2.987
/home/temp/wjq/dataset/8iVFB/seqs/loot/loot_vox10_1153.ply,1,792309,792309,752960,0.950336,4.792,3.944,4.763,2.998,1.085,2.972
/home/temp/wjq/dataset/8iVFB/seqs/loot/loot_vox10_1154.ply,1,791925,791925,752056,0.949656,4.81,3.935,4.779,3.108,1.082,3.083
/home/temp/wjq/dataset/8iVFB/seqs/loot/loot_vox10_1155.ply,1,793795,793795,761352,0.959129,4.804,3.954,4.774,3.022,1.085,2.996
/home/temp/wjq/dataset/8iVFB/seqs/loot/loot_vox10_1156.ply,1,793460,793460,764816,0.9639,4.824,3.957,4.798,3.005,1.07,2.977
/home/temp/wjq/dataset/8iVFB/seqs/loot/loot_vox10_1157.ply,1,795527,795527,768328,0.96581,4.807,3.962,4.784,2.993,1.086,2.964
/home/temp/wjq/dataset/8iVFB/seqs/loot/loot_vox10_1158.ply,1,798776,798776,772120,0.966629,4.866,3.961,4.84,3.02,1.119,2.993
/home/temp/wjq/dataset/8iVFB/seqs/loot/loot_vox10_1159.ply,1,799362,799362,769456,0.962588,4.901,3.983,4.867,3.061,1.119,3.032
/home/temp/wjq/dataset/8iVFB/seqs/loot/loot_vox10_1160.ply,1,789777,789777,747984,0.947083,4.856,3.958,4.834,3.009,1.074,2.984
/home/temp/wjq/dataset/8iVFB/seqs/loot/loot_vox10_1161.ply,1,790930,790930,749424,0.947523,4.813,3.955,4.785,3.048,1.128,3.015
/home/temp/wjq/dataset/8iVFB/seqs/loot/loot_vox10_1162.ply,1,793734,793734,750232,0.945193,4.89,3.996,4.863,3.059,1.121,3.033
/home/temp/wjq/dataset/8iVFB/seqs/loot/loot_vox10_1163.ply,1,792883,792883,745608,0.940376,4.802,3.956,4.771,3.042,1.082,3.016
/home/temp/wjq/dataset/8iVFB/seqs/loot/loot_vox10_1164.ply,1,791299,791299,740936,0.936354,4.79,3.927,4.764,2.984,1.067,2.959
/home/temp/wjq/dataset/8iVFB/seqs/loot/loot_vox10_1165.ply,1,789485,789485,743952,0.942326,4.786,3.934,4.763,2.953,1.079,2.929
/home/temp/wjq/dataset/8iVFB/seqs/loot/loot_vox10_1166.ply,1,789977,789977,747608,0.946367,4.792,3.955,4.77,2.963,1.075,2.939
/home/temp/wjq/dataset/8iVFB/seqs/loot/loot_vox10_1167.ply,1,791598,791598,746568,0.943115,4.826,3.929,4.802,3.045,1.1,3.02
/home/temp/wjq/dataset/8iVFB/seqs/loot/loot_vox10_1168.ply,1,795034,795034,758592,0.954163,4.802,3.942,4.769,2.979,1.078,2.954
/home/temp/wjq/dataset/8iVFB/seqs/loot/loot_vox10_1169.ply,1,794863,794863,764392,0.961665,4.825,3.932,4.789,3.154,1.073,3.13
/home/temp/wjq/dataset/8iVFB/seqs/loot/loot_vox10_1170.ply,1,794885,794885,769032,0.967476,4.849,3.973,4.821,3.022,1.088,2.998
/home/temp/wjq/dataset/8iVFB/seqs/loot/loot_vox10_1171.ply,1,788905,788905,756160,0.958493,4.886,3.971,4.854,3.015,1.085,2.989
/home/temp/wjq/dataset/8iVFB/seqs/loot/loot_vox10_1172.ply,1,787376,787376,753608,0.957113,4.801,3.903,4.774,3.013,1.074,2.986
/home/temp/wjq/dataset/8iVFB/seqs/loot/loot_vox10_1173.ply,1,791921,791921,759968,0.959651,4.791,3.928,4.768,3.009,1.073,2.984
/home/temp/wjq/dataset/8iVFB/seqs/loot/loot_vox10_1174.ply,1,785044,785044,743832,0.947504,4.761,3.874,4.736,3.035,1.097,3.009
/home/temp/wjq/dataset/8iVFB/seqs/loot/loot_vox10_1175.ply,1,785759,785759,745024,0.948158,4.771,3.9,4.737,2.948,1.059,2.921
/home/temp/wjq/dataset/8iVFB/seqs/loot/loot_vox10_1176.ply,1,782963,782963,738304,0.942962,4.793,3.878,4.768,3.051,1.115,3.026
/home/temp/wjq/dataset/8iVFB/seqs/loot/loot_vox10_1177.ply,1,783666,783666,740520,0.944943,4.807,3.884,4.781,3.011,1.073,2.984
/home/temp/wjq/dataset/8iVFB/seqs/loot/loot_vox10_1178.ply,1,786714,786714,743544,0.945126,4.756,3.917,4.731,2.954,1.086,2.927
/home/temp/wjq/dataset/8iVFB/seqs/loot/loot_vox10_1179.ply,1,787583,787583,743272,0.943738,4.756,3.896,4.732,3.007,1.068,2.982
/home/temp/wjq/dataset/8iVFB/seqs/loot/loot_vox10_1180.ply,1,793719,793719,753480,0.949303,4.835,3.95,4.807,3.023,1.098,2.99
/home/temp/wjq/dataset/8iVFB/seqs/loot/loot_vox10_1181.ply,1,792329,792329,748528,0.944719,4.815,3.924,4.791,3.029,1.079,2.997
/home/temp/wjq/dataset/8iVFB/seqs/loot/loot_vox10_1182.ply,1,801464,801464,765656,0.955322,4.869,3.977,4.847,3.114,1.123,3.088
/home/temp/wjq/dataset/8iVFB/seqs/loot/loot_vox10_1183.ply,1,796948,796948,761272,0.955234,4.859,3.946,4.831,3.137,1.091,3.091
/home/temp/wjq/dataset/8iVFB/seqs/loot/loot_vox10_1184.ply,1,802598,802598,776920,0.968006,4.924,3.992,4.897,3.045,1.079,3.02
/home/temp/wjq/dataset/8iVFB/seqs/loot/loot_vox10_1185.ply,1,797039,797039,771272,0.967672,4.858,3.931,4.832,2.985,1.075,2.956
/home/temp/wjq/dataset/8iVFB/seqs/loot/loot_vox10_1186.ply,1,797511,797511,776080,0.973128,4.912,3.994,4.89,3.032,1.12,3.006
/home/temp/wjq/dataset/8iVFB/seqs/loot/loot_vox10_1187.ply,1,794879,794879,761016,0.957399,4.819,3.968,4.794,3.011,1.122,2.97
/home/temp/wjq/dataset/8iVFB/seqs/loot/loot_vox10_1188.ply,1,793590,793590,757512,0.954538,4.879,3.949,4.853,2.98,1.09,2.951
/home/temp/wjq/dataset/8iVFB/seqs/loot/loot_vox10_1189.ply,1,788938,788938,753432,0.954995,4.798,3.934,4.775,3.022,1.094,2.997
/home/temp/wjq/dataset/8iVFB/seqs/loot/loot_vox10_1190.ply,1,784846,784846,743752,0.947641,4.811,3.913,4.788,2.967,1.094,2.941
/home/temp/wjq/dataset/8iVFB/seqs/loot/loot_vox10_1191.ply,1,788004,788004,749728,0.951427,4.763,3.891,4.74,2.986,1.091,2.952
/home/temp/wjq/dataset/8iVFB/seqs/loot/loot_vox10_1192.ply,1,795964,795964,764472,0.960435,4.839,3.971,4.814,2.965,1.064,2.94
/home/temp/wjq/dataset/8iVFB/seqs/loot/loot_vox10_1193.ply,1,799207,799207,769400,0.962704,4.853,3.962,4.829,3.043,1.101,3.013
/home/temp/wjq/dataset/8iVFB/seqs/loot/loot_vox10_1194.ply,1,799402,799402,767784,0.960448,4.885,3.975,4.855,3.025,1.075,2.998
/home/temp/wjq/dataset/8iVFB/seqs/loot/loot_vox10_1195.ply,1,800483,800483,765224,0.955953,4.838,3.992,4.813,3.038,1.075,3.003
/home/temp/wjq/dataset/8iVFB/seqs/loot/loot_vox10_1196.ply,1,798336,798336,762912,0.955628,4.84,3.964,4.806,3.031,1.072,3.0
/home/temp/wjq/dataset/8iVFB/seqs/loot/loot_vox10_1197.ply,1,798454,798454,761328,0.953503,4.891,4.0,4.866,3.042,1.098,3.016
/home/temp/wjq/dataset/8iVFB/seqs/loot/loot_vox10_1198.ply,1,800770,800770,768048,0.959137,4.854,3.982,4.824,3.005,1.085,2.977
/home/temp/wjq/dataset/8iVFB/seqs/loot/loot_vox10_1199.ply,1,802378,802378,773472,0.963975,4.904,3.968,4.879,3.07,1.134,3.03
/home/temp/wjq/dataset/8iVFB/seqs/loot/loot_vox10_1200.ply,1,805285,805285,781368,0.9703,4.868,4.001,4.843,3.037,1.067,3.012
/home/temp/wjq/dataset/8iVFB/seqs/loot/loot_vox10_1201.ply,1,803318,803318,777880,0.968334,4.851,3.967,4.824,3.074,1.116,3.044
/home/temp/wjq/dataset/8iVFB/seqs/loot/loot_vox10_1202.ply,1,802036,802036,779424,0.971807,4.859,3.983,4.828,3.022,1.091,2.996
/home/temp/wjq/dataset/8iVFB/seqs/loot/loot_vox10_1203.ply,1,810228,810228,798856,0.985964,4.942,4.043,4.916,3.071,1.135,3.039
/home/temp/wjq/dataset/8iVFB/seqs/loot/loot_vox10_1204.ply,1,808185,808185,793960,0.982399,4.932,4.018,4.908,3.098,1.119,3.066
/home/temp/wjq/dataset/8iVFB/seqs/loot/loot_vox10_1205.ply,1,815223,815223,803448,0.985556,4.947,4.053,4.915,3.092,1.104,3.064
/home/temp/wjq/dataset/8iVFB/seqs/loot/loot_vox10_1206.ply,1,799426,799426,776736,0.971617,4.897,4.015,4.87,3.072,1.121,3.044
/home/temp/wjq/dataset/8iVFB/seqs/loot/loot_vox10_1207.ply,1,790320,790320,755568,0.956028,4.801,3.922,4.774,3.002,1.084,2.977
/home/temp/wjq/dataset/8iVFB/seqs/loot/loot_vox10_1208.ply,1,795945,795945,762880,0.958458,4.843,3.939,4.801,3.016,1.101,2.988
/home/temp/wjq/dataset/8iVFB/seqs/loot/loot_vox10_1209.ply,1,792891,792891,758936,0.957176,4.848,3.981,4.827,3.047,1.095,3.021
/home/temp/wjq/dataset/8iVFB/seqs/loot/loot_vox10_1210.ply,1,797320,797320,765368,0.959926,4.929,3.965,4.894,3.09,1.093,3.066
/home/temp/wjq/dataset/8iVFB/seqs/loot/loot_vox10_1211.ply,1,805214,805214,780472,0.969273,4.916,4.018,4.89,3.093,1.096,3.068
/home/temp/wjq/dataset/8iVFB/seqs/loot/loot_vox10_1212.ply,1,797126,797126,767576,0.962929,4.854,3.972,4.821,3.079,1.107,3.053
/home/temp/wjq/dataset/8iVFB/seqs/loot/loot_vox10_1213.ply,1,803136,803136,776800,0.967209,4.887,3.995,4.863,3.052,1.088,3.024
/home/temp/wjq/dataset/8iVFB/seqs/loot/loot_vox10_1214.ply,1,809297,809297,786712,0.972093,4.927,4.031,4.901,3.054,1.102,3.023
/home/temp/wjq/dataset/8iVFB/seqs/loot/loot_vox10_1215.ply,1,808156,808156,788016,0.975079,4.929,4.041,4.907,3.097,1.123,3.071
/home/temp/wjq/dataset/8iVFB/seqs/loot/loot_vox10_1216.ply,1,810355,810355,794560,0.980509,4.931,4.056,4.9,3.099,1.087,3.075
/home/temp/wjq/dataset/8iVFB/seqs/loot/loot_vox10_1217.ply,1,810211,810211,793056,0.978827,4.962,4.069,4.932,3.052,1.104,3.027
/home/temp/wjq/dataset/8iVFB/seqs/loot/loot_vox10_1218.ply,1,808645,808645,791048,0.978239,4.926,4.038,4.901,3.067,1.123,3.041
/home/temp/wjq/dataset/8iVFB/seqs/loot/loot_vox10_1219.ply,1,810783,810783,794624,0.98007,4.954,4.05,4.924,3.107,1.145,3.07
/home/temp/wjq/dataset/8iVFB/seqs/loot/loot_vox10_1220.ply,1,807088,807088,786104,0.974,4.899,3.998,4.871,3.079,1.124,3.052
/home/temp/wjq/dataset/8iVFB/seqs/loot/loot_vox10_1221.ply,1,809369,809369,795696,0.983107,4.96,4.053,4.938,3.075,1.147,3.049
/home/temp/wjq/dataset/8iVFB/seqs/loot/loot_vox10_1222.ply,1,795354,795354,766816,0.964119,4.85,3.931,4.826,3.135,1.131,3.105
/home/temp/wjq/dataset/8iVFB/seqs/loot/loot_vox10_1223.ply,1,795455,795455,762888,0.959059,4.89,4.032,4.866,3.024,1.085,2.999
/home/temp/wjq/dataset/8iVFB/seqs/loot/loot_vox10_1224.ply,1,795720,795720,761232,0.956658,4.856,3.995,4.833,3.058,1.117,3.032
/home/temp/wjq/dataset/8iVFB/seqs/loot/loot_vox10_1225.ply,1,798723,798723,772752,0.967484,4.886,4.006,4.857,3.019,1.092,2.992
/home/temp/wjq/dataset/8iVFB/seqs/loot/loot_vox10_1226.ply,1,807441,807441,785824,0.973228,4.914,4.009,4.886,3.119,1.117,3.089
/home/temp/wjq/dataset/8iVFB/seqs/loot/loot_vox10_1227.ply,1,803316,803316,780280,0.971324,4.923,4.015,4.899,3.059,1.117,3.018
/home/temp/wjq/dataset/8iVFB/seqs/loot/loot_vox10_1228.ply,1,809074,809074,787504,0.97334,4.962,4.063,4.929,3.104,1.127,3.076
/home/temp/wjq/dataset/8iVFB/seqs/loot/loot_vox10_1229.ply,1,808265,808265,786696,0.973314,4.9,4.033,4.875,3.062,1.109,3.036
/home/temp/wjq/dataset/8iVFB/seqs/loot/loot_vox10_1230.ply,1,818848,818848,810072,0.989283,4.977,4.078,4.955,3.114,1.133,3.09
/home/temp/wjq/dataset/8iVFB/seqs/loot/loot_vox10_1231.ply,1,820617,820617,811240,0.988573,4.969,4.073,4.944,3.106,1.12,3.069
/home/temp/wjq/dataset/8iVFB/seqs/loot/loot_vox10_1232.ply,1,814146,814146,800680,0.98346,4.966,4.056,4.944,3.105,1.132,3.075
/home/temp/wjq/dataset/8iVFB/seqs/loot/loot_vox10_1233.ply,1,814852,814852,806424,0.989657,4.966,4.037,4.943,3.102,1.134,3.077
/home/temp/wjq/dataset/8iVFB/seqs/loot/loot_vox10_1234.ply,1,815725,815725,811240,0.994502,5.021,4.063,4.995,3.105,1.126,3.076
/home/temp/wjq/dataset/8iVFB/seqs/loot/loot_vox10_1235.ply,1,816078,816078,808832,0.991121,4.991,4.071,4.966,3.098,1.152,3.07
/home/temp/wjq/dataset/8iVFB/seqs/loot/loot_vox10_1236.ply,1,810868,810868,797416,0.98341,4.943,4.02,4.914,3.119,1.133,3.091
/home/temp/wjq/dataset/8iVFB/seqs/loot/loot_vox10_1237.ply,1,801907,801907,780664,0.973509,4.863,3.976,4.837,3.086,1.105,3.053
/home/temp/wjq/dataset/8iVFB/seqs/loot/loot_vox10_1238.ply,1,799196,799196,777136,0.972397,4.846,3.963,4.815,3.047,1.089,3.019
/home/temp/wjq/dataset/8iVFB/seqs/loot/loot_vox10_1239.ply,1,799621,799621,775832,0.97025,4.869,3.987,4.838,3.032,1.09,2.978
/home/temp/wjq/dataset/8iVFB/seqs/loot/loot_vox10_1240.ply,1,808174,808174,787536,0.974463,4.918,4.034,4.882,3.072,1.118,3.042
/home/temp/wjq/dataset/8iVFB/seqs/loot/loot_vox10_1241.ply,1,810609,810609,792304,0.977418,4.984,4.043,4.953,3.136,1.156,3.11
/home/temp/wjq/dataset/8iVFB/seqs/loot/loot_vox10_1242.ply,1,809086,809086,788208,0.974196,4.901,4.029,4.87,3.09,1.145,3.062
/home/temp/wjq/dataset/8iVFB/seqs/loot/loot_vox10_1243.ply,1,804105,804105,783088,0.973863,4.88,3.993,4.859,3.061,1.114,3.032
/home/temp/wjq/dataset/8iVFB/seqs/loot/loot_vox10_1244.ply,1,810243,810243,790800,0.976003,4.92,4.044,4.89,3.077,1.113,3.038
/home/temp/wjq/dataset/8iVFB/seqs/loot/loot_vox10_1245.ply,1,808451,808451,790640,0.977969,4.923,4.032,4.896,3.104,1.156,3.075
/home/temp/wjq/dataset/8iVFB/seqs/loot/loot_vox10_1246.ply,1,818595,818595,807128,0.985992,4.991,4.067,4.961,3.145,1.103,3.115
/home/temp/wjq/dataset/8iVFB/seqs/loot/loot_vox10_1247.ply,1,813416,813416,800504,0.984126,4.941,4.024,4.917,3.102,1.158,3.072
/home/temp/wjq/dataset/8iVFB/seqs/loot/loot_vox10_1248.ply,1,816251,816251,809616,0.991871,4.987,4.071,4.955,3.093,1.126,3.066
/home/temp/wjq/dataset/8iVFB/seqs/loot/loot_vox10_1249.ply,1,820584,820584,815704,0.994053,5.009,4.07,4.983,3.076,1.125,3.049
/home/temp/wjq/dataset/8iVFB/seqs/loot/loot_vox10_1250.ply,1,817535,817535,810272,0.991116,4.987,4.056,4.958,3.141,1.158,3.112
/home/temp/wjq/dataset/8iVFB/seqs/loot/loot_vox10_1251.ply,1,812707,812707,800360,0.984808,4.996,4.052,4.966,3.104,1.143,3.075
/home/temp/wjq/dataset/8iVFB/seqs/loot/loot_vox10_1252.ply,1,811017,811017,796136,0.981651,4.969,4.062,4.934,3.129,1.131,3.102
/home/temp/wjq/dataset/8iVFB/seqs/loot/loot_vox10_1253.ply,1,812416,812416,796088,0.979902,4.954,4.06,4.931,3.13,1.131,3.099
/home/temp/wjq/dataset/8iVFB/seqs/loot/loot_vox10_1254.ply,1,815874,815874,803256,0.984534,4.99,4.068,4.967,3.047,1.087,3.021
/home/temp/wjq/dataset/8iVFB/seqs/loot/loot_vox10_1255.ply,1,811813,811813,792816,0.976599,4.927,4.068,4.902,3.134,1.102,3.101
/home/temp/wjq/dataset/8iVFB/seqs/loot/loot_vox10_1256.ply,1,809323,809323,789960,0.976075,4.908,4.039,4.878,3.117,1.135,3.09
/home/temp/wjq/dataset/8iVFB/seqs/loot/loot_vox10_1257.ply,1,806066,806066,786104,0.975235,4.909,3.996,4.884,3.073,1.136,3.048
/home/temp/wjq/dataset/8iVFB/seqs/loot/loot_vox10_1258.ply,1,803994,803994,783912,0.975022,4.92,3.979,4.89,3.195,1.13,3.169
/home/temp/wjq/dataset/8iVFB/seqs/loot/loot_vox10_1259.ply,1,804675,804675,787456,0.978601,4.924,4.006,4.9,3.103,1.116,3.069
/home/temp/wjq/dataset/8iVFB/seqs/loot/loot_vox10_1260.ply,1,803023,803023,789800,0.983533,4.893,3.968,4.865,3.065,1.133,3.037
/home/temp/wjq/dataset/8iVFB/seqs/loot/loot_vox10_1261.ply,1,804900,804900,790144,0.981667,4.87,4.0,4.845,3.108,1.147,3.083
/home/temp/wjq/dataset/8iVFB/seqs/loot/loot_vox10_1262.ply,1,801032,801032,782416,0.97676,4.882,4.005,4.856,3.016,1.099,2.98
/home/temp/wjq/dataset/8iVFB/seqs/loot/loot_vox10_1263.ply,1,793638,793638,774232,0.975548,4.866,3.981,4.843,2.976,1.09,2.946
/home/temp/wjq/dataset/8iVFB/seqs/loot/loot_vox10_1264.ply,1,801156,801156,789280,0.985176,4.876,3.954,4.849,3.066,1.136,3.039
/home/temp/wjq/dataset/8iVFB/seqs/loot/loot_vox10_1265.ply,1,804749,804749,795880,0.988979,4.919,4.029,4.891,3.035,1.131,3.008
/home/temp/wjq/dataset/8iVFB/seqs/loot/loot_vox10_1266.ply,1,805449,805449,800480,0.993831,4.877,4.014,4.854,2.993,1.098,2.965
/home/temp/wjq/dataset/8iVFB/seqs/loot/loot_vox10_1267.ply,1,805329,805329,800168,0.993591,4.899,4.004,4.873,3.052,1.099,3.018
/home/temp/wjq/dataset/8iVFB/seqs/loot/loot_vox10_1268.ply,1,805419,805419,791288,0.982455,4.889,3.997,4.86,3.006,1.081,2.971
/home/temp/wjq/dataset/8iVFB/seqs/loot/loot_vox10_1269.ply,1,804474,804474,789400,0.981262,4.857,4.005,4.83,3.093,1.099,3.066
/home/temp/wjq/dataset/8iVFB/seqs/loot/loot_vox10_1270.ply,1,796101,796101,778008,0.977273,4.921,3.987,4.885,3.007,1.116,2.976
/home/temp/wjq/dataset/8iVFB/seqs/loot/loot_vox10_1271.ply,1,805073,805073,792144,0.983941,4.941,4.028,4.904,3.104,1.134,3.075
/home/temp/wjq/dataset/8iVFB/seqs/loot/loot_vox10_1272.ply,1,797204,797204,777304,0.975038,4.872,3.942,4.839,3.056,1.065,3.031
/home/temp/wjq/dataset/8iVFB/seqs/loot/loot_vox10_1273.ply,1,805139,805139,787096,0.97759,4.878,3.993,4.847,3.028,1.101,3.003
/home/temp/wjq/dataset/8iVFB/seqs/loot/loot_vox10_1274.ply,1,808073,808073,788120,0.975308,4.891,4.023,4.869,3.02,1.076,2.995
/home/temp/wjq/dataset/8iVFB/seqs/loot/loot_vox10_1275.ply,1,813584,813584,801360,0.984975,4.913,4.049,4.886,3.112,1.08,3.064
/home/temp/wjq/dataset/8iVFB/seqs/loot/loot_vox10_1276.ply,1,812306,812306,800840,0.985885,5.0,4.095,4.976,3.108,1.145,3.082
/home/temp/wjq/dataset/8iVFB/seqs/loot/loot_vox10_1277.ply,1,817500,817500,806488,0.98653,5.017,4.077,4.986,3.13,1.146,3.103
/home/temp/wjq/dataset/8iVFB/seqs/loot/loot_vox10_1278.ply,1,824803,824803,821808,0.996369,5.024,4.139,4.994,3.139,1.157,3.111
/home/temp/wjq/dataset/8iVFB/seqs/loot/loot_vox10_1279.ply,1,813944,813944,800384,0.98334,4.947,4.064,4.917,3.109,1.109,3.084
/home/temp/wjq/dataset/8iVFB/seqs/loot/loot_vox10_1280.ply,1,815307,815307,809424,0.992784,5.037,4.032,5.008,3.132,1.122,3.108
/home/temp/wjq/dataset/8iVFB/seqs/loot/loot_vox10_1281.ply,1,816329,816329,810784,0.993207,4.956,4.089,4.932,3.09,1.101,3.066
/home/temp/wjq/dataset/8iVFB/seqs/loot/loot_vox10_1282.ply,1,813249,813249,804096,0.988745,4.952,4.062,4.923,3.081,1.11,3.055
/home/temp/wjq/dataset/8iVFB/seqs/loot/loot_vox10_1283.ply,1,809333,809333,796408,0.98403,4.903,4.032,4.879,3.025,1.086,3.0
/home/temp/wjq/dataset/8iVFB/seqs/loot/loot_vox10_1284.ply,1,815482,815482,799328,0.980191,4.968,4.07,4.942,3.139,1.147,3.113
/home/temp/wjq/dataset/8iVFB/seqs/loot/loot_vox10_1285.ply,1,814633,814633,794544,0.97534,4.959,4.064,4.934,3.091,1.13,3.061
/home/temp/wjq/dataset/8iVFB/seqs/loot/loot_vox10_1286.ply,1,814941,814941,791480,0.971211,4.976,4.035,4.948,3.073,1.13,3.045
/home/temp/wjq/dataset/8iVFB/seqs/loot/loot_vox10_1287.ply,1,818847,818847,798848,0.975577,5.02,4.077,4.991,3.064,1.112,3.03
/home/temp/wjq/dataset/8iVFB/seqs/loot/loot_vox10_1288.ply,1,824052,824052,811696,0.985006,4.99,4.084,4.965,3.133,1.127,3.107
/home/temp/wjq/dataset/8iVFB/seqs/loot/loot_vox10_1289.ply,1,835458,835458,827160,0.990068,5.067,4.152,5.035,3.146,1.12,3.121
/home/temp/wjq/dataset/8iVFB/seqs/loot/loot_vox10_1290.ply,1,819605,819605,806376,0.983859,4.994,4.064,4.956,3.111,1.116,3.088
/home/temp/wjq/dataset/8iVFB/seqs/loot/loot_vox10_1291.ply,1,827799,827799,817816,0.98794,5.018,4.127,4.986,3.136,1.135,3.109
/home/temp/wjq/dataset/8iVFB/seqs/loot/loot_vox10_1292.ply,1,830771,830771,823760,0.991561,5.06,4.126,5.019,3.108,1.115,3.076
/home/temp/wjq/dataset/8iVFB/seqs/loot/loot_vox10_1293.ply,1,835004,835004,840792,1.006932,5.076,4.158,5.049,3.118,1.114,3.093
/home/temp/wjq/dataset/8iVFB/seqs/loot/loot_vox10_1294.ply,1,814967,814967,804528,0.987191,4.924,4.05,4.893,3.115,1.097,3.091
/home/temp/wjq/dataset/8iVFB/seqs/loot/loot_vox10_1295.ply,1,818656,818656,814576,0.995016,4.974,4.076,4.95,3.155,1.13,3.124
/home/temp/wjq/dataset/8iVFB/seqs/loot/loot_vox10_1296.ply,1,819807,819807,815184,0.994361,4.986,4.081,4.951,3.165,1.148,3.139
/home/temp/wjq/dataset/8iVFB/seqs/loot/loot_vox10_1297.ply,1,814766,814766,803416,0.98607,4.963,4.054,4.94,3.103,1.125,3.077
/home/temp/wjq/dataset/8iVFB/seqs/loot/loot_vox10_1298.ply,1,809259,809259,790968,0.977398,4.977,4.039,4.95,3.075,1.145,3.047
/home/temp/wjq/dataset/8iVFB/seqs/loot/loot_vox10_1299.ply,1,812212,812212,791328,0.974288,4.961,4.049,4.936,3.119,1.138,3.092
