filedir,num_points_raw,file_size,bpp,enc_time,all_enc_time,dec_time,all_dec_time
../../dataset/testdata_voxeldnn/8i/Thaidancer_viewdep_vox10_0.ply,490312,275632,0.562,1.221,1.928,1.09,2.206
../../dataset/testdata_voxeldnn/8i/Thaidancer_viewdep_vox10_1.ply,490312,270576,0.552,1.382,2.003,1.242,2.387
../../dataset/testdata_voxeldnn/8i/boxer_viewdep_vox10_0.ply,497121,245896,0.495,1.202,1.822,1.107,2.264
../../dataset/testdata_voxeldnn/8i/boxer_viewdep_vox10_1.ply,497121,244176,0.491,1.213,1.94,1.108,2.227
../../dataset/testdata_voxeldnn/8i/loot_vox10_1000_0.ply,392071,212656,0.542,1.026,1.597,0.968,1.965
../../dataset/testdata_voxeldnn/8i/loot_vox10_1000_1.ply,392071,207400,0.529,1.039,1.603,0.961,1.915
../../dataset/testdata_voxeldnn/8i/redandblack_vox10_1510_0.ply,346949,200872,0.579,0.956,1.339,0.932,1.705
../../dataset/testdata_voxeldnn/8i/redandblack_vox10_1510_1.ply,346950,241296,0.695,1.088,1.466,0.956,1.811
