filedir,num_points_raw,file_size,bpp,enc_time,all_enc_time,dec_time,all_dec_time
../../dataset/8iVFB/seqs/loot/loot_vox10_1000.ply,784142,416384,0.531,1.803,2.857,1.648,3.637
../../dataset/8iVFB/seqs/loot/loot_vox10_1001.ply,783406,414184,0.529,1.658,3.004,1.531,3.354
../../dataset/8iVFB/seqs/loot/loot_vox10_1002.ply,780200,410888,0.527,1.653,3.27,1.546,3.368
../../dataset/8iVFB/seqs/loot/loot_vox10_1003.ply,778467,408376,0.525,1.675,3.098,1.553,3.373
../../dataset/8iVFB/seqs/loot/loot_vox10_1004.ply,776427,405856,0.523,1.67,3.233,1.552,3.4
../../dataset/8iVFB/seqs/loot/loot_vox10_1005.ply,774893,403424,0.521,1.62,3.07,1.543,3.354
../../dataset/8iVFB/seqs/loot/loot_vox10_1006.ply,775949,409056,0.527,1.682,3.131,1.547,3.357
../../dataset/8iVFB/seqs/loot/loot_vox10_1007.ply,775463,411408,0.531,1.648,3.086,1.543,3.499
../../dataset/8iVFB/seqs/loot/loot_vox10_1008.ply,775698,407480,0.525,1.653,3.117,1.585,3.581
../../dataset/8iVFB/seqs/loot/loot_vox10_1009.ply,778020,407320,0.524,1.725,3.108,1.556,3.467
../../dataset/8iVFB/seqs/loot/loot_vox10_1010.ply,778554,405864,0.521,1.657,3.029,1.549,3.414
../../dataset/8iVFB/seqs/loot/loot_vox10_1011.ply,779986,406424,0.521,1.646,3.057,1.553,3.374
../../dataset/8iVFB/seqs/loot/loot_vox10_1012.ply,780926,410072,0.525,1.659,2.965,1.573,3.532
../../dataset/8iVFB/seqs/loot/loot_vox10_1013.ply,782770,414072,0.529,1.665,3.158,1.552,3.33
../../dataset/8iVFB/seqs/loot/loot_vox10_1014.ply,784474,416384,0.531,1.66,3.042,1.546,3.461
../../dataset/8iVFB/seqs/loot/loot_vox10_1015.ply,785193,422008,0.537,1.645,3.103,1.542,3.366
../../dataset/8iVFB/seqs/loot/loot_vox10_1016.ply,782720,413272,0.528,1.669,3.07,1.548,3.372
../../dataset/8iVFB/seqs/loot/loot_vox10_1017.ply,781613,411312,0.526,1.666,3.042,1.559,3.432
../../dataset/8iVFB/seqs/loot/loot_vox10_1018.ply,780006,410840,0.527,1.649,3.043,1.577,3.373
../../dataset/8iVFB/seqs/loot/loot_vox10_1019.ply,780302,412072,0.528,1.648,3.107,1.561,3.482
../../dataset/8iVFB/seqs/loot/loot_vox10_1020.ply,779066,410176,0.526,1.648,2.94,1.586,3.413
../../dataset/8iVFB/seqs/loot/loot_vox10_1021.ply,778280,409992,0.527,1.652,3.007,1.582,3.393
../../dataset/8iVFB/seqs/loot/loot_vox10_1022.ply,778907,412032,0.529,1.659,3.296,1.543,3.376
../../dataset/8iVFB/seqs/loot/loot_vox10_1023.ply,779289,414320,0.532,1.667,3.171,1.643,3.521
../../dataset/8iVFB/seqs/loot/loot_vox10_1024.ply,779739,408176,0.523,1.802,3.241,1.645,3.562
../../dataset/8iVFB/seqs/loot/loot_vox10_1025.ply,779364,405200,0.52,1.815,3.169,1.558,3.398
../../dataset/8iVFB/seqs/loot/loot_vox10_1026.ply,780025,407776,0.523,1.689,3.081,1.538,3.483
../../dataset/8iVFB/seqs/loot/loot_vox10_1027.ply,780373,409752,0.525,1.637,3.057,1.548,3.476
../../dataset/8iVFB/seqs/loot/loot_vox10_1028.ply,781651,412880,0.528,1.644,3.116,1.548,3.368
../../dataset/8iVFB/seqs/loot/loot_vox10_1029.ply,781375,414512,0.53,1.65,3.0,1.538,3.29
../../dataset/8iVFB/seqs/loot/loot_vox10_1030.ply,784392,423120,0.539,1.655,3.062,1.551,3.41
../../dataset/8iVFB/seqs/loot/loot_vox10_1031.ply,782671,416648,0.532,1.66,3.195,1.561,3.435
../../dataset/8iVFB/seqs/loot/loot_vox10_1032.ply,776999,406456,0.523,1.641,3.223,1.542,3.368
../../dataset/8iVFB/seqs/loot/loot_vox10_1033.ply,778650,410800,0.528,1.665,3.155,1.552,3.383
../../dataset/8iVFB/seqs/loot/loot_vox10_1034.ply,778007,412864,0.531,1.631,3.352,1.541,3.399
../../dataset/8iVFB/seqs/loot/loot_vox10_1035.ply,776483,412064,0.531,1.638,3.058,1.554,3.422
../../dataset/8iVFB/seqs/loot/loot_vox10_1036.ply,781287,420008,0.538,1.654,3.112,1.551,3.433
../../dataset/8iVFB/seqs/loot/loot_vox10_1037.ply,780329,412520,0.529,1.657,3.045,1.567,3.375
../../dataset/8iVFB/seqs/loot/loot_vox10_1038.ply,780785,409376,0.524,1.666,3.143,1.555,3.422
../../dataset/8iVFB/seqs/loot/loot_vox10_1039.ply,785430,410896,0.523,1.658,3.271,1.583,3.454
../../dataset/8iVFB/seqs/loot/loot_vox10_1040.ply,789479,415400,0.526,1.708,3.293,1.582,3.407
../../dataset/8iVFB/seqs/loot/loot_vox10_1041.ply,789348,416848,0.528,1.698,3.206,1.56,3.473
../../dataset/8iVFB/seqs/loot/loot_vox10_1042.ply,792714,421112,0.531,1.678,3.14,1.576,3.423
../../dataset/8iVFB/seqs/loot/loot_vox10_1043.ply,790865,419384,0.53,1.681,3.163,1.57,3.416
../../dataset/8iVFB/seqs/loot/loot_vox10_1044.ply,787976,421032,0.534,1.655,3.329,1.564,3.337
../../dataset/8iVFB/seqs/loot/loot_vox10_1045.ply,789717,420072,0.532,1.686,3.449,1.576,3.383
../../dataset/8iVFB/seqs/loot/loot_vox10_1046.ply,784950,412728,0.526,1.651,3.105,1.551,3.369
../../dataset/8iVFB/seqs/loot/loot_vox10_1047.ply,781130,413016,0.529,1.678,3.343,1.549,3.438
../../dataset/8iVFB/seqs/loot/loot_vox10_1048.ply,780468,411608,0.527,1.634,3.076,1.551,3.261
../../dataset/8iVFB/seqs/loot/loot_vox10_1049.ply,783376,410896,0.525,1.662,3.098,1.555,3.237
../../dataset/8iVFB/seqs/loot/loot_vox10_1050.ply,787237,408560,0.519,1.676,3.219,1.561,3.424
../../dataset/8iVFB/seqs/loot/loot_vox10_1051.ply,787734,402448,0.511,1.688,3.163,1.557,3.434
../../dataset/8iVFB/seqs/loot/loot_vox10_1052.ply,787059,403032,0.512,1.665,3.016,1.566,3.409
../../dataset/8iVFB/seqs/loot/loot_vox10_1053.ply,786051,400160,0.509,1.702,3.184,1.61,3.377
../../dataset/8iVFB/seqs/loot/loot_vox10_1054.ply,796213,412480,0.518,1.693,3.41,1.571,3.392
../../dataset/8iVFB/seqs/loot/loot_vox10_1055.ply,790191,404960,0.512,1.668,3.282,1.632,3.508
../../dataset/8iVFB/seqs/loot/loot_vox10_1056.ply,798808,415072,0.52,1.691,3.117,1.567,3.455
../../dataset/8iVFB/seqs/loot/loot_vox10_1057.ply,797924,413704,0.518,1.684,3.152,1.565,3.441
../../dataset/8iVFB/seqs/loot/loot_vox10_1058.ply,794477,409112,0.515,1.689,3.116,1.564,3.397
../../dataset/8iVFB/seqs/loot/loot_vox10_1059.ply,789053,407728,0.517,1.663,3.161,1.573,3.451
../../dataset/8iVFB/seqs/loot/loot_vox10_1060.ply,783874,407104,0.519,1.695,3.058,1.554,3.388
../../dataset/8iVFB/seqs/loot/loot_vox10_1061.ply,782785,410968,0.525,1.641,3.087,1.538,3.45
../../dataset/8iVFB/seqs/loot/loot_vox10_1062.ply,782791,415224,0.53,1.657,3.422,1.545,3.165
../../dataset/8iVFB/seqs/loot/loot_vox10_1063.ply,782127,413592,0.529,1.641,2.946,1.546,3.412
../../dataset/8iVFB/seqs/loot/loot_vox10_1064.ply,785507,417536,0.532,1.655,3.037,1.555,3.385
../../dataset/8iVFB/seqs/loot/loot_vox10_1065.ply,789017,420704,0.533,1.676,3.171,1.563,3.369
../../dataset/8iVFB/seqs/loot/loot_vox10_1066.ply,789641,423248,0.536,1.678,3.048,1.598,3.398
../../dataset/8iVFB/seqs/loot/loot_vox10_1067.ply,784718,420176,0.535,1.67,3.09,1.591,4.06
../../dataset/8iVFB/seqs/loot/loot_vox10_1068.ply,778159,409056,0.526,1.646,3.434,1.535,3.429
../../dataset/8iVFB/seqs/loot/loot_vox10_1069.ply,776327,406888,0.524,1.676,3.191,1.54,3.312
../../dataset/8iVFB/seqs/loot/loot_vox10_1070.ply,786883,422008,0.536,1.671,3.023,1.561,3.384
../../dataset/8iVFB/seqs/loot/loot_vox10_1071.ply,787146,421360,0.535,1.697,3.32,1.56,3.495
../../dataset/8iVFB/seqs/loot/loot_vox10_1072.ply,781047,417240,0.534,1.694,3.119,1.56,3.388
../../dataset/8iVFB/seqs/loot/loot_vox10_1073.ply,782459,414048,0.529,1.716,3.165,1.561,3.458
../../dataset/8iVFB/seqs/loot/loot_vox10_1074.ply,781579,415336,0.531,1.638,3.146,1.55,3.358
../../dataset/8iVFB/seqs/loot/loot_vox10_1075.ply,784181,420768,0.537,1.675,3.162,1.558,3.361
../../dataset/8iVFB/seqs/loot/loot_vox10_1076.ply,782861,412160,0.526,1.659,3.043,1.557,3.396
../../dataset/8iVFB/seqs/loot/loot_vox10_1077.ply,779451,407968,0.523,1.683,3.17,1.551,3.33
../../dataset/8iVFB/seqs/loot/loot_vox10_1078.ply,784719,415304,0.529,1.679,3.273,1.565,3.37
../../dataset/8iVFB/seqs/loot/loot_vox10_1079.ply,780701,404952,0.519,1.671,3.252,1.557,3.368
../../dataset/8iVFB/seqs/loot/loot_vox10_1080.ply,785754,412152,0.525,1.668,3.027,1.549,3.354
../../dataset/8iVFB/seqs/loot/loot_vox10_1081.ply,783308,403328,0.515,1.634,3.169,1.538,3.401
../../dataset/8iVFB/seqs/loot/loot_vox10_1082.ply,782737,402648,0.514,1.657,3.118,1.56,3.393
../../dataset/8iVFB/seqs/loot/loot_vox10_1083.ply,781874,406872,0.52,1.645,3.112,1.554,3.445
../../dataset/8iVFB/seqs/loot/loot_vox10_1084.ply,780545,403528,0.517,1.665,3.072,1.605,3.435
../../dataset/8iVFB/seqs/loot/loot_vox10_1085.ply,778343,398928,0.513,1.66,3.142,1.547,3.372
../../dataset/8iVFB/seqs/loot/loot_vox10_1086.ply,778458,396472,0.509,1.666,3.12,1.559,3.427
../../dataset/8iVFB/seqs/loot/loot_vox10_1087.ply,778592,397544,0.511,1.707,3.193,1.593,3.44
../../dataset/8iVFB/seqs/loot/loot_vox10_1088.ply,779952,402768,0.516,1.659,3.033,1.55,3.46
../../dataset/8iVFB/seqs/loot/loot_vox10_1089.ply,779674,405992,0.521,1.702,3.226,1.572,3.453
../../dataset/8iVFB/seqs/loot/loot_vox10_1090.ply,781083,410088,0.525,1.655,3.37,1.563,3.36
../../dataset/8iVFB/seqs/loot/loot_vox10_1091.ply,780537,426896,0.547,1.655,3.125,1.548,3.331
../../dataset/8iVFB/seqs/loot/loot_vox10_1092.ply,773046,413928,0.535,1.652,2.942,1.545,3.367
../../dataset/8iVFB/seqs/loot/loot_vox10_1093.ply,770822,413688,0.537,1.638,3.059,1.55,3.344
../../dataset/8iVFB/seqs/loot/loot_vox10_1094.ply,778859,425296,0.546,1.664,3.031,1.543,3.356
../../dataset/8iVFB/seqs/loot/loot_vox10_1095.ply,778333,416920,0.536,1.669,3.3,1.579,3.436
../../dataset/8iVFB/seqs/loot/loot_vox10_1096.ply,782798,421856,0.539,1.676,3.142,1.564,3.405
../../dataset/8iVFB/seqs/loot/loot_vox10_1097.ply,781418,412632,0.528,1.688,3.196,1.559,3.436
../../dataset/8iVFB/seqs/loot/loot_vox10_1098.ply,777382,410880,0.529,1.645,3.269,1.538,3.37
../../dataset/8iVFB/seqs/loot/loot_vox10_1099.ply,778267,409920,0.527,1.655,3.16,1.55,3.401
../../dataset/8iVFB/seqs/loot/loot_vox10_1100.ply,780699,414752,0.531,1.668,3.383,1.539,3.388
../../dataset/8iVFB/seqs/loot/loot_vox10_1101.ply,780328,407784,0.523,1.664,3.246,1.543,3.372
../../dataset/8iVFB/seqs/loot/loot_vox10_1102.ply,782351,407376,0.521,1.669,3.124,1.55,3.432
../../dataset/8iVFB/seqs/loot/loot_vox10_1103.ply,782164,406256,0.519,1.643,3.171,1.555,3.337
../../dataset/8iVFB/seqs/loot/loot_vox10_1104.ply,783021,407504,0.52,1.637,3.232,1.584,3.341
../../dataset/8iVFB/seqs/loot/loot_vox10_1105.ply,786829,412904,0.525,1.653,3.132,1.555,3.406
../../dataset/8iVFB/seqs/loot/loot_vox10_1106.ply,789365,423000,0.536,1.672,3.389,1.565,3.439
../../dataset/8iVFB/seqs/loot/loot_vox10_1107.ply,790807,424992,0.537,1.688,3.258,1.564,3.421
../../dataset/8iVFB/seqs/loot/loot_vox10_1108.ply,789334,442896,0.561,1.679,3.26,1.58,3.473
../../dataset/8iVFB/seqs/loot/loot_vox10_1109.ply,783753,423392,0.54,1.655,3.037,1.554,3.316
../../dataset/8iVFB/seqs/loot/loot_vox10_1110.ply,781240,419184,0.537,1.649,3.039,1.538,3.329
../../dataset/8iVFB/seqs/loot/loot_vox10_1111.ply,781247,416384,0.533,1.666,3.02,1.54,3.314
../../dataset/8iVFB/seqs/loot/loot_vox10_1112.ply,783523,413408,0.528,1.671,3.128,1.568,3.431
../../dataset/8iVFB/seqs/loot/loot_vox10_1113.ply,783046,411696,0.526,1.691,3.166,1.574,3.372
../../dataset/8iVFB/seqs/loot/loot_vox10_1114.ply,785712,412104,0.524,1.685,3.103,1.551,3.46
../../dataset/8iVFB/seqs/loot/loot_vox10_1115.ply,788409,413008,0.524,1.678,3.236,1.572,3.387
../../dataset/8iVFB/seqs/loot/loot_vox10_1116.ply,785289,410576,0.523,1.685,3.13,1.555,3.442
../../dataset/8iVFB/seqs/loot/loot_vox10_1117.ply,784314,407416,0.519,1.646,3.122,1.541,3.369
../../dataset/8iVFB/seqs/loot/loot_vox10_1118.ply,784830,406040,0.517,1.662,3.25,1.547,3.395
../../dataset/8iVFB/seqs/loot/loot_vox10_1119.ply,784742,409216,0.521,1.639,3.29,1.561,3.457
../../dataset/8iVFB/seqs/loot/loot_vox10_1120.ply,787186,412400,0.524,1.664,3.163,1.582,3.549
../../dataset/8iVFB/seqs/loot/loot_vox10_1121.ply,792161,425456,0.537,1.683,3.067,1.572,3.396
../../dataset/8iVFB/seqs/loot/loot_vox10_1122.ply,788290,420936,0.534,1.728,3.432,1.56,3.425
../../dataset/8iVFB/seqs/loot/loot_vox10_1123.ply,789222,433456,0.549,1.675,2.943,1.556,3.419
../../dataset/8iVFB/seqs/loot/loot_vox10_1124.ply,787173,430328,0.547,1.669,3.407,1.566,3.355
../../dataset/8iVFB/seqs/loot/loot_vox10_1125.ply,776279,400264,0.516,1.677,3.105,1.576,3.424
../../dataset/8iVFB/seqs/loot/loot_vox10_1126.ply,773912,402032,0.519,1.651,3.151,1.555,3.254
../../dataset/8iVFB/seqs/loot/loot_vox10_1127.ply,773302,399816,0.517,1.785,3.367,1.609,3.469
../../dataset/8iVFB/seqs/loot/loot_vox10_1128.ply,777001,404416,0.52,1.677,3.202,1.529,3.328
../../dataset/8iVFB/seqs/loot/loot_vox10_1129.ply,783174,412776,0.527,1.741,3.323,1.628,3.614
../../dataset/8iVFB/seqs/loot/loot_vox10_1130.ply,786108,409944,0.521,1.813,3.184,1.636,3.431
../../dataset/8iVFB/seqs/loot/loot_vox10_1131.ply,785622,402664,0.513,1.675,3.079,1.556,3.481
../../dataset/8iVFB/seqs/loot/loot_vox10_1132.ply,787265,402288,0.511,1.67,3.128,1.563,3.531
../../dataset/8iVFB/seqs/loot/loot_vox10_1133.ply,787734,402176,0.511,1.667,3.0,1.579,3.456
../../dataset/8iVFB/seqs/loot/loot_vox10_1134.ply,786766,399376,0.508,1.674,3.163,1.54,3.345
../../dataset/8iVFB/seqs/loot/loot_vox10_1135.ply,787622,401216,0.509,1.673,3.126,1.56,3.383
../../dataset/8iVFB/seqs/loot/loot_vox10_1136.ply,784509,399224,0.509,1.705,3.294,1.555,3.383
../../dataset/8iVFB/seqs/loot/loot_vox10_1137.ply,782962,397456,0.508,1.672,3.196,1.575,3.514
../../dataset/8iVFB/seqs/loot/loot_vox10_1138.ply,785441,400488,0.51,1.751,3.155,1.667,3.626
../../dataset/8iVFB/seqs/loot/loot_vox10_1139.ply,786857,403848,0.513,1.76,3.082,1.666,3.594
../../dataset/8iVFB/seqs/loot/loot_vox10_1140.ply,786209,416984,0.53,1.789,3.412,1.676,3.544
../../dataset/8iVFB/seqs/loot/loot_vox10_1141.ply,785895,422152,0.537,1.711,3.241,1.576,3.405
../../dataset/8iVFB/seqs/loot/loot_vox10_1142.ply,783109,414272,0.529,1.7,3.104,1.572,3.454
../../dataset/8iVFB/seqs/loot/loot_vox10_1143.ply,783994,415496,0.53,1.695,3.204,1.572,3.399
../../dataset/8iVFB/seqs/loot/loot_vox10_1144.ply,785959,413808,0.527,1.704,3.193,1.577,3.518
../../dataset/8iVFB/seqs/loot/loot_vox10_1145.ply,789030,411560,0.522,1.703,3.038,1.572,3.393
../../dataset/8iVFB/seqs/loot/loot_vox10_1146.ply,794594,417680,0.526,1.712,3.16,1.6,3.502
../../dataset/8iVFB/seqs/loot/loot_vox10_1147.ply,797998,417576,0.523,1.742,3.344,1.595,3.481
../../dataset/8iVFB/seqs/loot/loot_vox10_1148.ply,798639,424592,0.532,1.704,3.083,1.581,3.521
../../dataset/8iVFB/seqs/loot/loot_vox10_1149.ply,796693,419800,0.527,1.702,3.366,1.583,3.589
../../dataset/8iVFB/seqs/loot/loot_vox10_1150.ply,794717,414048,0.521,1.807,3.135,1.672,3.737
../../dataset/8iVFB/seqs/loot/loot_vox10_1151.ply,792861,410136,0.517,1.705,3.129,1.591,3.501
../../dataset/8iVFB/seqs/loot/loot_vox10_1152.ply,792789,408008,0.515,1.825,3.42,1.659,3.539
../../dataset/8iVFB/seqs/loot/loot_vox10_1153.ply,792309,406736,0.513,1.763,3.142,1.587,3.459
../../dataset/8iVFB/seqs/loot/loot_vox10_1154.ply,791925,405744,0.512,1.723,3.276,1.571,3.401
../../dataset/8iVFB/seqs/loot/loot_vox10_1155.ply,793795,412424,0.52,1.67,2.994,1.557,3.421
../../dataset/8iVFB/seqs/loot/loot_vox10_1156.ply,793460,424056,0.534,1.679,3.089,1.581,3.407
../../dataset/8iVFB/seqs/loot/loot_vox10_1157.ply,795527,428432,0.539,1.694,2.986,1.578,3.423
../../dataset/8iVFB/seqs/loot/loot_vox10_1158.ply,798776,433568,0.543,1.707,3.159,1.583,3.526
../../dataset/8iVFB/seqs/loot/loot_vox10_1159.ply,799362,431176,0.539,1.694,2.996,1.586,3.42
../../dataset/8iVFB/seqs/loot/loot_vox10_1160.ply,789777,415776,0.526,1.694,3.11,1.581,3.258
../../dataset/8iVFB/seqs/loot/loot_vox10_1161.ply,790930,415840,0.526,1.699,3.144,1.564,3.533
../../dataset/8iVFB/seqs/loot/loot_vox10_1162.ply,793734,418152,0.527,1.683,3.153,1.572,3.441
../../dataset/8iVFB/seqs/loot/loot_vox10_1163.ply,792883,415264,0.524,1.698,3.263,1.571,3.422
../../dataset/8iVFB/seqs/loot/loot_vox10_1164.ply,791299,414920,0.524,1.732,3.235,1.563,3.497
../../dataset/8iVFB/seqs/loot/loot_vox10_1165.ply,789485,414736,0.525,1.687,3.12,1.573,3.503
../../dataset/8iVFB/seqs/loot/loot_vox10_1166.ply,789977,415392,0.526,1.702,3.139,1.58,3.46
../../dataset/8iVFB/seqs/loot/loot_vox10_1167.ply,791598,414104,0.523,1.688,3.195,1.594,3.501
../../dataset/8iVFB/seqs/loot/loot_vox10_1168.ply,795034,424960,0.535,1.665,3.095,1.552,3.428
../../dataset/8iVFB/seqs/loot/loot_vox10_1169.ply,794863,427840,0.538,1.683,3.1,1.572,3.549
../../dataset/8iVFB/seqs/loot/loot_vox10_1170.ply,794885,434864,0.547,1.665,3.089,1.564,3.477
../../dataset/8iVFB/seqs/loot/loot_vox10_1171.ply,788905,424552,0.538,1.671,3.081,1.558,3.398
../../dataset/8iVFB/seqs/loot/loot_vox10_1172.ply,787376,421552,0.535,1.661,3.122,1.564,3.469
../../dataset/8iVFB/seqs/loot/loot_vox10_1173.ply,791921,427976,0.54,1.677,3.248,1.572,3.492
../../dataset/8iVFB/seqs/loot/loot_vox10_1174.ply,785044,417760,0.532,1.678,3.117,1.559,3.416
../../dataset/8iVFB/seqs/loot/loot_vox10_1175.ply,785759,418512,0.533,1.789,3.273,1.619,3.447
../../dataset/8iVFB/seqs/loot/loot_vox10_1176.ply,782963,413528,0.528,1.773,3.265,1.648,3.581
../../dataset/8iVFB/seqs/loot/loot_vox10_1177.ply,783666,415840,0.531,1.761,3.119,1.626,3.602
../../dataset/8iVFB/seqs/loot/loot_vox10_1178.ply,786714,417248,0.53,1.853,3.192,1.64,3.686
../../dataset/8iVFB/seqs/loot/loot_vox10_1179.ply,787583,418872,0.532,1.774,3.124,1.664,3.593
../../dataset/8iVFB/seqs/loot/loot_vox10_1180.ply,793719,425560,0.536,1.771,3.211,1.595,3.325
../../dataset/8iVFB/seqs/loot/loot_vox10_1181.ply,792329,420424,0.531,1.725,3.145,1.574,3.51
../../dataset/8iVFB/seqs/loot/loot_vox10_1182.ply,801464,433520,0.541,1.792,3.122,1.674,3.752
../../dataset/8iVFB/seqs/loot/loot_vox10_1183.ply,796948,429128,0.538,1.768,3.464,1.647,3.601
../../dataset/8iVFB/seqs/loot/loot_vox10_1184.ply,802598,436864,0.544,1.688,3.082,1.608,3.621
../../dataset/8iVFB/seqs/loot/loot_vox10_1185.ply,797039,434104,0.545,1.817,3.301,1.658,3.622
../../dataset/8iVFB/seqs/loot/loot_vox10_1186.ply,797511,441568,0.554,1.815,3.12,1.663,3.364
../../dataset/8iVFB/seqs/loot/loot_vox10_1187.ply,794879,424352,0.534,1.714,3.104,1.596,3.544
../../dataset/8iVFB/seqs/loot/loot_vox10_1188.ply,793590,422080,0.532,1.801,3.303,1.651,3.643
../../dataset/8iVFB/seqs/loot/loot_vox10_1189.ply,788938,421944,0.535,1.811,3.388,1.6,3.462
../../dataset/8iVFB/seqs/loot/loot_vox10_1190.ply,784846,412472,0.526,1.699,3.307,1.567,3.441
../../dataset/8iVFB/seqs/loot/loot_vox10_1191.ply,788004,416440,0.528,1.719,3.217,1.609,3.62
../../dataset/8iVFB/seqs/loot/loot_vox10_1192.ply,795964,427872,0.538,1.849,3.285,1.671,3.589
../../dataset/8iVFB/seqs/loot/loot_vox10_1193.ply,799207,429528,0.537,1.858,3.452,1.68,3.549
../../dataset/8iVFB/seqs/loot/loot_vox10_1194.ply,799402,426808,0.534,1.855,3.297,1.685,3.686
../../dataset/8iVFB/seqs/loot/loot_vox10_1195.ply,800483,425784,0.532,1.714,3.267,1.57,3.509
../../dataset/8iVFB/seqs/loot/loot_vox10_1196.ply,798336,422232,0.529,1.703,3.226,1.583,3.513
../../dataset/8iVFB/seqs/loot/loot_vox10_1197.ply,798454,420632,0.527,1.71,3.254,1.58,3.265
../../dataset/8iVFB/seqs/loot/loot_vox10_1198.ply,800770,426512,0.533,1.682,3.098,1.587,3.544
../../dataset/8iVFB/seqs/loot/loot_vox10_1199.ply,802378,428744,0.534,1.683,3.053,1.581,3.521
../../dataset/8iVFB/seqs/loot/loot_vox10_1200.ply,805285,432464,0.537,1.734,3.531,1.599,3.689
../../dataset/8iVFB/seqs/loot/loot_vox10_1201.ply,803318,433776,0.54,1.703,3.423,1.581,3.626
../../dataset/8iVFB/seqs/loot/loot_vox10_1202.ply,802036,433344,0.54,1.705,3.228,1.599,3.435
../../dataset/8iVFB/seqs/loot/loot_vox10_1203.ply,810228,452448,0.558,1.716,3.223,1.606,3.469
../../dataset/8iVFB/seqs/loot/loot_vox10_1204.ply,808185,443256,0.548,1.72,3.378,1.6,3.448
../../dataset/8iVFB/seqs/loot/loot_vox10_1205.ply,815223,449296,0.551,1.708,3.185,1.595,3.53
../../dataset/8iVFB/seqs/loot/loot_vox10_1206.ply,799426,431472,0.54,1.716,3.194,1.592,3.49
../../dataset/8iVFB/seqs/loot/loot_vox10_1207.ply,790320,417920,0.529,1.763,3.518,1.652,3.564
../../dataset/8iVFB/seqs/loot/loot_vox10_1208.ply,795945,424208,0.533,1.798,3.398,1.652,3.855
../../dataset/8iVFB/seqs/loot/loot_vox10_1209.ply,792891,419976,0.53,1.787,3.333,1.638,3.625
../../dataset/8iVFB/seqs/loot/loot_vox10_1210.ply,797320,422928,0.53,1.763,3.314,1.658,3.672
../../dataset/8iVFB/seqs/loot/loot_vox10_1211.ply,805214,436976,0.543,1.764,3.363,1.667,3.713
../../dataset/8iVFB/seqs/loot/loot_vox10_1212.ply,797126,427520,0.536,1.754,3.291,1.656,3.576
../../dataset/8iVFB/seqs/loot/loot_vox10_1213.ply,803136,432168,0.538,1.762,3.263,1.665,3.824
../../dataset/8iVFB/seqs/loot/loot_vox10_1214.ply,809297,438544,0.542,1.836,3.398,1.69,3.793
../../dataset/8iVFB/seqs/loot/loot_vox10_1215.ply,808156,442200,0.547,1.73,3.285,1.579,3.466
../../dataset/8iVFB/seqs/loot/loot_vox10_1216.ply,810355,445904,0.55,1.827,3.333,1.645,3.588
../../dataset/8iVFB/seqs/loot/loot_vox10_1217.ply,810211,441072,0.544,1.725,3.259,1.611,3.528
../../dataset/8iVFB/seqs/loot/loot_vox10_1218.ply,808645,449224,0.556,1.716,3.295,1.703,3.655
../../dataset/8iVFB/seqs/loot/loot_vox10_1219.ply,810783,448456,0.553,1.703,3.198,1.589,3.485
../../dataset/8iVFB/seqs/loot/loot_vox10_1220.ply,807088,436800,0.541,1.726,3.117,1.607,3.507
../../dataset/8iVFB/seqs/loot/loot_vox10_1221.ply,809369,449456,0.555,1.74,3.35,1.626,3.495
../../dataset/8iVFB/seqs/loot/loot_vox10_1222.ply,795354,424936,0.534,1.7,2.985,1.574,3.479
../../dataset/8iVFB/seqs/loot/loot_vox10_1223.ply,795455,422480,0.531,1.686,3.152,1.571,3.51
../../dataset/8iVFB/seqs/loot/loot_vox10_1224.ply,795720,420880,0.529,1.684,2.99,1.57,3.46
../../dataset/8iVFB/seqs/loot/loot_vox10_1225.ply,798723,427464,0.535,1.669,3.195,1.57,3.569
../../dataset/8iVFB/seqs/loot/loot_vox10_1226.ply,807441,435712,0.54,1.793,3.128,1.586,3.482
../../dataset/8iVFB/seqs/loot/loot_vox10_1227.ply,803316,431864,0.538,1.716,3.306,1.605,3.46
../../dataset/8iVFB/seqs/loot/loot_vox10_1228.ply,809074,436472,0.539,1.743,3.315,1.613,3.514
../../dataset/8iVFB/seqs/loot/loot_vox10_1229.ply,808265,435352,0.539,1.783,3.177,1.588,3.483
../../dataset/8iVFB/seqs/loot/loot_vox10_1230.ply,818848,451696,0.552,1.819,3.395,1.618,3.594
../../dataset/8iVFB/seqs/loot/loot_vox10_1231.ply,820617,451536,0.55,1.751,3.173,1.606,3.531
../../dataset/8iVFB/seqs/loot/loot_vox10_1232.ply,814146,442840,0.544,1.696,3.071,1.601,3.451
../../dataset/8iVFB/seqs/loot/loot_vox10_1233.ply,814852,448024,0.55,1.718,3.109,1.624,3.57
../../dataset/8iVFB/seqs/loot/loot_vox10_1234.ply,815725,457560,0.561,1.745,3.226,1.628,3.639
../../dataset/8iVFB/seqs/loot/loot_vox10_1235.ply,816078,447768,0.549,1.761,3.153,1.614,3.453
../../dataset/8iVFB/seqs/loot/loot_vox10_1236.ply,810868,441800,0.545,1.721,3.256,1.601,3.657
../../dataset/8iVFB/seqs/loot/loot_vox10_1237.ply,801907,433464,0.541,1.71,3.272,1.592,3.437
../../dataset/8iVFB/seqs/loot/loot_vox10_1238.ply,799196,428544,0.536,1.706,3.054,1.589,3.539
../../dataset/8iVFB/seqs/loot/loot_vox10_1239.ply,799621,426288,0.533,1.713,3.161,1.599,3.345
../../dataset/8iVFB/seqs/loot/loot_vox10_1240.ply,808174,435368,0.539,1.72,3.179,1.601,3.527
../../dataset/8iVFB/seqs/loot/loot_vox10_1241.ply,810609,436624,0.539,1.733,3.089,1.627,3.559
../../dataset/8iVFB/seqs/loot/loot_vox10_1242.ply,809086,439296,0.543,1.736,3.06,1.602,3.433
../../dataset/8iVFB/seqs/loot/loot_vox10_1243.ply,804105,433328,0.539,1.705,3.212,1.581,3.46
../../dataset/8iVFB/seqs/loot/loot_vox10_1244.ply,810243,437328,0.54,1.9,3.511,1.601,3.497
../../dataset/8iVFB/seqs/loot/loot_vox10_1245.ply,808451,438040,0.542,1.793,3.339,1.599,3.562
../../dataset/8iVFB/seqs/loot/loot_vox10_1246.ply,818595,446736,0.546,1.87,3.555,1.625,3.574
../../dataset/8iVFB/seqs/loot/loot_vox10_1247.ply,813416,446464,0.549,1.773,3.106,1.629,3.543
../../dataset/8iVFB/seqs/loot/loot_vox10_1248.ply,816251,448032,0.549,1.724,3.239,1.613,3.506
../../dataset/8iVFB/seqs/loot/loot_vox10_1249.ply,820584,456704,0.557,1.919,3.383,1.68,3.666
../../dataset/8iVFB/seqs/loot/loot_vox10_1250.ply,817535,454480,0.556,1.745,3.182,1.619,3.542
../../dataset/8iVFB/seqs/loot/loot_vox10_1251.ply,812707,444872,0.547,1.727,3.055,1.61,3.557
../../dataset/8iVFB/seqs/loot/loot_vox10_1252.ply,811017,441600,0.545,1.687,3.148,1.596,3.581
../../dataset/8iVFB/seqs/loot/loot_vox10_1253.ply,812416,442736,0.545,1.735,3.151,1.622,3.535
../../dataset/8iVFB/seqs/loot/loot_vox10_1254.ply,815874,445296,0.546,1.717,3.228,1.621,3.463
../../dataset/8iVFB/seqs/loot/loot_vox10_1255.ply,811813,436784,0.538,1.732,3.131,1.599,3.539
../../dataset/8iVFB/seqs/loot/loot_vox10_1256.ply,809323,438120,0.541,1.816,3.348,1.694,3.569
../../dataset/8iVFB/seqs/loot/loot_vox10_1257.ply,806066,436176,0.541,1.738,3.28,1.611,3.575
../../dataset/8iVFB/seqs/loot/loot_vox10_1258.ply,803994,435944,0.542,1.767,3.319,1.665,3.547
../../dataset/8iVFB/seqs/loot/loot_vox10_1259.ply,804675,437600,0.544,1.778,3.279,1.636,3.648
../../dataset/8iVFB/seqs/loot/loot_vox10_1260.ply,803023,434960,0.542,1.848,3.471,1.692,3.573
../../dataset/8iVFB/seqs/loot/loot_vox10_1261.ply,804900,439232,0.546,1.737,3.52,1.637,3.49
../../dataset/8iVFB/seqs/loot/loot_vox10_1262.ply,801032,429432,0.536,1.734,3.465,1.587,3.341
../../dataset/8iVFB/seqs/loot/loot_vox10_1263.ply,793638,425688,0.536,1.74,3.343,1.605,3.49
../../dataset/8iVFB/seqs/loot/loot_vox10_1264.ply,801156,437016,0.545,1.742,3.21,1.618,3.513
../../dataset/8iVFB/seqs/loot/loot_vox10_1265.ply,804749,440608,0.548,1.726,3.167,1.611,3.481
../../dataset/8iVFB/seqs/loot/loot_vox10_1266.ply,805449,449600,0.558,1.702,3.258,1.592,3.527
../../dataset/8iVFB/seqs/loot/loot_vox10_1267.ply,805329,442200,0.549,1.744,3.271,1.62,3.518
../../dataset/8iVFB/seqs/loot/loot_vox10_1268.ply,805419,438232,0.544,1.754,3.149,1.682,3.713
../../dataset/8iVFB/seqs/loot/loot_vox10_1269.ply,804474,439784,0.547,1.763,3.295,1.606,3.685
../../dataset/8iVFB/seqs/loot/loot_vox10_1270.ply,796101,432800,0.544,1.72,3.363,1.612,3.544
../../dataset/8iVFB/seqs/loot/loot_vox10_1271.ply,805073,442832,0.55,1.703,3.262,1.591,3.48
../../dataset/8iVFB/seqs/loot/loot_vox10_1272.ply,797204,430560,0.54,1.696,3.123,1.633,3.662
../../dataset/8iVFB/seqs/loot/loot_vox10_1273.ply,805139,439536,0.546,1.717,3.299,1.592,3.484
../../dataset/8iVFB/seqs/loot/loot_vox10_1274.ply,808073,441408,0.546,1.739,3.116,1.61,3.522
../../dataset/8iVFB/seqs/loot/loot_vox10_1275.ply,813584,445688,0.548,1.719,3.24,1.615,3.528
../../dataset/8iVFB/seqs/loot/loot_vox10_1276.ply,812306,444024,0.547,1.715,3.137,1.597,3.515
../../dataset/8iVFB/seqs/loot/loot_vox10_1277.ply,817500,446104,0.546,1.753,3.326,1.626,3.507
../../dataset/8iVFB/seqs/loot/loot_vox10_1278.ply,824803,462840,0.561,1.733,3.425,1.625,3.666
../../dataset/8iVFB/seqs/loot/loot_vox10_1279.ply,813944,441864,0.543,1.705,3.142,1.621,3.592
../../dataset/8iVFB/seqs/loot/loot_vox10_1280.ply,815307,455616,0.559,1.743,3.442,1.692,3.78
../../dataset/8iVFB/seqs/loot/loot_vox10_1281.ply,816329,452952,0.555,1.815,3.513,1.706,3.768
../../dataset/8iVFB/seqs/loot/loot_vox10_1282.ply,813249,448488,0.551,1.757,3.261,1.614,3.686
../../dataset/8iVFB/seqs/loot/loot_vox10_1283.ply,809333,442024,0.546,1.714,3.234,1.585,3.522
../../dataset/8iVFB/seqs/loot/loot_vox10_1284.ply,815482,443544,0.544,1.728,3.357,1.623,3.566
../../dataset/8iVFB/seqs/loot/loot_vox10_1285.ply,814633,442632,0.543,1.814,3.434,1.687,3.571
../../dataset/8iVFB/seqs/loot/loot_vox10_1286.ply,814941,439232,0.539,1.746,3.305,1.608,3.578
../../dataset/8iVFB/seqs/loot/loot_vox10_1287.ply,818847,445128,0.544,1.729,3.262,1.613,3.497
../../dataset/8iVFB/seqs/loot/loot_vox10_1288.ply,824052,452944,0.55,1.866,3.592,1.702,3.656
../../dataset/8iVFB/seqs/loot/loot_vox10_1289.ply,835458,463104,0.554,1.788,3.379,1.638,3.624
../../dataset/8iVFB/seqs/loot/loot_vox10_1290.ply,819605,447544,0.546,1.7,3.181,1.603,3.566
../../dataset/8iVFB/seqs/loot/loot_vox10_1291.ply,827799,454464,0.549,1.712,3.227,1.631,3.611
../../dataset/8iVFB/seqs/loot/loot_vox10_1292.ply,830771,457320,0.55,1.751,3.274,1.639,3.472
../../dataset/8iVFB/seqs/loot/loot_vox10_1293.ply,835004,476184,0.57,1.741,3.481,1.664,3.597
../../dataset/8iVFB/seqs/loot/loot_vox10_1294.ply,814967,448072,0.55,1.731,3.335,1.683,3.646
../../dataset/8iVFB/seqs/loot/loot_vox10_1295.ply,818656,458160,0.56,1.78,3.342,1.676,3.622
../../dataset/8iVFB/seqs/loot/loot_vox10_1296.ply,819807,463920,0.566,1.742,3.268,1.626,3.547
../../dataset/8iVFB/seqs/loot/loot_vox10_1297.ply,814766,450400,0.553,1.724,3.189,1.645,3.534
../../dataset/8iVFB/seqs/loot/loot_vox10_1298.ply,809259,440480,0.544,1.726,3.269,1.616,3.582
../../dataset/8iVFB/seqs/loot/loot_vox10_1299.ply,812212,440952,0.543,1.737,3.303,1.601,3.587
