filedir,num_points_raw,file_size,bpp,enc_time,all_enc_time,dec_time,all_dec_time
../../dataset/8iVFB/seqs/redandblack/redandblack_vox10_1450.ply,729133,474448,0.651,1.639,2.975,1.52,3.215
../../dataset/8iVFB/seqs/redandblack/redandblack_vox10_1451.ply,720568,466928,0.648,1.571,2.968,1.451,2.976
../../dataset/8iVFB/seqs/redandblack/redandblack_vox10_1452.ply,710926,465664,0.655,1.548,2.798,1.445,3.128
../../dataset/8iVFB/seqs/redandblack/redandblack_vox10_1453.ply,700531,458912,0.655,1.527,2.778,1.429,3.122
../../dataset/8iVFB/seqs/redandblack/redandblack_vox10_1454.ply,687772,443448,0.645,1.562,2.932,1.415,3.041
../../dataset/8iVFB/seqs/redandblack/redandblack_vox10_1455.ply,679424,435408,0.641,1.499,2.722,1.405,2.999
../../dataset/8iVFB/seqs/redandblack/redandblack_vox10_1456.ply,687923,444896,0.647,1.528,2.654,1.409,3.135
../../dataset/8iVFB/seqs/redandblack/redandblack_vox10_1457.ply,693928,442032,0.637,1.545,2.754,1.397,2.838
../../dataset/8iVFB/seqs/redandblack/redandblack_vox10_1458.ply,701040,439792,0.627,1.519,2.805,1.419,2.901
../../dataset/8iVFB/seqs/redandblack/redandblack_vox10_1459.ply,712721,463672,0.651,1.544,2.945,1.439,3.125
../../dataset/8iVFB/seqs/redandblack/redandblack_vox10_1460.ply,710964,457560,0.644,1.57,2.891,1.44,3.155
../../dataset/8iVFB/seqs/redandblack/redandblack_vox10_1461.ply,711628,455928,0.641,1.546,2.862,1.451,3.173
../../dataset/8iVFB/seqs/redandblack/redandblack_vox10_1462.ply,711749,449232,0.631,1.548,2.904,1.459,3.091
../../dataset/8iVFB/seqs/redandblack/redandblack_vox10_1463.ply,710795,449824,0.633,1.581,2.855,1.451,3.12
../../dataset/8iVFB/seqs/redandblack/redandblack_vox10_1464.ply,704761,441696,0.627,1.536,2.745,1.435,3.136
../../dataset/8iVFB/seqs/redandblack/redandblack_vox10_1465.ply,695940,425448,0.611,1.528,2.823,1.414,3.144
../../dataset/8iVFB/seqs/redandblack/redandblack_vox10_1466.ply,692949,421616,0.608,1.541,2.823,1.425,3.076
../../dataset/8iVFB/seqs/redandblack/redandblack_vox10_1467.ply,692450,432944,0.625,1.552,2.801,1.445,3.151
../../dataset/8iVFB/seqs/redandblack/redandblack_vox10_1468.ply,684776,414992,0.606,1.543,2.839,1.424,3.049
../../dataset/8iVFB/seqs/redandblack/redandblack_vox10_1469.ply,684693,406760,0.594,1.554,2.706,1.456,3.1
../../dataset/8iVFB/seqs/redandblack/redandblack_vox10_1470.ply,689714,407696,0.591,1.556,2.67,1.432,3.166
../../dataset/8iVFB/seqs/redandblack/redandblack_vox10_1471.ply,695420,408888,0.588,1.657,2.941,1.53,3.141
../../dataset/8iVFB/seqs/redandblack/redandblack_vox10_1472.ply,700505,413720,0.591,1.616,2.808,1.448,2.954
../../dataset/8iVFB/seqs/redandblack/redandblack_vox10_1473.ply,713159,419024,0.588,1.584,2.741,1.47,3.072
../../dataset/8iVFB/seqs/redandblack/redandblack_vox10_1474.ply,720167,433168,0.601,1.565,2.891,1.483,3.216
../../dataset/8iVFB/seqs/redandblack/redandblack_vox10_1475.ply,730591,442448,0.606,1.727,3.058,1.519,3.278
../../dataset/8iVFB/seqs/redandblack/redandblack_vox10_1476.ply,732930,441544,0.602,1.631,2.891,1.498,3.257
../../dataset/8iVFB/seqs/redandblack/redandblack_vox10_1477.ply,731655,444832,0.608,1.71,2.929,1.58,3.329
../../dataset/8iVFB/seqs/redandblack/redandblack_vox10_1478.ply,732071,446632,0.61,1.69,2.893,1.579,3.154
../../dataset/8iVFB/seqs/redandblack/redandblack_vox10_1479.ply,729715,425216,0.583,1.69,3.076,1.578,3.302
../../dataset/8iVFB/seqs/redandblack/redandblack_vox10_1480.ply,729064,432544,0.593,1.614,3.0,1.492,3.203
../../dataset/8iVFB/seqs/redandblack/redandblack_vox10_1481.ply,725127,421672,0.582,1.579,2.825,1.488,3.38
../../dataset/8iVFB/seqs/redandblack/redandblack_vox10_1482.ply,737605,448912,0.609,1.641,2.997,1.516,3.328
../../dataset/8iVFB/seqs/redandblack/redandblack_vox10_1483.ply,744432,441936,0.594,1.633,2.895,1.51,3.213
../../dataset/8iVFB/seqs/redandblack/redandblack_vox10_1484.ply,743601,437672,0.589,1.626,3.009,1.513,3.288
../../dataset/8iVFB/seqs/redandblack/redandblack_vox10_1485.ply,747102,443648,0.594,1.638,3.1,1.512,3.251
../../dataset/8iVFB/seqs/redandblack/redandblack_vox10_1486.ply,747683,445064,0.595,1.843,3.27,1.62,3.327
../../dataset/8iVFB/seqs/redandblack/redandblack_vox10_1487.ply,748815,453960,0.606,1.726,2.998,1.611,3.339
../../dataset/8iVFB/seqs/redandblack/redandblack_vox10_1488.ply,750230,454240,0.605,1.731,3.178,1.613,3.458
../../dataset/8iVFB/seqs/redandblack/redandblack_vox10_1489.ply,753663,465480,0.618,1.742,3.044,1.65,3.469
../../dataset/8iVFB/seqs/redandblack/redandblack_vox10_1490.ply,763974,490272,0.642,1.688,3.013,1.523,3.286
../../dataset/8iVFB/seqs/redandblack/redandblack_vox10_1491.ply,761677,480600,0.631,1.63,3.204,1.515,3.243
../../dataset/8iVFB/seqs/redandblack/redandblack_vox10_1492.ply,768240,492184,0.641,1.669,2.9,1.551,3.386
../../dataset/8iVFB/seqs/redandblack/redandblack_vox10_1493.ply,771131,495336,0.642,1.676,3.034,1.566,3.29
../../dataset/8iVFB/seqs/redandblack/redandblack_vox10_1494.ply,770976,488016,0.633,1.766,3.177,1.647,3.29
../../dataset/8iVFB/seqs/redandblack/redandblack_vox10_1495.ply,771825,494400,0.641,1.677,3.143,1.572,3.393
../../dataset/8iVFB/seqs/redandblack/redandblack_vox10_1496.ply,766581,486696,0.635,1.683,2.995,1.549,3.183
../../dataset/8iVFB/seqs/redandblack/redandblack_vox10_1497.ply,759669,482240,0.635,1.669,2.91,1.529,3.169
../../dataset/8iVFB/seqs/redandblack/redandblack_vox10_1498.ply,740129,474672,0.641,1.62,3.079,1.503,3.207
../../dataset/8iVFB/seqs/redandblack/redandblack_vox10_1499.ply,736077,486992,0.662,1.608,2.99,1.51,3.172
../../dataset/8iVFB/seqs/redandblack/redandblack_vox10_1500.ply,717689,457672,0.638,1.575,2.963,1.467,3.196
../../dataset/8iVFB/seqs/redandblack/redandblack_vox10_1501.ply,708412,448824,0.634,1.573,2.797,1.455,3.134
../../dataset/8iVFB/seqs/redandblack/redandblack_vox10_1502.ply,704687,447312,0.635,1.551,2.789,1.462,3.129
../../dataset/8iVFB/seqs/redandblack/redandblack_vox10_1503.ply,704304,445552,0.633,1.69,3.06,1.508,3.181
../../dataset/8iVFB/seqs/redandblack/redandblack_vox10_1504.ply,708480,450848,0.636,1.579,2.939,1.472,3.172
../../dataset/8iVFB/seqs/redandblack/redandblack_vox10_1505.ply,709183,457144,0.645,1.699,2.946,1.563,3.244
../../dataset/8iVFB/seqs/redandblack/redandblack_vox10_1506.ply,712220,453232,0.636,1.679,3.091,1.558,3.232
../../dataset/8iVFB/seqs/redandblack/redandblack_vox10_1507.ply,719171,474336,0.66,1.692,2.989,1.58,3.26
../../dataset/8iVFB/seqs/redandblack/redandblack_vox10_1508.ply,708325,457000,0.645,1.687,2.946,1.535,3.19
../../dataset/8iVFB/seqs/redandblack/redandblack_vox10_1509.ply,699283,441152,0.631,1.551,2.98,1.463,3.175
../../dataset/8iVFB/seqs/redandblack/redandblack_vox10_1510.ply,693899,436608,0.629,1.545,2.473,1.415,3.059
../../dataset/8iVFB/seqs/redandblack/redandblack_vox10_1511.ply,683131,427984,0.627,1.563,2.689,1.41,3.022
../../dataset/8iVFB/seqs/redandblack/redandblack_vox10_1512.ply,675460,415240,0.615,1.52,2.607,1.403,3.035
../../dataset/8iVFB/seqs/redandblack/redandblack_vox10_1513.ply,667978,405216,0.607,1.502,2.625,1.399,2.982
../../dataset/8iVFB/seqs/redandblack/redandblack_vox10_1514.ply,663587,398480,0.6,1.479,2.488,1.399,2.836
../../dataset/8iVFB/seqs/redandblack/redandblack_vox10_1515.ply,658317,392072,0.596,1.493,2.681,1.402,2.955
../../dataset/8iVFB/seqs/redandblack/redandblack_vox10_1516.ply,655449,391952,0.598,1.526,2.651,1.408,3.0
../../dataset/8iVFB/seqs/redandblack/redandblack_vox10_1517.ply,655417,398832,0.609,1.675,2.819,1.432,2.964
../../dataset/8iVFB/seqs/redandblack/redandblack_vox10_1518.ply,650142,390720,0.601,1.464,2.541,1.366,3.012
../../dataset/8iVFB/seqs/redandblack/redandblack_vox10_1519.ply,651561,394752,0.606,1.469,2.499,1.368,2.918
../../dataset/8iVFB/seqs/redandblack/redandblack_vox10_1520.ply,644978,395592,0.613,1.477,2.629,1.37,2.926
../../dataset/8iVFB/seqs/redandblack/redandblack_vox10_1521.ply,654004,399976,0.612,1.567,2.714,1.466,2.861
../../dataset/8iVFB/seqs/redandblack/redandblack_vox10_1522.ply,658136,407560,0.619,1.533,2.838,1.395,3.008
../../dataset/8iVFB/seqs/redandblack/redandblack_vox10_1523.ply,670593,404888,0.604,1.511,2.668,1.405,3.071
../../dataset/8iVFB/seqs/redandblack/redandblack_vox10_1524.ply,680662,416200,0.611,1.532,2.723,1.429,2.972
../../dataset/8iVFB/seqs/redandblack/redandblack_vox10_1525.ply,694518,430424,0.62,1.572,2.763,1.444,2.963
../../dataset/8iVFB/seqs/redandblack/redandblack_vox10_1526.ply,694741,433936,0.625,1.551,2.862,1.437,3.033
../../dataset/8iVFB/seqs/redandblack/redandblack_vox10_1527.ply,696763,437808,0.628,1.611,2.907,1.434,3.042
../../dataset/8iVFB/seqs/redandblack/redandblack_vox10_1528.ply,704106,436128,0.619,1.55,2.726,1.456,3.087
../../dataset/8iVFB/seqs/redandblack/redandblack_vox10_1529.ply,706094,443912,0.629,1.554,2.792,1.457,3.081
../../dataset/8iVFB/seqs/redandblack/redandblack_vox10_1530.ply,712765,452128,0.634,1.684,2.929,1.532,3.214
../../dataset/8iVFB/seqs/redandblack/redandblack_vox10_1531.ply,720396,451520,0.627,1.601,2.84,1.483,3.148
../../dataset/8iVFB/seqs/redandblack/redandblack_vox10_1532.ply,725262,448640,0.619,1.598,2.806,1.473,3.154
../../dataset/8iVFB/seqs/redandblack/redandblack_vox10_1533.ply,732903,454208,0.62,1.599,2.911,1.494,3.244
../../dataset/8iVFB/seqs/redandblack/redandblack_vox10_1534.ply,734413,461728,0.629,1.635,2.907,1.519,3.27
../../dataset/8iVFB/seqs/redandblack/redandblack_vox10_1535.ply,741166,478280,0.645,1.648,2.934,1.527,3.348
../../dataset/8iVFB/seqs/redandblack/redandblack_vox10_1536.ply,739019,467936,0.633,1.687,3.117,1.634,3.314
../../dataset/8iVFB/seqs/redandblack/redandblack_vox10_1537.ply,735775,465792,0.633,1.762,2.969,1.604,3.305
../../dataset/8iVFB/seqs/redandblack/redandblack_vox10_1538.ply,733673,460968,0.628,1.617,2.845,1.505,3.242
../../dataset/8iVFB/seqs/redandblack/redandblack_vox10_1539.ply,737787,460872,0.625,1.604,2.802,1.507,3.278
../../dataset/8iVFB/seqs/redandblack/redandblack_vox10_1540.ply,734954,450872,0.613,1.616,2.844,1.494,3.264
../../dataset/8iVFB/seqs/redandblack/redandblack_vox10_1541.ply,735366,459264,0.625,1.615,2.797,1.504,3.266
../../dataset/8iVFB/seqs/redandblack/redandblack_vox10_1542.ply,729055,470152,0.645,1.594,2.704,1.509,3.243
../../dataset/8iVFB/seqs/redandblack/redandblack_vox10_1543.ply,722573,452536,0.626,1.715,3.042,1.605,3.297
../../dataset/8iVFB/seqs/redandblack/redandblack_vox10_1544.ply,721784,450696,0.624,1.708,2.899,1.575,3.236
../../dataset/8iVFB/seqs/redandblack/redandblack_vox10_1545.ply,722669,445992,0.617,1.856,2.991,1.592,3.259
../../dataset/8iVFB/seqs/redandblack/redandblack_vox10_1546.ply,733932,443816,0.605,1.594,2.938,1.526,3.337
../../dataset/8iVFB/seqs/redandblack/redandblack_vox10_1547.ply,745507,468512,0.628,1.588,2.889,1.492,3.26
../../dataset/8iVFB/seqs/redandblack/redandblack_vox10_1548.ply,741949,464184,0.626,1.631,2.894,1.547,3.255
../../dataset/8iVFB/seqs/redandblack/redandblack_vox10_1549.ply,742227,454536,0.612,1.63,2.932,1.507,3.09
../../dataset/8iVFB/seqs/redandblack/redandblack_vox10_1550.ply,757691,481224,0.635,1.653,2.919,1.522,3.293
../../dataset/8iVFB/seqs/redandblack/redandblack_vox10_1551.ply,759090,474904,0.626,1.641,2.844,1.514,3.245
../../dataset/8iVFB/seqs/redandblack/redandblack_vox10_1552.ply,764862,484816,0.634,1.665,2.926,1.538,3.241
../../dataset/8iVFB/seqs/redandblack/redandblack_vox10_1553.ply,768956,507944,0.661,1.658,2.888,1.541,3.349
../../dataset/8iVFB/seqs/redandblack/redandblack_vox10_1554.ply,764865,505664,0.661,1.655,3.052,1.548,3.327
../../dataset/8iVFB/seqs/redandblack/redandblack_vox10_1555.ply,765626,519568,0.679,1.631,3.018,1.532,3.343
../../dataset/8iVFB/seqs/redandblack/redandblack_vox10_1556.ply,754898,485064,0.643,1.612,2.788,1.549,3.251
../../dataset/8iVFB/seqs/redandblack/redandblack_vox10_1557.ply,747271,477784,0.639,1.632,2.997,1.506,3.243
../../dataset/8iVFB/seqs/redandblack/redandblack_vox10_1558.ply,746706,482024,0.646,1.796,3.258,1.599,3.345
../../dataset/8iVFB/seqs/redandblack/redandblack_vox10_1559.ply,746468,480528,0.644,1.733,2.992,1.59,3.379
../../dataset/8iVFB/seqs/redandblack/redandblack_vox10_1560.ply,740724,473448,0.639,1.652,2.959,1.523,3.244
../../dataset/8iVFB/seqs/redandblack/redandblack_vox10_1561.ply,741541,487104,0.657,1.635,2.971,1.515,3.239
../../dataset/8iVFB/seqs/redandblack/redandblack_vox10_1562.ply,731296,472768,0.646,1.604,2.839,1.631,3.378
../../dataset/8iVFB/seqs/redandblack/redandblack_vox10_1563.ply,716297,455096,0.635,1.573,2.831,1.537,3.213
../../dataset/8iVFB/seqs/redandblack/redandblack_vox10_1564.ply,708278,445432,0.629,1.565,2.845,1.592,3.263
../../dataset/8iVFB/seqs/redandblack/redandblack_vox10_1565.ply,704228,437384,0.621,1.577,2.867,1.456,3.177
../../dataset/8iVFB/seqs/redandblack/redandblack_vox10_1566.ply,695756,416240,0.598,1.66,2.976,1.449,3.132
../../dataset/8iVFB/seqs/redandblack/redandblack_vox10_1567.ply,698374,416528,0.596,1.562,2.718,1.452,3.296
../../dataset/8iVFB/seqs/redandblack/redandblack_vox10_1568.ply,698395,416432,0.596,1.57,2.777,1.454,3.142
../../dataset/8iVFB/seqs/redandblack/redandblack_vox10_1569.ply,702208,425016,0.605,1.573,2.795,1.462,3.128
../../dataset/8iVFB/seqs/redandblack/redandblack_vox10_1570.ply,708297,430664,0.608,1.582,2.785,1.477,3.298
../../dataset/8iVFB/seqs/redandblack/redandblack_vox10_1571.ply,715188,441384,0.617,1.592,2.757,1.468,3.135
../../dataset/8iVFB/seqs/redandblack/redandblack_vox10_1572.ply,725662,462592,0.637,1.604,2.842,1.495,3.253
../../dataset/8iVFB/seqs/redandblack/redandblack_vox10_1573.ply,724217,454704,0.628,1.617,2.836,1.487,3.156
../../dataset/8iVFB/seqs/redandblack/redandblack_vox10_1574.ply,720006,457328,0.635,1.605,2.816,1.49,3.19
../../dataset/8iVFB/seqs/redandblack/redandblack_vox10_1575.ply,727256,476912,0.656,1.613,2.842,1.498,3.117
../../dataset/8iVFB/seqs/redandblack/redandblack_vox10_1576.ply,728670,478248,0.656,1.62,2.781,1.51,3.249
../../dataset/8iVFB/seqs/redandblack/redandblack_vox10_1577.ply,729085,482880,0.662,1.625,2.802,1.492,3.146
../../dataset/8iVFB/seqs/redandblack/redandblack_vox10_1578.ply,734873,490664,0.668,1.616,2.966,1.494,3.195
../../dataset/8iVFB/seqs/redandblack/redandblack_vox10_1579.ply,734347,488672,0.665,1.606,2.853,1.481,3.182
../../dataset/8iVFB/seqs/redandblack/redandblack_vox10_1580.ply,730186,482232,0.66,1.599,2.82,1.484,3.258
../../dataset/8iVFB/seqs/redandblack/redandblack_vox10_1581.ply,722185,466760,0.646,1.579,2.824,1.48,3.159
../../dataset/8iVFB/seqs/redandblack/redandblack_vox10_1582.ply,725000,475368,0.656,1.571,2.839,1.474,3.213
../../dataset/8iVFB/seqs/redandblack/redandblack_vox10_1583.ply,705830,427920,0.606,1.561,2.838,1.479,3.278
../../dataset/8iVFB/seqs/redandblack/redandblack_vox10_1584.ply,700624,424632,0.606,1.6,2.819,1.446,3.175
../../dataset/8iVFB/seqs/redandblack/redandblack_vox10_1585.ply,696883,425504,0.611,1.553,2.889,1.436,3.138
../../dataset/8iVFB/seqs/redandblack/redandblack_vox10_1586.ply,684188,409688,0.599,1.541,2.604,1.429,3.152
../../dataset/8iVFB/seqs/redandblack/redandblack_vox10_1587.ply,679123,407064,0.599,1.55,2.694,1.429,2.994
../../dataset/8iVFB/seqs/redandblack/redandblack_vox10_1588.ply,678902,411808,0.607,1.545,2.568,1.43,3.009
../../dataset/8iVFB/seqs/redandblack/redandblack_vox10_1589.ply,682724,430392,0.63,1.57,2.874,1.442,3.027
../../dataset/8iVFB/seqs/redandblack/redandblack_vox10_1590.ply,683436,432816,0.633,1.557,2.73,1.448,3.076
../../dataset/8iVFB/seqs/redandblack/redandblack_vox10_1591.ply,684671,434584,0.635,1.584,2.77,1.435,3.157
../../dataset/8iVFB/seqs/redandblack/redandblack_vox10_1592.ply,693074,448944,0.648,1.57,2.663,1.448,3.165
../../dataset/8iVFB/seqs/redandblack/redandblack_vox10_1593.ply,699476,449912,0.643,1.58,3.048,1.455,3.079
../../dataset/8iVFB/seqs/redandblack/redandblack_vox10_1594.ply,706421,463552,0.656,1.68,3.055,1.528,3.248
../../dataset/8iVFB/seqs/redandblack/redandblack_vox10_1595.ply,708156,455808,0.644,1.576,2.895,1.454,3.179
../../dataset/8iVFB/seqs/redandblack/redandblack_vox10_1596.ply,715267,469032,0.656,1.57,2.892,1.472,3.108
../../dataset/8iVFB/seqs/redandblack/redandblack_vox10_1597.ply,717084,462760,0.645,1.61,2.858,1.505,3.184
../../dataset/8iVFB/seqs/redandblack/redandblack_vox10_1598.ply,717922,449376,0.626,1.586,2.962,1.468,3.076
../../dataset/8iVFB/seqs/redandblack/redandblack_vox10_1599.ply,727437,469560,0.645,1.567,2.83,1.494,3.184
../../dataset/8iVFB/seqs/redandblack/redandblack_vox10_1600.ply,734936,477792,0.65,1.607,2.813,1.507,3.163
../../dataset/8iVFB/seqs/redandblack/redandblack_vox10_1601.ply,743309,491528,0.661,1.635,2.909,1.526,3.299
../../dataset/8iVFB/seqs/redandblack/redandblack_vox10_1602.ply,754686,502104,0.665,1.666,3.117,1.535,3.263
../../dataset/8iVFB/seqs/redandblack/redandblack_vox10_1603.ply,766272,514328,0.671,1.785,3.09,1.654,3.456
../../dataset/8iVFB/seqs/redandblack/redandblack_vox10_1604.ply,774404,510712,0.659,1.768,3.167,1.647,3.448
../../dataset/8iVFB/seqs/redandblack/redandblack_vox10_1605.ply,792846,555600,0.701,1.774,3.112,1.671,3.637
../../dataset/8iVFB/seqs/redandblack/redandblack_vox10_1606.ply,790357,555488,0.703,1.825,3.201,1.623,3.516
../../dataset/8iVFB/seqs/redandblack/redandblack_vox10_1607.ply,800628,570000,0.712,1.715,3.097,1.598,3.53
../../dataset/8iVFB/seqs/redandblack/redandblack_vox10_1608.ply,810479,579392,0.715,1.762,3.196,1.629,3.532
../../dataset/8iVFB/seqs/redandblack/redandblack_vox10_1609.ply,816879,591208,0.724,1.761,3.351,1.719,3.625
../../dataset/8iVFB/seqs/redandblack/redandblack_vox10_1610.ply,805661,569848,0.707,1.842,3.22,1.721,3.771
../../dataset/8iVFB/seqs/redandblack/redandblack_vox10_1611.ply,797826,555176,0.696,1.77,3.25,1.595,3.488
../../dataset/8iVFB/seqs/redandblack/redandblack_vox10_1612.ply,792198,550080,0.694,1.794,3.21,1.587,3.544
../../dataset/8iVFB/seqs/redandblack/redandblack_vox10_1613.ply,793724,559208,0.705,1.868,3.442,1.672,3.604
../../dataset/8iVFB/seqs/redandblack/redandblack_vox10_1614.ply,795688,546560,0.687,1.765,3.104,1.617,3.511
../../dataset/8iVFB/seqs/redandblack/redandblack_vox10_1615.ply,789354,523536,0.663,1.721,3.075,1.583,3.461
../../dataset/8iVFB/seqs/redandblack/redandblack_vox10_1616.ply,805323,551904,0.685,1.733,3.068,1.621,3.536
../../dataset/8iVFB/seqs/redandblack/redandblack_vox10_1617.ply,800258,527472,0.659,1.755,3.119,1.654,3.552
../../dataset/8iVFB/seqs/redandblack/redandblack_vox10_1618.ply,798765,530696,0.664,1.856,3.243,1.699,3.66
../../dataset/8iVFB/seqs/redandblack/redandblack_vox10_1619.ply,797844,548928,0.688,1.672,3.072,1.572,3.44
../../dataset/8iVFB/seqs/redandblack/redandblack_vox10_1620.ply,791265,543584,0.687,1.731,3.268,1.578,3.375
../../dataset/8iVFB/seqs/redandblack/redandblack_vox10_1621.ply,793276,564624,0.712,1.872,3.186,1.668,3.566
../../dataset/8iVFB/seqs/redandblack/redandblack_vox10_1622.ply,785634,561808,0.715,1.71,3.089,1.586,3.462
../../dataset/8iVFB/seqs/redandblack/redandblack_vox10_1623.ply,774749,529920,0.684,1.671,3.163,1.58,3.357
../../dataset/8iVFB/seqs/redandblack/redandblack_vox10_1624.ply,768066,523128,0.681,1.684,3.005,1.556,3.331
../../dataset/8iVFB/seqs/redandblack/redandblack_vox10_1625.ply,756454,516800,0.683,1.636,2.952,1.523,3.401
../../dataset/8iVFB/seqs/redandblack/redandblack_vox10_1626.ply,759600,518872,0.683,1.679,2.933,1.551,3.335
../../dataset/8iVFB/seqs/redandblack/redandblack_vox10_1627.ply,764890,515088,0.673,1.676,2.955,1.563,3.37
../../dataset/8iVFB/seqs/redandblack/redandblack_vox10_1628.ply,768880,519296,0.675,1.774,3.377,1.66,3.545
../../dataset/8iVFB/seqs/redandblack/redandblack_vox10_1629.ply,777711,523256,0.673,1.806,3.09,1.668,3.456
../../dataset/8iVFB/seqs/redandblack/redandblack_vox10_1630.ply,764742,482848,0.631,1.681,3.025,1.562,3.308
../../dataset/8iVFB/seqs/redandblack/redandblack_vox10_1631.ply,765215,490456,0.641,1.682,3.156,1.556,3.367
../../dataset/8iVFB/seqs/redandblack/redandblack_vox10_1632.ply,763924,491128,0.643,1.673,3.009,1.552,3.429
../../dataset/8iVFB/seqs/redandblack/redandblack_vox10_1633.ply,765201,493480,0.645,1.672,2.974,1.564,3.326
../../dataset/8iVFB/seqs/redandblack/redandblack_vox10_1634.ply,754979,469872,0.622,1.656,2.945,1.547,3.332
../../dataset/8iVFB/seqs/redandblack/redandblack_vox10_1635.ply,757920,483688,0.638,1.667,3.008,1.553,3.346
../../dataset/8iVFB/seqs/redandblack/redandblack_vox10_1636.ply,753846,485368,0.644,1.671,3.033,1.554,3.28
../../dataset/8iVFB/seqs/redandblack/redandblack_vox10_1637.ply,748011,476016,0.636,1.66,2.873,1.549,3.476
../../dataset/8iVFB/seqs/redandblack/redandblack_vox10_1638.ply,752702,475344,0.632,1.669,2.925,1.538,3.347
../../dataset/8iVFB/seqs/redandblack/redandblack_vox10_1639.ply,753329,480464,0.638,1.649,2.994,1.534,3.233
../../dataset/8iVFB/seqs/redandblack/redandblack_vox10_1640.ply,753632,475072,0.63,1.751,3.027,1.624,3.422
../../dataset/8iVFB/seqs/redandblack/redandblack_vox10_1641.ply,755854,470136,0.622,1.771,2.962,1.546,3.264
../../dataset/8iVFB/seqs/redandblack/redandblack_vox10_1642.ply,756802,477000,0.63,1.658,3.081,1.541,3.261
../../dataset/8iVFB/seqs/redandblack/redandblack_vox10_1643.ply,755320,475568,0.63,1.631,2.99,1.526,3.265
../../dataset/8iVFB/seqs/redandblack/redandblack_vox10_1644.ply,754075,481432,0.638,1.71,3.169,1.547,3.291
../../dataset/8iVFB/seqs/redandblack/redandblack_vox10_1645.ply,758252,484296,0.639,1.743,3.118,1.57,3.337
../../dataset/8iVFB/seqs/redandblack/redandblack_vox10_1646.ply,754758,481064,0.637,1.753,3.071,1.611,3.449
../../dataset/8iVFB/seqs/redandblack/redandblack_vox10_1647.ply,750491,471048,0.628,1.673,3.046,1.529,3.096
../../dataset/8iVFB/seqs/redandblack/redandblack_vox10_1648.ply,744728,465176,0.625,1.63,2.918,1.517,3.313
../../dataset/8iVFB/seqs/redandblack/redandblack_vox10_1649.ply,742841,465664,0.627,1.644,3.147,1.51,3.215
../../dataset/8iVFB/seqs/redandblack/redandblack_vox10_1650.ply,743400,461624,0.621,1.617,3.019,1.511,3.287
../../dataset/8iVFB/seqs/redandblack/redandblack_vox10_1651.ply,752034,476944,0.634,1.658,2.93,1.53,3.325
../../dataset/8iVFB/seqs/redandblack/redandblack_vox10_1652.ply,747058,472040,0.632,1.604,2.938,1.512,3.215
../../dataset/8iVFB/seqs/redandblack/redandblack_vox10_1653.ply,744101,480232,0.645,1.619,3.02,1.512,3.23
../../dataset/8iVFB/seqs/redandblack/redandblack_vox10_1654.ply,743750,480112,0.646,1.752,2.972,1.601,3.163
../../dataset/8iVFB/seqs/redandblack/redandblack_vox10_1655.ply,737283,471592,0.64,1.703,3.038,1.59,3.276
../../dataset/8iVFB/seqs/redandblack/redandblack_vox10_1656.ply,740315,457920,0.619,1.644,3.044,1.587,3.291
../../dataset/8iVFB/seqs/redandblack/redandblack_vox10_1657.ply,754305,492432,0.653,1.73,3.007,1.623,3.507
../../dataset/8iVFB/seqs/redandblack/redandblack_vox10_1658.ply,754215,491568,0.652,1.694,2.965,1.536,3.29
../../dataset/8iVFB/seqs/redandblack/redandblack_vox10_1659.ply,757464,485768,0.641,1.734,3.347,1.611,3.352
../../dataset/8iVFB/seqs/redandblack/redandblack_vox10_1660.ply,760199,477952,0.629,1.679,3.0,1.549,3.391
../../dataset/8iVFB/seqs/redandblack/redandblack_vox10_1661.ply,767138,500392,0.652,1.68,3.175,1.553,3.665
../../dataset/8iVFB/seqs/redandblack/redandblack_vox10_1662.ply,762987,486920,0.638,1.757,3.097,1.635,3.422
../../dataset/8iVFB/seqs/redandblack/redandblack_vox10_1663.ply,758855,477768,0.63,1.672,3.007,1.555,3.358
../../dataset/8iVFB/seqs/redandblack/redandblack_vox10_1664.ply,756168,482376,0.638,1.665,3.029,1.563,3.427
../../dataset/8iVFB/seqs/redandblack/redandblack_vox10_1665.ply,748432,465240,0.622,1.639,2.91,1.495,3.183
../../dataset/8iVFB/seqs/redandblack/redandblack_vox10_1666.ply,750156,477072,0.636,1.612,2.909,1.503,3.214
../../dataset/8iVFB/seqs/redandblack/redandblack_vox10_1667.ply,753330,496040,0.658,1.64,2.9,1.509,3.209
../../dataset/8iVFB/seqs/redandblack/redandblack_vox10_1668.ply,747424,477848,0.639,1.746,3.016,1.615,3.416
../../dataset/8iVFB/seqs/redandblack/redandblack_vox10_1669.ply,750931,486392,0.648,1.759,3.041,1.634,3.476
../../dataset/8iVFB/seqs/redandblack/redandblack_vox10_1670.ply,757134,487584,0.644,1.745,3.187,1.528,3.401
../../dataset/8iVFB/seqs/redandblack/redandblack_vox10_1671.ply,757186,484480,0.64,1.708,3.167,1.557,3.329
../../dataset/8iVFB/seqs/redandblack/redandblack_vox10_1672.ply,761709,492680,0.647,1.631,2.91,1.543,3.374
../../dataset/8iVFB/seqs/redandblack/redandblack_vox10_1673.ply,753799,484176,0.642,1.65,2.955,1.511,3.29
../../dataset/8iVFB/seqs/redandblack/redandblack_vox10_1674.ply,762980,489672,0.642,1.677,3.13,1.55,3.359
../../dataset/8iVFB/seqs/redandblack/redandblack_vox10_1675.ply,773049,505048,0.653,1.666,3.04,1.544,3.299
../../dataset/8iVFB/seqs/redandblack/redandblack_vox10_1676.ply,764523,499336,0.653,1.65,2.968,1.542,3.449
../../dataset/8iVFB/seqs/redandblack/redandblack_vox10_1677.ply,764871,504600,0.66,1.758,3.163,1.56,3.323
../../dataset/8iVFB/seqs/redandblack/redandblack_vox10_1678.ply,759154,490304,0.646,1.66,3.196,1.555,3.352
../../dataset/8iVFB/seqs/redandblack/redandblack_vox10_1679.ply,756887,493032,0.651,1.654,3.009,1.542,3.287
../../dataset/8iVFB/seqs/redandblack/redandblack_vox10_1680.ply,753772,480248,0.637,1.662,2.962,1.522,3.369
../../dataset/8iVFB/seqs/redandblack/redandblack_vox10_1681.ply,752573,473512,0.629,1.65,3.039,1.547,3.371
../../dataset/8iVFB/seqs/redandblack/redandblack_vox10_1682.ply,749399,469760,0.627,1.69,2.971,1.575,3.293
../../dataset/8iVFB/seqs/redandblack/redandblack_vox10_1683.ply,754466,481592,0.638,1.765,3.02,1.647,3.608
../../dataset/8iVFB/seqs/redandblack/redandblack_vox10_1684.ply,759997,481088,0.633,1.759,3.014,1.583,3.331
../../dataset/8iVFB/seqs/redandblack/redandblack_vox10_1685.ply,763973,474936,0.622,1.791,3.083,1.638,3.417
../../dataset/8iVFB/seqs/redandblack/redandblack_vox10_1686.ply,771037,489776,0.635,1.673,3.035,1.552,3.409
../../dataset/8iVFB/seqs/redandblack/redandblack_vox10_1687.ply,764397,489744,0.641,1.677,2.966,1.557,3.369
../../dataset/8iVFB/seqs/redandblack/redandblack_vox10_1688.ply,774306,508024,0.656,1.682,2.957,1.57,3.393
../../dataset/8iVFB/seqs/redandblack/redandblack_vox10_1689.ply,771887,505776,0.655,1.678,3.005,1.566,3.301
../../dataset/8iVFB/seqs/redandblack/redandblack_vox10_1690.ply,764694,501616,0.656,1.665,3.033,1.558,3.36
../../dataset/8iVFB/seqs/redandblack/redandblack_vox10_1691.ply,765911,501880,0.655,1.69,3.077,1.564,3.359
../../dataset/8iVFB/seqs/redandblack/redandblack_vox10_1692.ply,768009,497656,0.648,1.675,2.921,1.542,3.413
../../dataset/8iVFB/seqs/redandblack/redandblack_vox10_1693.ply,768660,492112,0.64,1.663,2.899,1.552,3.333
../../dataset/8iVFB/seqs/redandblack/redandblack_vox10_1694.ply,765615,485504,0.634,1.641,2.982,1.542,3.311
../../dataset/8iVFB/seqs/redandblack/redandblack_vox10_1695.ply,766113,485696,0.634,1.654,2.867,1.548,3.133
../../dataset/8iVFB/seqs/redandblack/redandblack_vox10_1696.ply,770629,496080,0.644,1.686,3.229,1.548,3.326
../../dataset/8iVFB/seqs/redandblack/redandblack_vox10_1697.ply,772156,492600,0.638,1.708,3.091,1.583,3.334
../../dataset/8iVFB/seqs/redandblack/redandblack_vox10_1698.ply,771682,489152,0.634,1.842,3.104,1.581,3.218
../../dataset/8iVFB/seqs/redandblack/redandblack_vox10_1699.ply,772317,511960,0.663,1.67,2.989,1.555,3.353
../../dataset/8iVFB/seqs/redandblack/redandblack_vox10_1700.ply,766360,508968,0.664,1.659,2.996,1.545,3.31
../../dataset/8iVFB/seqs/redandblack/redandblack_vox10_1701.ply,761881,499000,0.655,1.665,2.992,1.557,3.351
../../dataset/8iVFB/seqs/redandblack/redandblack_vox10_1702.ply,747380,488920,0.654,1.655,2.939,1.54,3.35
../../dataset/8iVFB/seqs/redandblack/redandblack_vox10_1703.ply,735737,481320,0.654,1.608,2.877,1.493,3.185
../../dataset/8iVFB/seqs/redandblack/redandblack_vox10_1704.ply,725779,468528,0.646,1.842,3.201,1.495,3.147
../../dataset/8iVFB/seqs/redandblack/redandblack_vox10_1705.ply,719246,466080,0.648,1.6,2.737,1.482,3.116
../../dataset/8iVFB/seqs/redandblack/redandblack_vox10_1706.ply,712701,462856,0.649,1.591,2.709,1.469,3.112
../../dataset/8iVFB/seqs/redandblack/redandblack_vox10_1707.ply,704823,450264,0.639,1.635,2.877,1.467,3.086
../../dataset/8iVFB/seqs/redandblack/redandblack_vox10_1708.ply,697863,442176,0.634,1.578,2.84,1.466,2.953
../../dataset/8iVFB/seqs/redandblack/redandblack_vox10_1709.ply,693105,445432,0.643,1.54,2.745,1.462,2.959
../../dataset/8iVFB/seqs/redandblack/redandblack_vox10_1710.ply,691453,432328,0.625,1.654,2.98,1.515,3.234
../../dataset/8iVFB/seqs/redandblack/redandblack_vox10_1711.ply,692643,437160,0.631,1.548,2.867,1.448,2.926
../../dataset/8iVFB/seqs/redandblack/redandblack_vox10_1712.ply,691067,430960,0.624,1.594,2.775,1.442,3.081
../../dataset/8iVFB/seqs/redandblack/redandblack_vox10_1713.ply,693806,446960,0.644,1.589,2.798,1.428,2.987
../../dataset/8iVFB/seqs/redandblack/redandblack_vox10_1714.ply,700531,469664,0.67,1.547,2.654,1.453,3.127
../../dataset/8iVFB/seqs/redandblack/redandblack_vox10_1715.ply,692972,445120,0.642,1.538,2.7,1.43,3.049
../../dataset/8iVFB/seqs/redandblack/redandblack_vox10_1716.ply,690757,441936,0.64,1.75,3.009,1.437,3.186
../../dataset/8iVFB/seqs/redandblack/redandblack_vox10_1717.ply,678721,422640,0.623,1.54,2.801,1.43,3.039
../../dataset/8iVFB/seqs/redandblack/redandblack_vox10_1718.ply,675662,422632,0.626,1.555,2.847,1.447,2.926
../../dataset/8iVFB/seqs/redandblack/redandblack_vox10_1719.ply,666416,419128,0.629,1.535,2.87,1.418,3.058
../../dataset/8iVFB/seqs/redandblack/redandblack_vox10_1720.ply,653682,407152,0.623,1.518,2.682,1.387,2.801
../../dataset/8iVFB/seqs/redandblack/redandblack_vox10_1721.ply,650206,410016,0.631,1.484,2.692,1.39,2.943
../../dataset/8iVFB/seqs/redandblack/redandblack_vox10_1722.ply,641081,397744,0.62,1.472,2.634,1.373,2.927
../../dataset/8iVFB/seqs/redandblack/redandblack_vox10_1723.ply,642353,399856,0.622,1.491,2.615,1.378,2.935
../../dataset/8iVFB/seqs/redandblack/redandblack_vox10_1724.ply,641749,399952,0.623,1.515,2.717,1.405,2.809
../../dataset/8iVFB/seqs/redandblack/redandblack_vox10_1725.ply,642543,401136,0.624,1.514,2.691,1.398,2.814
../../dataset/8iVFB/seqs/redandblack/redandblack_vox10_1726.ply,643323,398752,0.62,1.481,2.653,1.385,2.805
../../dataset/8iVFB/seqs/redandblack/redandblack_vox10_1727.ply,645699,399040,0.618,1.491,2.682,1.383,2.922
../../dataset/8iVFB/seqs/redandblack/redandblack_vox10_1728.ply,640070,388464,0.607,1.461,2.681,1.369,2.924
../../dataset/8iVFB/seqs/redandblack/redandblack_vox10_1729.ply,644941,394376,0.611,1.485,2.647,1.379,3.091
../../dataset/8iVFB/seqs/redandblack/redandblack_vox10_1730.ply,652585,405312,0.621,1.59,2.771,1.479,3.113
../../dataset/8iVFB/seqs/redandblack/redandblack_vox10_1731.ply,649882,398968,0.614,1.509,2.627,1.413,2.947
../../dataset/8iVFB/seqs/redandblack/redandblack_vox10_1732.ply,645593,387032,0.599,1.517,2.679,1.393,2.792
../../dataset/8iVFB/seqs/redandblack/redandblack_vox10_1733.ply,649715,387440,0.596,1.503,2.687,1.389,2.945
../../dataset/8iVFB/seqs/redandblack/redandblack_vox10_1734.ply,648478,385272,0.594,1.51,2.673,1.391,2.916
../../dataset/8iVFB/seqs/redandblack/redandblack_vox10_1735.ply,651734,390520,0.599,1.509,2.677,1.398,2.944
../../dataset/8iVFB/seqs/redandblack/redandblack_vox10_1736.ply,659108,392136,0.595,1.528,2.646,1.405,2.992
../../dataset/8iVFB/seqs/redandblack/redandblack_vox10_1737.ply,658773,388816,0.59,1.523,2.831,1.408,2.99
../../dataset/8iVFB/seqs/redandblack/redandblack_vox10_1738.ply,658353,391832,0.595,1.53,2.705,1.42,3.03
../../dataset/8iVFB/seqs/redandblack/redandblack_vox10_1739.ply,661696,391328,0.591,1.525,2.612,1.39,2.991
../../dataset/8iVFB/seqs/redandblack/redandblack_vox10_1740.ply,666828,395208,0.593,1.501,2.772,1.387,2.975
../../dataset/8iVFB/seqs/redandblack/redandblack_vox10_1741.ply,673124,404664,0.601,1.502,2.639,1.406,3.058
../../dataset/8iVFB/seqs/redandblack/redandblack_vox10_1742.ply,678285,400784,0.591,1.539,2.768,1.43,3.047
../../dataset/8iVFB/seqs/redandblack/redandblack_vox10_1743.ply,688253,412520,0.599,1.562,2.758,1.445,3.054
../../dataset/8iVFB/seqs/redandblack/redandblack_vox10_1744.ply,702038,421616,0.601,1.57,2.917,1.47,3.115
../../dataset/8iVFB/seqs/redandblack/redandblack_vox10_1745.ply,704339,417384,0.593,1.563,2.831,1.497,3.337
../../dataset/8iVFB/seqs/redandblack/redandblack_vox10_1746.ply,714293,440112,0.616,1.563,2.806,1.464,3.062
../../dataset/8iVFB/seqs/redandblack/redandblack_vox10_1747.ply,715453,432504,0.605,1.693,2.921,1.59,3.209
../../dataset/8iVFB/seqs/redandblack/redandblack_vox10_1748.ply,729035,456160,0.626,1.609,2.911,1.505,3.187
../../dataset/8iVFB/seqs/redandblack/redandblack_vox10_1749.ply,725729,443048,0.61,1.621,2.816,1.505,3.145
