filedir,num_points_raw,file_size,bpp,enc_time,all_enc_time,dec_time,all_dec_time
../../dataset/testdata_voxeldnn/phil10/frame0000_0.ply,830479,594704,0.716,1.834,3.138,1.669,3.645
../../dataset/testdata_voxeldnn/phil10/frame0000_1.ply,830480,607888,0.732,1.767,2.947,1.627,3.635
../../dataset/testdata_voxeldnn/phil10/frame0001_0.ply,832330,597720,0.718,1.733,2.9,1.602,3.601
../../dataset/testdata_voxeldnn/phil10/frame0001_1.ply,832331,614360,0.738,1.717,2.817,1.61,3.321
../../dataset/testdata_voxeldnn/phil10/frame0002_0.ply,828348,593888,0.717,1.713,2.792,1.623,3.595
../../dataset/testdata_voxeldnn/phil10/frame0002_1.ply,828349,616328,0.744,1.727,2.897,1.64,3.568
../../dataset/testdata_voxeldnn/phil10/frame0003_0.ply,827062,589240,0.712,1.735,2.899,1.595,3.417
../../dataset/testdata_voxeldnn/phil10/frame0003_1.ply,827062,613312,0.742,1.721,2.809,1.605,3.517
../../dataset/testdata_voxeldnn/phil10/frame0004_0.ply,828280,594064,0.717,1.722,2.969,1.6,3.522
../../dataset/testdata_voxeldnn/phil10/frame0004_1.ply,828281,611072,0.738,1.703,2.722,1.603,3.555
../../dataset/testdata_voxeldnn/phil10/frame0005_0.ply,832511,591144,0.71,1.744,2.877,1.609,3.475
../../dataset/testdata_voxeldnn/phil10/frame0005_1.ply,832511,614800,0.738,1.74,3.108,1.62,3.572
../../dataset/testdata_voxeldnn/phil10/frame0006_0.ply,782880,548640,0.701,1.664,2.827,1.582,3.498
../../dataset/testdata_voxeldnn/phil10/frame0006_1.ply,782880,569232,0.727,1.673,2.783,1.553,3.278
../../dataset/testdata_voxeldnn/phil10/frame0007_0.ply,794954,592488,0.745,1.663,2.72,1.561,3.309
../../dataset/testdata_voxeldnn/phil10/frame0007_1.ply,794954,547784,0.689,1.661,2.849,1.558,3.536
../../dataset/testdata_voxeldnn/phil10/frame0008_0.ply,792986,585392,0.738,1.683,2.853,1.569,3.372
../../dataset/testdata_voxeldnn/phil10/frame0008_1.ply,792987,549048,0.692,1.648,2.912,1.57,3.378
../../dataset/testdata_voxeldnn/phil10/frame0009_0.ply,772497,564952,0.731,1.634,3.04,1.549,3.486
../../dataset/testdata_voxeldnn/phil10/frame0009_1.ply,772497,537088,0.695,1.646,2.931,1.531,3.286
../../dataset/testdata_voxeldnn/phil10/frame0010_0.ply,779504,566008,0.726,1.635,2.729,1.528,3.306
../../dataset/testdata_voxeldnn/phil10/frame0010_1.ply,779504,546648,0.701,1.647,2.834,1.538,3.38
../../dataset/testdata_voxeldnn/phil10/frame0011_0.ply,778284,566792,0.728,1.646,2.888,1.541,3.337
../../dataset/testdata_voxeldnn/phil10/frame0011_1.ply,778284,544232,0.699,1.656,3.076,1.535,3.289
../../dataset/testdata_voxeldnn/phil10/frame0012_0.ply,773687,564088,0.729,1.659,2.73,1.537,3.232
../../dataset/testdata_voxeldnn/phil10/frame0012_1.ply,773687,536800,0.694,1.641,2.714,1.553,3.296
../../dataset/testdata_voxeldnn/phil10/frame0013_0.ply,792531,584216,0.737,1.674,2.835,1.576,3.412
../../dataset/testdata_voxeldnn/phil10/frame0013_1.ply,792531,552032,0.697,1.654,2.771,1.541,3.415
../../dataset/testdata_voxeldnn/phil10/frame0014_0.ply,799173,584616,0.732,1.703,2.872,1.579,3.461
../../dataset/testdata_voxeldnn/phil10/frame0014_1.ply,799174,561160,0.702,1.71,2.84,1.59,3.455
../../dataset/testdata_voxeldnn/phil10/frame0015_0.ply,772801,565144,0.731,1.631,2.732,1.54,3.261
../../dataset/testdata_voxeldnn/phil10/frame0015_1.ply,772801,546624,0.707,1.628,2.656,1.59,3.371
../../dataset/testdata_voxeldnn/phil10/frame0016_0.ply,795063,584128,0.735,1.699,2.763,1.595,3.401
../../dataset/testdata_voxeldnn/phil10/frame0016_1.ply,795064,554976,0.698,1.784,2.936,1.651,3.45
../../dataset/testdata_voxeldnn/phil10/frame0017_0.ply,773445,564000,0.729,1.652,2.676,1.54,3.292
../../dataset/testdata_voxeldnn/phil10/frame0017_1.ply,773445,541672,0.7,1.647,2.803,1.537,3.348
../../dataset/testdata_voxeldnn/phil10/frame0018_0.ply,763432,564416,0.739,1.611,2.648,1.518,3.226
../../dataset/testdata_voxeldnn/phil10/frame0018_1.ply,763433,524280,0.687,1.629,2.758,1.515,3.281
../../dataset/testdata_voxeldnn/phil10/frame0019_0.ply,772777,570912,0.739,1.67,2.798,1.555,3.271
../../dataset/testdata_voxeldnn/phil10/frame0019_1.ply,772777,535032,0.692,1.65,2.747,1.563,3.277
../../dataset/testdata_voxeldnn/phil10/frame0020_0.ply,773039,580824,0.751,1.657,2.736,1.546,3.39
../../dataset/testdata_voxeldnn/phil10/frame0020_1.ply,773040,532592,0.689,1.694,2.757,1.616,3.309
../../dataset/testdata_voxeldnn/phil10/frame0021_0.ply,758176,568776,0.75,1.746,2.788,1.611,3.293
../../dataset/testdata_voxeldnn/phil10/frame0021_1.ply,758176,523400,0.69,1.665,2.656,1.522,3.252
../../dataset/testdata_voxeldnn/phil10/frame0022_0.ply,762519,562440,0.738,1.657,2.748,1.537,3.277
../../dataset/testdata_voxeldnn/phil10/frame0022_1.ply,762520,526240,0.69,1.628,2.666,1.525,3.296
../../dataset/testdata_voxeldnn/phil10/frame0023_0.ply,743870,544264,0.732,1.602,2.663,1.505,3.086
../../dataset/testdata_voxeldnn/phil10/frame0023_1.ply,743871,548448,0.737,1.605,2.583,1.5,3.205
../../dataset/testdata_voxeldnn/phil10/frame0024_0.ply,749925,554272,0.739,1.682,2.719,1.531,3.247
../../dataset/testdata_voxeldnn/phil10/frame0024_1.ply,749925,541232,0.722,1.733,2.79,1.6,3.299
../../dataset/testdata_voxeldnn/phil10/frame0025_0.ply,745642,545224,0.731,1.708,2.658,1.598,3.094
../../dataset/testdata_voxeldnn/phil10/frame0025_1.ply,745642,534864,0.717,1.662,2.67,1.508,3.191
../../dataset/testdata_voxeldnn/phil10/frame0026_0.ply,754602,551952,0.731,1.653,2.871,1.534,3.221
../../dataset/testdata_voxeldnn/phil10/frame0026_1.ply,754602,530416,0.703,1.633,2.683,1.509,3.157
../../dataset/testdata_voxeldnn/phil10/frame0027_0.ply,752299,548240,0.729,1.621,2.692,1.517,3.315
../../dataset/testdata_voxeldnn/phil10/frame0027_1.ply,752299,529360,0.704,1.616,2.672,1.518,3.173
../../dataset/testdata_voxeldnn/phil10/frame0028_0.ply,762175,559192,0.734,1.653,2.804,1.536,3.383
../../dataset/testdata_voxeldnn/phil10/frame0028_1.ply,762175,534728,0.702,1.65,2.884,1.548,3.234
../../dataset/testdata_voxeldnn/phil10/frame0029_0.ply,763858,559888,0.733,1.682,2.763,1.561,3.324
../../dataset/testdata_voxeldnn/phil10/frame0029_1.ply,763858,534544,0.7,1.653,2.666,1.554,3.238
../../dataset/testdata_voxeldnn/phil10/frame0030_0.ply,754356,548544,0.727,1.742,2.81,1.516,3.24
../../dataset/testdata_voxeldnn/phil10/frame0030_1.ply,754356,525744,0.697,1.621,2.65,1.512,3.651
../../dataset/testdata_voxeldnn/phil10/frame0031_0.ply,757194,548744,0.725,1.74,2.904,1.512,3.228
../../dataset/testdata_voxeldnn/phil10/frame0031_1.ply,757195,535256,0.707,1.603,2.568,1.508,3.217
../../dataset/testdata_voxeldnn/phil10/frame0032_0.ply,741080,542824,0.732,1.636,2.678,1.498,3.175
../../dataset/testdata_voxeldnn/phil10/frame0032_1.ply,741080,521528,0.704,1.634,2.645,1.509,3.259
../../dataset/testdata_voxeldnn/phil10/frame0033_0.ply,752767,547128,0.727,1.638,2.623,1.534,3.235
../../dataset/testdata_voxeldnn/phil10/frame0033_1.ply,752767,534576,0.71,1.662,2.643,1.505,3.227
../../dataset/testdata_voxeldnn/phil10/frame0034_0.ply,751114,543576,0.724,1.619,2.673,1.507,3.192
../../dataset/testdata_voxeldnn/phil10/frame0034_1.ply,751115,537128,0.715,1.644,2.796,1.523,3.245
../../dataset/testdata_voxeldnn/phil10/frame0035_0.ply,735851,528520,0.718,1.6,2.568,1.487,3.227
../../dataset/testdata_voxeldnn/phil10/frame0035_1.ply,735851,530504,0.721,1.687,2.794,1.574,3.305
../../dataset/testdata_voxeldnn/phil10/frame0036_0.ply,720465,518912,0.72,1.666,2.73,1.557,3.172
../../dataset/testdata_voxeldnn/phil10/frame0036_1.ply,720466,521816,0.724,1.67,2.836,1.55,3.349
../../dataset/testdata_voxeldnn/phil10/frame0037_0.ply,731961,523040,0.715,1.715,2.855,1.637,3.311
../../dataset/testdata_voxeldnn/phil10/frame0037_1.ply,731962,530120,0.724,1.705,2.746,1.574,3.259
../../dataset/testdata_voxeldnn/phil10/frame0038_0.ply,719309,513624,0.714,1.674,2.721,1.561,3.226
../../dataset/testdata_voxeldnn/phil10/frame0038_1.ply,719310,521624,0.725,1.677,2.767,1.565,3.22
../../dataset/testdata_voxeldnn/phil10/frame0039_0.ply,730959,523056,0.716,1.698,2.733,1.571,3.251
../../dataset/testdata_voxeldnn/phil10/frame0039_1.ply,730960,533768,0.73,1.613,2.578,1.504,3.188
../../dataset/testdata_voxeldnn/phil10/frame0040_0.ply,721219,516792,0.717,1.602,2.676,1.466,3.025
../../dataset/testdata_voxeldnn/phil10/frame0040_1.ply,721219,522888,0.725,1.577,2.578,1.474,3.151
../../dataset/testdata_voxeldnn/phil10/frame0041_0.ply,734758,532176,0.724,1.618,2.662,1.5,3.207
../../dataset/testdata_voxeldnn/phil10/frame0041_1.ply,734759,530096,0.721,1.603,2.556,1.503,3.223
../../dataset/testdata_voxeldnn/phil10/frame0042_0.ply,715735,509024,0.711,1.562,2.525,1.458,2.896
../../dataset/testdata_voxeldnn/phil10/frame0042_1.ply,715736,512336,0.716,1.567,2.638,1.46,2.953
../../dataset/testdata_voxeldnn/phil10/frame0043_0.ply,728883,521768,0.716,1.567,2.765,1.482,3.11
../../dataset/testdata_voxeldnn/phil10/frame0043_1.ply,728883,521312,0.715,1.622,2.624,1.484,3.137
../../dataset/testdata_voxeldnn/phil10/frame0044_0.ply,718118,508528,0.708,1.557,2.546,1.45,3.103
../../dataset/testdata_voxeldnn/phil10/frame0044_1.ply,718119,505696,0.704,1.552,2.701,1.453,3.049
../../dataset/testdata_voxeldnn/phil10/frame0045_0.ply,734786,524128,0.713,1.591,2.542,1.482,3.161
../../dataset/testdata_voxeldnn/phil10/frame0045_1.ply,734786,514576,0.7,1.584,2.684,1.482,3.15
../../dataset/testdata_voxeldnn/phil10/frame0046_0.ply,734636,527000,0.717,1.587,2.558,1.505,3.039
../../dataset/testdata_voxeldnn/phil10/frame0046_1.ply,734637,511896,0.697,1.619,2.791,1.508,3.21
../../dataset/testdata_voxeldnn/phil10/frame0047_0.ply,735586,527016,0.716,1.606,2.586,1.485,3.289
../../dataset/testdata_voxeldnn/phil10/frame0047_1.ply,735586,511488,0.695,1.597,2.53,1.473,3.213
../../dataset/testdata_voxeldnn/phil10/frame0048_0.ply,756803,550392,0.727,1.607,2.584,1.513,3.04
../../dataset/testdata_voxeldnn/phil10/frame0048_1.ply,756804,527024,0.696,1.639,2.697,1.52,3.246
../../dataset/testdata_voxeldnn/phil10/frame0049_0.ply,760108,549560,0.723,1.873,2.902,1.68,3.315
../../dataset/testdata_voxeldnn/phil10/frame0049_1.ply,760109,538312,0.708,1.632,2.856,1.528,3.26
../../dataset/testdata_voxeldnn/phil10/frame0050_0.ply,752454,542208,0.721,1.626,2.698,1.513,3.204
../../dataset/testdata_voxeldnn/phil10/frame0050_1.ply,752454,536408,0.713,1.617,2.69,1.513,3.251
../../dataset/testdata_voxeldnn/phil10/frame0051_0.ply,743903,538248,0.724,1.62,2.736,1.496,3.129
../../dataset/testdata_voxeldnn/phil10/frame0051_1.ply,743903,525224,0.706,1.602,2.519,1.49,3.146
../../dataset/testdata_voxeldnn/phil10/frame0052_0.ply,749311,544056,0.726,1.609,2.646,1.502,3.221
../../dataset/testdata_voxeldnn/phil10/frame0052_1.ply,749311,528520,0.705,1.602,2.719,1.501,3.142
../../dataset/testdata_voxeldnn/phil10/frame0053_0.ply,757344,558072,0.737,1.617,2.701,1.541,3.031
../../dataset/testdata_voxeldnn/phil10/frame0053_1.ply,757344,543224,0.717,1.672,2.699,1.534,3.257
../../dataset/testdata_voxeldnn/phil10/frame0054_0.ply,750367,550520,0.734,1.632,2.648,1.525,3.242
../../dataset/testdata_voxeldnn/phil10/frame0054_1.ply,750367,537440,0.716,1.652,2.651,1.514,3.215
../../dataset/testdata_voxeldnn/phil10/frame0055_0.ply,761208,562760,0.739,1.654,2.626,1.526,3.22
../../dataset/testdata_voxeldnn/phil10/frame0055_1.ply,761209,553560,0.727,1.628,2.655,1.52,3.237
../../dataset/testdata_voxeldnn/phil10/frame0056_0.ply,737639,534584,0.725,1.723,2.773,1.547,3.267
../../dataset/testdata_voxeldnn/phil10/frame0056_1.ply,737639,528240,0.716,1.619,2.563,1.521,3.108
../../dataset/testdata_voxeldnn/phil10/frame0057_0.ply,753828,556288,0.738,1.65,2.724,1.514,3.065
../../dataset/testdata_voxeldnn/phil10/frame0057_1.ply,753828,543528,0.721,1.622,2.593,1.527,3.217
../../dataset/testdata_voxeldnn/phil10/frame0058_0.ply,731776,527728,0.721,1.592,2.537,1.491,2.989
../../dataset/testdata_voxeldnn/phil10/frame0058_1.ply,731776,520992,0.712,1.605,2.59,1.496,2.989
../../dataset/testdata_voxeldnn/phil10/frame0059_0.ply,743747,546696,0.735,1.627,2.626,1.521,3.296
../../dataset/testdata_voxeldnn/phil10/frame0059_1.ply,743747,527088,0.709,1.631,2.653,1.521,3.218
../../dataset/testdata_voxeldnn/phil10/frame0060_0.ply,744407,542432,0.729,1.64,2.706,1.525,3.256
../../dataset/testdata_voxeldnn/phil10/frame0060_1.ply,744408,521248,0.7,1.607,2.753,1.497,3.129
../../dataset/testdata_voxeldnn/phil10/frame0061_0.ply,754470,552728,0.733,1.643,2.761,1.522,3.236
../../dataset/testdata_voxeldnn/phil10/frame0061_1.ply,754470,524920,0.696,1.634,2.783,1.509,3.299
../../dataset/testdata_voxeldnn/phil10/frame0062_0.ply,740563,542368,0.732,1.681,2.698,1.538,3.195
../../dataset/testdata_voxeldnn/phil10/frame0062_1.ply,740564,515400,0.696,1.589,2.572,1.49,3.197
../../dataset/testdata_voxeldnn/phil10/frame0063_0.ply,764149,566792,0.742,1.65,2.866,1.544,3.229
../../dataset/testdata_voxeldnn/phil10/frame0063_1.ply,764150,534776,0.7,1.668,2.668,1.532,3.197
../../dataset/testdata_voxeldnn/phil10/frame0064_0.ply,752984,554184,0.736,1.62,2.58,1.52,3.034
../../dataset/testdata_voxeldnn/phil10/frame0064_1.ply,752984,522440,0.694,1.62,2.625,1.51,3.176
../../dataset/testdata_voxeldnn/phil10/frame0065_0.ply,762163,560208,0.735,1.65,2.61,1.535,3.27
../../dataset/testdata_voxeldnn/phil10/frame0065_1.ply,762164,532728,0.699,1.749,2.833,1.598,3.308
../../dataset/testdata_voxeldnn/phil10/frame0066_0.ply,762078,558312,0.733,1.626,2.695,1.504,3.139
../../dataset/testdata_voxeldnn/phil10/frame0066_1.ply,762078,529664,0.695,1.746,2.814,1.64,3.439
../../dataset/testdata_voxeldnn/phil10/frame0067_0.ply,779811,578376,0.742,1.686,2.75,1.577,3.503
../../dataset/testdata_voxeldnn/phil10/frame0067_1.ply,779811,545872,0.7,1.673,2.803,1.581,3.369
../../dataset/testdata_voxeldnn/phil10/frame0068_0.ply,752551,552584,0.734,1.603,2.661,1.493,3.239
../../dataset/testdata_voxeldnn/phil10/frame0068_1.ply,752552,519872,0.691,1.604,2.761,1.493,3.187
../../dataset/testdata_voxeldnn/phil10/frame0069_0.ply,779652,573064,0.735,1.658,2.752,1.541,3.32
../../dataset/testdata_voxeldnn/phil10/frame0069_1.ply,779652,542792,0.696,1.666,2.764,1.543,3.352
../../dataset/testdata_voxeldnn/phil10/frame0070_0.ply,758650,553232,0.729,1.611,2.661,1.522,3.242
../../dataset/testdata_voxeldnn/phil10/frame0070_1.ply,758650,522152,0.688,1.618,2.746,1.499,3.275
../../dataset/testdata_voxeldnn/phil10/frame0071_0.ply,758774,555320,0.732,1.613,2.61,1.505,3.235
../../dataset/testdata_voxeldnn/phil10/frame0071_1.ply,758775,523784,0.69,1.613,2.849,1.501,3.2
../../dataset/testdata_voxeldnn/phil10/frame0072_0.ply,745806,548832,0.736,1.645,2.801,1.5,3.132
../../dataset/testdata_voxeldnn/phil10/frame0072_1.ply,745807,510272,0.684,1.608,2.6,1.488,3.13
../../dataset/testdata_voxeldnn/phil10/frame0073_0.ply,750680,548400,0.731,1.601,2.614,1.502,3.059
../../dataset/testdata_voxeldnn/phil10/frame0073_1.ply,750681,516944,0.689,1.625,2.686,1.499,3.2
../../dataset/testdata_voxeldnn/phil10/frame0074_0.ply,745402,540584,0.725,1.615,2.605,1.496,3.229
../../dataset/testdata_voxeldnn/phil10/frame0074_1.ply,745402,512520,0.688,1.601,2.76,1.481,3.139
../../dataset/testdata_voxeldnn/phil10/frame0075_0.ply,745978,539288,0.723,1.634,2.661,1.484,3.043
../../dataset/testdata_voxeldnn/phil10/frame0075_1.ply,745979,509304,0.683,1.6,2.598,1.493,3.175
../../dataset/testdata_voxeldnn/phil10/frame0076_0.ply,742365,536872,0.723,1.545,2.651,1.435,3.165
../../dataset/testdata_voxeldnn/phil10/frame0076_1.ply,742366,505504,0.681,1.599,2.683,1.504,3.17
../../dataset/testdata_voxeldnn/phil10/frame0077_0.ply,749211,546936,0.73,1.608,2.696,1.507,3.275
../../dataset/testdata_voxeldnn/phil10/frame0077_1.ply,749212,518280,0.692,1.627,2.732,1.485,3.292
../../dataset/testdata_voxeldnn/phil10/frame0078_0.ply,752706,549576,0.73,1.621,2.719,1.501,3.35
../../dataset/testdata_voxeldnn/phil10/frame0078_1.ply,752706,517048,0.687,1.601,2.645,1.498,3.19
../../dataset/testdata_voxeldnn/phil10/frame0079_0.ply,759736,553072,0.728,1.607,2.853,1.518,3.333
../../dataset/testdata_voxeldnn/phil10/frame0079_1.ply,759736,532032,0.7,1.615,2.668,1.52,3.184
../../dataset/testdata_voxeldnn/phil10/frame0080_0.ply,749176,546560,0.73,1.621,2.75,1.502,3.222
../../dataset/testdata_voxeldnn/phil10/frame0080_1.ply,749176,514912,0.687,1.62,2.75,1.488,3.169
../../dataset/testdata_voxeldnn/phil10/frame0081_0.ply,768816,560008,0.728,1.642,2.706,1.522,3.225
../../dataset/testdata_voxeldnn/phil10/frame0081_1.ply,768816,535488,0.697,1.619,2.689,1.515,3.334
../../dataset/testdata_voxeldnn/phil10/frame0082_0.ply,761752,554064,0.727,1.623,2.694,1.529,3.365
../../dataset/testdata_voxeldnn/phil10/frame0082_1.ply,761752,531024,0.697,1.626,2.754,1.515,3.244
../../dataset/testdata_voxeldnn/phil10/frame0083_0.ply,761388,553904,0.727,1.629,2.703,1.532,3.326
../../dataset/testdata_voxeldnn/phil10/frame0083_1.ply,761389,530368,0.697,1.654,2.696,1.519,3.246
../../dataset/testdata_voxeldnn/phil10/frame0084_0.ply,767752,558472,0.727,1.677,2.788,1.518,3.244
../../dataset/testdata_voxeldnn/phil10/frame0084_1.ply,767752,531016,0.692,1.628,2.819,1.502,3.332
../../dataset/testdata_voxeldnn/phil10/frame0085_0.ply,771875,565416,0.733,1.616,2.727,1.521,3.244
../../dataset/testdata_voxeldnn/phil10/frame0085_1.ply,771876,542584,0.703,1.624,2.78,1.525,3.429
../../dataset/testdata_voxeldnn/phil10/frame0086_0.ply,759610,554336,0.73,1.633,2.67,1.511,3.079
../../dataset/testdata_voxeldnn/phil10/frame0086_1.ply,759611,529864,0.698,1.622,2.621,1.507,3.245
../../dataset/testdata_voxeldnn/phil10/frame0087_0.ply,765339,558984,0.73,1.64,2.732,1.546,3.267
../../dataset/testdata_voxeldnn/phil10/frame0087_1.ply,765339,530760,0.693,1.623,2.683,1.508,3.196
../../dataset/testdata_voxeldnn/phil10/frame0088_0.ply,765838,562568,0.735,1.662,2.762,1.566,3.271
../../dataset/testdata_voxeldnn/phil10/frame0088_1.ply,765839,530504,0.693,1.625,2.717,1.529,3.294
../../dataset/testdata_voxeldnn/phil10/frame0089_0.ply,759311,560968,0.739,1.628,2.7,1.518,3.208
../../dataset/testdata_voxeldnn/phil10/frame0089_1.ply,759311,532616,0.701,1.622,2.713,1.508,3.215
../../dataset/testdata_voxeldnn/phil10/frame0090_0.ply,760009,557416,0.733,1.638,2.832,1.527,3.247
../../dataset/testdata_voxeldnn/phil10/frame0090_1.ply,760010,537432,0.707,1.618,3.079,1.508,3.251
../../dataset/testdata_voxeldnn/phil10/frame0091_0.ply,791855,592848,0.749,1.688,2.879,1.556,3.503
../../dataset/testdata_voxeldnn/phil10/frame0091_1.ply,791855,572112,0.722,1.656,2.736,1.558,3.374
../../dataset/testdata_voxeldnn/phil10/frame0092_0.ply,726840,543584,0.748,1.609,2.658,1.479,3.172
../../dataset/testdata_voxeldnn/phil10/frame0092_1.ply,726841,523424,0.72,1.565,2.635,1.454,3.114
../../dataset/testdata_voxeldnn/phil10/frame0093_0.ply,746491,553856,0.742,1.619,2.774,1.565,3.258
../../dataset/testdata_voxeldnn/phil10/frame0093_1.ply,746492,551728,0.739,1.595,2.502,1.506,3.192
../../dataset/testdata_voxeldnn/phil10/frame0094_0.ply,774260,580472,0.75,1.672,2.703,1.553,3.521
../../dataset/testdata_voxeldnn/phil10/frame0094_1.ply,774261,578376,0.747,1.66,2.67,1.546,3.225
../../dataset/testdata_voxeldnn/phil10/frame0095_0.ply,747766,568688,0.761,1.626,2.678,1.503,3.201
../../dataset/testdata_voxeldnn/phil10/frame0095_1.ply,747766,542296,0.725,1.607,2.61,1.543,3.237
../../dataset/testdata_voxeldnn/phil10/frame0096_0.ply,787603,587448,0.746,1.696,2.76,1.56,3.385
../../dataset/testdata_voxeldnn/phil10/frame0096_1.ply,787603,583448,0.741,1.679,2.745,1.58,3.388
../../dataset/testdata_voxeldnn/phil10/frame0097_0.ply,787788,589968,0.749,1.699,2.845,1.587,3.454
../../dataset/testdata_voxeldnn/phil10/frame0097_1.ply,787788,588640,0.747,1.681,3.007,1.548,3.299
../../dataset/testdata_voxeldnn/phil10/frame0098_0.ply,797906,598824,0.75,1.68,2.776,1.56,3.437
../../dataset/testdata_voxeldnn/phil10/frame0098_1.ply,797906,592888,0.743,1.668,2.679,1.57,3.399
../../dataset/testdata_voxeldnn/phil10/frame0099_0.ply,795227,589864,0.742,1.678,2.764,1.589,3.483
../../dataset/testdata_voxeldnn/phil10/frame0099_1.ply,795227,595584,0.749,1.69,2.85,1.577,3.499
../../dataset/testdata_voxeldnn/phil10/frame0100_0.ply,835644,639568,0.765,1.765,3.019,1.645,3.568
../../dataset/testdata_voxeldnn/phil10/frame0100_1.ply,835644,618032,0.74,1.77,2.945,1.66,3.556
../../dataset/testdata_voxeldnn/phil10/frame0101_0.ply,818978,619184,0.756,1.727,2.85,1.611,3.483
../../dataset/testdata_voxeldnn/phil10/frame0101_1.ply,818978,609152,0.744,1.728,2.855,1.605,3.495
../../dataset/testdata_voxeldnn/phil10/frame0102_0.ply,838586,635320,0.758,1.758,2.871,1.637,3.507
../../dataset/testdata_voxeldnn/phil10/frame0102_1.ply,838586,625792,0.746,1.75,2.857,1.685,3.604
../../dataset/testdata_voxeldnn/phil10/frame0103_0.ply,852229,649288,0.762,1.784,2.955,1.665,3.652
../../dataset/testdata_voxeldnn/phil10/frame0103_1.ply,852230,635176,0.745,1.774,2.849,1.658,3.578
../../dataset/testdata_voxeldnn/phil10/frame0104_0.ply,831564,630728,0.758,1.743,2.9,1.654,3.506
../../dataset/testdata_voxeldnn/phil10/frame0104_1.ply,831565,616728,0.742,1.715,2.896,1.628,3.513
../../dataset/testdata_voxeldnn/phil10/frame0105_0.ply,833882,626600,0.751,1.74,2.875,1.628,3.487
../../dataset/testdata_voxeldnn/phil10/frame0105_1.ply,833882,617800,0.741,1.742,2.889,1.638,3.583
../../dataset/testdata_voxeldnn/phil10/frame0106_0.ply,819539,603256,0.736,1.702,2.815,1.607,3.506
../../dataset/testdata_voxeldnn/phil10/frame0106_1.ply,819540,609400,0.744,1.721,2.811,1.614,3.493
../../dataset/testdata_voxeldnn/phil10/frame0107_0.ply,825370,609200,0.738,1.721,2.917,1.62,3.517
../../dataset/testdata_voxeldnn/phil10/frame0107_1.ply,825370,611280,0.741,1.74,2.834,1.606,3.523
../../dataset/testdata_voxeldnn/phil10/frame0108_0.ply,831982,624328,0.75,1.727,2.752,1.615,3.476
../../dataset/testdata_voxeldnn/phil10/frame0108_1.ply,831983,616016,0.74,1.755,2.883,1.627,3.505
../../dataset/testdata_voxeldnn/phil10/frame0109_0.ply,779934,574960,0.737,1.675,2.822,1.544,3.346
../../dataset/testdata_voxeldnn/phil10/frame0109_1.ply,779934,565752,0.725,1.664,2.754,1.549,3.311
../../dataset/testdata_voxeldnn/phil10/frame0110_0.ply,834953,614584,0.736,1.728,2.819,1.638,3.539
../../dataset/testdata_voxeldnn/phil10/frame0110_1.ply,834953,587088,0.703,1.738,3.043,1.645,3.669
../../dataset/testdata_voxeldnn/phil10/frame0111_0.ply,831839,597144,0.718,1.735,2.932,1.611,3.495
../../dataset/testdata_voxeldnn/phil10/frame0111_1.ply,831839,584368,0.703,1.75,3.008,1.615,3.519
../../dataset/testdata_voxeldnn/phil10/frame0112_0.ply,821603,605392,0.737,1.722,2.862,1.606,3.393
../../dataset/testdata_voxeldnn/phil10/frame0112_1.ply,821604,567176,0.69,1.703,2.752,1.6,3.518
../../dataset/testdata_voxeldnn/phil10/frame0113_0.ply,828399,597432,0.721,1.718,2.87,1.611,3.498
../../dataset/testdata_voxeldnn/phil10/frame0113_1.ply,828400,572304,0.691,1.71,2.738,1.626,3.449
../../dataset/testdata_voxeldnn/phil10/frame0114_0.ply,838337,609152,0.727,1.744,2.848,1.673,3.681
../../dataset/testdata_voxeldnn/phil10/frame0114_1.ply,838337,578888,0.691,1.732,2.77,1.62,3.573
../../dataset/testdata_voxeldnn/phil10/frame0115_0.ply,853719,616656,0.722,1.744,2.968,1.641,3.546
../../dataset/testdata_voxeldnn/phil10/frame0115_1.ply,853720,597712,0.7,1.745,2.847,1.639,3.341
../../dataset/testdata_voxeldnn/phil10/frame0116_0.ply,819401,581808,0.71,1.72,2.789,1.595,3.51
../../dataset/testdata_voxeldnn/phil10/frame0116_1.ply,819401,569072,0.694,1.695,2.784,1.64,3.519
../../dataset/testdata_voxeldnn/phil10/frame0117_0.ply,834921,597584,0.716,1.736,2.81,1.639,3.499
../../dataset/testdata_voxeldnn/phil10/frame0117_1.ply,834921,588408,0.705,1.74,2.899,1.655,3.508
../../dataset/testdata_voxeldnn/phil10/frame0118_0.ply,728894,525640,0.721,1.57,2.441,1.47,3.158
../../dataset/testdata_voxeldnn/phil10/frame0118_1.ply,728894,513544,0.705,1.598,2.573,1.505,3.188
../../dataset/testdata_voxeldnn/phil10/frame0119_0.ply,768521,551560,0.718,1.637,2.667,1.525,3.308
../../dataset/testdata_voxeldnn/phil10/frame0119_1.ply,768522,553248,0.72,1.635,2.671,1.537,3.316
../../dataset/testdata_voxeldnn/phil10/frame0120_0.ply,744438,532824,0.716,1.607,2.543,1.494,3.203
../../dataset/testdata_voxeldnn/phil10/frame0120_1.ply,744438,552064,0.742,1.623,2.561,1.515,3.226
../../dataset/testdata_voxeldnn/phil10/frame0121_0.ply,693619,494488,0.713,1.562,2.498,1.432,3.075
../../dataset/testdata_voxeldnn/phil10/frame0121_1.ply,693619,506384,0.73,1.545,2.393,1.417,3.052
../../dataset/testdata_voxeldnn/phil10/frame0122_0.ply,719119,527392,0.733,1.568,2.499,1.464,3.071
../../dataset/testdata_voxeldnn/phil10/frame0122_1.ply,719120,517680,0.72,1.608,2.486,1.467,3.144
../../dataset/testdata_voxeldnn/phil10/frame0123_0.ply,751574,561336,0.747,1.627,2.618,1.511,3.188
../../dataset/testdata_voxeldnn/phil10/frame0123_1.ply,751574,541880,0.721,1.641,2.572,1.516,3.21
../../dataset/testdata_voxeldnn/phil10/frame0124_0.ply,695161,500520,0.72,1.554,2.486,1.447,3.111
../../dataset/testdata_voxeldnn/phil10/frame0124_1.ply,695162,478992,0.689,1.563,2.578,1.429,3.062
../../dataset/testdata_voxeldnn/phil10/frame0125_0.ply,752613,551344,0.733,1.626,2.611,1.517,3.349
../../dataset/testdata_voxeldnn/phil10/frame0125_1.ply,752614,527312,0.701,1.652,2.714,1.502,3.23
../../dataset/testdata_voxeldnn/phil10/frame0126_0.ply,779117,568880,0.73,1.659,2.73,1.546,3.318
../../dataset/testdata_voxeldnn/phil10/frame0126_1.ply,779117,544656,0.699,1.643,2.609,1.563,3.159
../../dataset/testdata_voxeldnn/phil10/frame0127_0.ply,781241,566464,0.725,1.672,2.64,1.557,3.429
../../dataset/testdata_voxeldnn/phil10/frame0127_1.ply,781241,549496,0.703,1.653,2.635,1.544,3.31
../../dataset/testdata_voxeldnn/phil10/frame0128_0.ply,792611,571464,0.721,1.683,2.896,1.563,3.284
../../dataset/testdata_voxeldnn/phil10/frame0128_1.ply,792612,540592,0.682,1.664,2.796,1.545,3.311
../../dataset/testdata_voxeldnn/phil10/frame0129_0.ply,795758,579640,0.728,1.659,3.088,1.562,3.371
../../dataset/testdata_voxeldnn/phil10/frame0129_1.ply,795758,540040,0.679,1.652,2.808,1.558,3.432
../../dataset/testdata_voxeldnn/phil10/frame0130_0.ply,772806,554928,0.718,1.662,2.793,1.537,3.23
../../dataset/testdata_voxeldnn/phil10/frame0130_1.ply,772807,533392,0.69,1.66,2.713,1.538,3.303
../../dataset/testdata_voxeldnn/phil10/frame0131_0.ply,803330,589800,0.734,1.703,2.918,1.574,3.44
../../dataset/testdata_voxeldnn/phil10/frame0131_1.ply,803331,555608,0.692,1.673,2.753,1.564,3.319
../../dataset/testdata_voxeldnn/phil10/frame0132_0.ply,796706,584904,0.734,1.675,2.935,1.564,3.398
../../dataset/testdata_voxeldnn/phil10/frame0132_1.ply,796707,548872,0.689,1.668,2.7,1.561,3.446
../../dataset/testdata_voxeldnn/phil10/frame0133_0.ply,781656,577944,0.739,1.661,2.867,1.549,3.343
../../dataset/testdata_voxeldnn/phil10/frame0133_1.ply,781656,546288,0.699,1.677,2.717,1.55,3.394
../../dataset/testdata_voxeldnn/phil10/frame0134_0.ply,801507,591312,0.738,1.693,2.83,1.591,3.416
../../dataset/testdata_voxeldnn/phil10/frame0134_1.ply,801507,555440,0.693,1.707,2.84,1.558,3.372
../../dataset/testdata_voxeldnn/phil10/frame0135_0.ply,802889,599744,0.747,1.681,2.78,1.568,3.323
../../dataset/testdata_voxeldnn/phil10/frame0135_1.ply,802889,550840,0.686,1.669,2.936,1.567,3.409
../../dataset/testdata_voxeldnn/phil10/frame0136_0.ply,790723,583536,0.738,1.664,2.926,1.555,3.377
../../dataset/testdata_voxeldnn/phil10/frame0136_1.ply,790723,544816,0.689,1.66,2.811,1.552,3.311
../../dataset/testdata_voxeldnn/phil10/frame0137_0.ply,799532,591728,0.74,1.692,2.941,1.595,3.419
../../dataset/testdata_voxeldnn/phil10/frame0137_1.ply,799533,551584,0.69,1.677,2.852,1.625,3.432
../../dataset/testdata_voxeldnn/phil10/frame0138_0.ply,799497,590384,0.738,1.69,2.8,1.57,3.444
../../dataset/testdata_voxeldnn/phil10/frame0138_1.ply,799498,550056,0.688,1.679,2.932,1.56,3.446
../../dataset/testdata_voxeldnn/phil10/frame0139_0.ply,797370,599264,0.752,1.693,2.909,1.592,3.259
../../dataset/testdata_voxeldnn/phil10/frame0139_1.ply,797370,541480,0.679,1.789,2.933,1.573,3.436
../../dataset/testdata_voxeldnn/phil10/frame0140_0.ply,787103,583472,0.741,1.678,2.853,1.563,3.293
../../dataset/testdata_voxeldnn/phil10/frame0140_1.ply,787104,532648,0.677,1.67,2.756,1.557,3.246
../../dataset/testdata_voxeldnn/phil10/frame0141_0.ply,790377,593216,0.751,1.694,2.796,1.58,3.446
../../dataset/testdata_voxeldnn/phil10/frame0141_1.ply,790378,538328,0.681,1.645,2.754,1.547,3.303
../../dataset/testdata_voxeldnn/phil10/frame0142_0.ply,776344,575576,0.741,1.65,2.753,1.534,3.226
../../dataset/testdata_voxeldnn/phil10/frame0142_1.ply,776345,523984,0.675,1.648,2.669,1.532,3.355
../../dataset/testdata_voxeldnn/phil10/frame0143_0.ply,777836,581280,0.747,1.67,2.887,1.552,3.264
../../dataset/testdata_voxeldnn/phil10/frame0143_1.ply,777837,519296,0.668,1.642,2.791,1.532,3.125
../../dataset/testdata_voxeldnn/phil10/frame0144_0.ply,773601,581912,0.752,1.645,2.717,1.549,3.277
../../dataset/testdata_voxeldnn/phil10/frame0144_1.ply,773601,511744,0.662,1.655,2.752,1.533,3.274
../../dataset/testdata_voxeldnn/phil10/frame0145_0.ply,762775,582608,0.764,1.618,2.623,1.511,3.185
../../dataset/testdata_voxeldnn/phil10/frame0145_1.ply,762775,506760,0.664,1.618,2.642,1.502,3.231
../../dataset/testdata_voxeldnn/phil10/frame0146_0.ply,736132,546344,0.742,1.597,2.651,1.489,3.139
../../dataset/testdata_voxeldnn/phil10/frame0146_1.ply,736132,485824,0.66,1.594,2.59,1.49,3.169
../../dataset/testdata_voxeldnn/phil10/frame0147_0.ply,750577,570296,0.76,1.637,2.783,1.515,3.225
../../dataset/testdata_voxeldnn/phil10/frame0147_1.ply,750577,497520,0.663,1.619,2.586,1.528,3.25
../../dataset/testdata_voxeldnn/phil10/frame0148_0.ply,709657,522336,0.736,1.575,2.554,1.439,2.892
../../dataset/testdata_voxeldnn/phil10/frame0148_1.ply,709657,468936,0.661,1.529,2.561,1.429,3.029
../../dataset/testdata_voxeldnn/phil10/frame0149_0.ply,733405,542840,0.74,1.598,2.566,1.492,3.11
../../dataset/testdata_voxeldnn/phil10/frame0149_1.ply,733406,496768,0.677,1.577,2.778,1.479,3.005
../../dataset/testdata_voxeldnn/phil10/frame0150_0.ply,718465,521864,0.726,1.57,2.623,1.45,2.96
../../dataset/testdata_voxeldnn/phil10/frame0150_1.ply,718465,481680,0.67,1.565,2.537,1.461,3.088
../../dataset/testdata_voxeldnn/phil10/frame0151_0.ply,709094,518320,0.731,1.561,2.647,1.466,3.091
../../dataset/testdata_voxeldnn/phil10/frame0151_1.ply,709095,475312,0.67,1.562,2.716,1.441,3.064
../../dataset/testdata_voxeldnn/phil10/frame0152_0.ply,701765,501856,0.715,1.508,2.64,1.424,3.039
../../dataset/testdata_voxeldnn/phil10/frame0152_1.ply,701765,470176,0.67,1.541,2.573,1.43,3.119
../../dataset/testdata_voxeldnn/phil10/frame0153_0.ply,714091,514744,0.721,1.566,2.803,1.45,2.92
../../dataset/testdata_voxeldnn/phil10/frame0153_1.ply,714091,487216,0.682,1.55,2.641,1.439,2.897
../../dataset/testdata_voxeldnn/phil10/frame0154_0.ply,662598,464504,0.701,1.481,2.403,1.385,2.918
../../dataset/testdata_voxeldnn/phil10/frame0154_1.ply,662599,445504,0.672,1.479,2.426,1.381,2.853
../../dataset/testdata_voxeldnn/phil10/frame0155_0.ply,697873,499704,0.716,1.53,2.514,1.425,3.061
../../dataset/testdata_voxeldnn/phil10/frame0155_1.ply,697874,472872,0.678,1.538,2.427,1.412,2.862
../../dataset/testdata_voxeldnn/phil10/frame0156_0.ply,685375,493096,0.719,1.494,2.388,1.397,3.005
../../dataset/testdata_voxeldnn/phil10/frame0156_1.ply,685376,461984,0.674,1.511,2.502,1.406,2.977
../../dataset/testdata_voxeldnn/phil10/frame0157_0.ply,677250,489808,0.723,1.483,2.368,1.435,3.088
../../dataset/testdata_voxeldnn/phil10/frame0157_1.ply,677251,455520,0.673,1.487,2.477,1.404,3.029
../../dataset/testdata_voxeldnn/phil10/frame0158_0.ply,679882,492448,0.724,1.526,2.527,1.399,3.05
../../dataset/testdata_voxeldnn/phil10/frame0158_1.ply,679882,454512,0.669,1.55,2.532,1.403,2.984
../../dataset/testdata_voxeldnn/phil10/frame0159_0.ply,695753,514888,0.74,1.525,2.552,1.423,2.857
../../dataset/testdata_voxeldnn/phil10/frame0159_1.ply,695754,469632,0.675,1.581,2.539,1.427,3.084
../../dataset/testdata_voxeldnn/phil10/frame0160_0.ply,679881,502304,0.739,1.494,2.517,1.398,2.997
../../dataset/testdata_voxeldnn/phil10/frame0160_1.ply,679882,456984,0.672,1.519,2.564,1.405,2.946
../../dataset/testdata_voxeldnn/phil10/frame0161_0.ply,681904,507312,0.744,1.513,2.465,1.419,3.006
../../dataset/testdata_voxeldnn/phil10/frame0161_1.ply,681905,453448,0.665,1.526,2.723,1.411,2.851
../../dataset/testdata_voxeldnn/phil10/frame0162_0.ply,660442,485536,0.735,1.506,2.424,1.363,2.948
../../dataset/testdata_voxeldnn/phil10/frame0162_1.ply,660443,424808,0.643,1.47,2.405,1.36,2.881
../../dataset/testdata_voxeldnn/phil10/frame0163_0.ply,689404,517696,0.751,1.518,2.492,1.431,3.003
../../dataset/testdata_voxeldnn/phil10/frame0163_1.ply,689405,446864,0.648,1.522,2.559,1.42,3.05
../../dataset/testdata_voxeldnn/phil10/frame0164_0.ply,687322,511120,0.744,1.515,2.443,1.426,2.962
../../dataset/testdata_voxeldnn/phil10/frame0164_1.ply,687322,443128,0.645,1.52,2.437,1.425,2.971
../../dataset/testdata_voxeldnn/phil10/frame0165_0.ply,678296,499328,0.736,1.502,2.393,1.399,2.859
../../dataset/testdata_voxeldnn/phil10/frame0165_1.ply,678297,441864,0.651,1.479,2.357,1.402,2.975
../../dataset/testdata_voxeldnn/phil10/frame0166_0.ply,690373,516192,0.748,1.507,2.438,1.415,3.043
../../dataset/testdata_voxeldnn/phil10/frame0166_1.ply,690373,451680,0.654,1.527,2.453,1.414,3.028
../../dataset/testdata_voxeldnn/phil10/frame0167_0.ply,686306,510488,0.744,1.526,2.509,1.419,3.028
../../dataset/testdata_voxeldnn/phil10/frame0167_1.ply,686306,449440,0.655,1.524,2.5,1.409,3.007
../../dataset/testdata_voxeldnn/phil10/frame0168_0.ply,681387,508736,0.747,1.53,2.469,1.412,2.917
../../dataset/testdata_voxeldnn/phil10/frame0168_1.ply,681387,440824,0.647,1.504,2.394,1.406,2.831
../../dataset/testdata_voxeldnn/phil10/frame0169_0.ply,682542,508880,0.746,1.528,2.45,1.411,2.983
../../dataset/testdata_voxeldnn/phil10/frame0169_1.ply,682543,444112,0.651,1.526,2.569,1.409,2.984
../../dataset/testdata_voxeldnn/phil10/frame0170_0.ply,690955,513384,0.743,1.552,2.45,1.43,2.954
../../dataset/testdata_voxeldnn/phil10/frame0170_1.ply,690955,448000,0.648,1.514,2.453,1.412,3.032
../../dataset/testdata_voxeldnn/phil10/frame0171_0.ply,692805,523280,0.755,1.538,2.604,1.44,2.975
../../dataset/testdata_voxeldnn/phil10/frame0171_1.ply,692805,454000,0.655,1.542,2.502,1.412,2.983
../../dataset/testdata_voxeldnn/phil10/frame0172_0.ply,691549,514880,0.745,1.535,2.576,1.415,2.999
../../dataset/testdata_voxeldnn/phil10/frame0172_1.ply,691549,447752,0.647,1.527,2.525,1.412,3.082
../../dataset/testdata_voxeldnn/phil10/frame0173_0.ply,699718,523272,0.748,1.536,2.51,1.431,3.133
../../dataset/testdata_voxeldnn/phil10/frame0173_1.ply,699718,458320,0.655,1.534,2.621,1.431,3.067
../../dataset/testdata_voxeldnn/phil10/frame0174_0.ply,703563,529712,0.753,1.558,2.609,1.445,3.035
../../dataset/testdata_voxeldnn/phil10/frame0174_1.ply,703563,458304,0.651,1.564,2.56,1.446,3.061
../../dataset/testdata_voxeldnn/phil10/frame0175_0.ply,707585,528952,0.748,1.571,2.482,1.442,3.078
../../dataset/testdata_voxeldnn/phil10/frame0175_1.ply,707586,458896,0.649,1.566,2.533,1.424,2.967
../../dataset/testdata_voxeldnn/phil10/frame0176_0.ply,722943,545672,0.755,1.577,2.583,1.455,3.155
../../dataset/testdata_voxeldnn/phil10/frame0176_1.ply,722944,473896,0.656,1.57,2.576,1.462,2.966
../../dataset/testdata_voxeldnn/phil10/frame0177_0.ply,726792,555000,0.764,1.583,2.608,1.478,2.951
../../dataset/testdata_voxeldnn/phil10/frame0177_1.ply,726793,477368,0.657,1.578,2.586,1.461,3.238
../../dataset/testdata_voxeldnn/phil10/frame0178_0.ply,732677,567440,0.774,1.607,2.7,1.502,2.999
../../dataset/testdata_voxeldnn/phil10/frame0178_1.ply,732677,487848,0.666,1.583,2.606,1.473,3.178
../../dataset/testdata_voxeldnn/phil10/frame0179_0.ply,733794,567384,0.773,1.584,2.607,1.495,2.992
../../dataset/testdata_voxeldnn/phil10/frame0179_1.ply,733795,484824,0.661,1.588,2.59,1.476,3.142
../../dataset/testdata_voxeldnn/phil10/frame0180_0.ply,732689,562104,0.767,1.591,2.671,1.481,3.001
../../dataset/testdata_voxeldnn/phil10/frame0180_1.ply,732690,486048,0.663,1.579,2.641,1.473,3.178
../../dataset/testdata_voxeldnn/phil10/frame0181_0.ply,729930,566904,0.777,1.595,2.569,1.489,2.992
../../dataset/testdata_voxeldnn/phil10/frame0181_1.ply,729930,482536,0.661,1.584,2.628,1.456,3.074
../../dataset/testdata_voxeldnn/phil10/frame0182_0.ply,726712,555280,0.764,1.588,2.531,1.466,3.111
../../dataset/testdata_voxeldnn/phil10/frame0182_1.ply,726712,477488,0.657,1.575,2.559,1.465,3.237
../../dataset/testdata_voxeldnn/phil10/frame0183_0.ply,735837,574232,0.78,1.609,2.69,1.49,3.047
../../dataset/testdata_voxeldnn/phil10/frame0183_1.ply,735837,485240,0.659,1.593,2.604,1.475,3.155
../../dataset/testdata_voxeldnn/phil10/frame0184_0.ply,724991,560184,0.773,1.595,2.631,1.523,3.199
../../dataset/testdata_voxeldnn/phil10/frame0184_1.ply,724992,471288,0.65,1.563,2.666,1.464,3.131
../../dataset/testdata_voxeldnn/phil10/frame0185_0.ply,727700,565632,0.777,1.625,2.643,1.477,3.179
../../dataset/testdata_voxeldnn/phil10/frame0185_1.ply,727700,475200,0.653,1.562,2.643,1.465,3.081
../../dataset/testdata_voxeldnn/phil10/frame0186_0.ply,723300,557192,0.77,1.573,2.623,1.461,3.093
../../dataset/testdata_voxeldnn/phil10/frame0186_1.ply,723301,472888,0.654,1.564,2.554,1.456,2.969
../../dataset/testdata_voxeldnn/phil10/frame0187_0.ply,724677,565072,0.78,1.589,2.673,1.48,3.116
../../dataset/testdata_voxeldnn/phil10/frame0187_1.ply,724677,474296,0.654,1.58,2.734,1.469,3.148
../../dataset/testdata_voxeldnn/phil10/frame0188_0.ply,722271,557552,0.772,1.577,2.58,1.485,3.164
../../dataset/testdata_voxeldnn/phil10/frame0188_1.ply,722271,468312,0.648,1.586,2.716,1.455,2.984
../../dataset/testdata_voxeldnn/phil10/frame0189_0.ply,722749,564720,0.781,1.568,2.587,1.48,3.155
../../dataset/testdata_voxeldnn/phil10/frame0189_1.ply,722750,476456,0.659,1.563,2.508,1.452,3.208
../../dataset/testdata_voxeldnn/phil10/frame0190_0.ply,717437,551648,0.769,1.554,2.499,1.455,3.117
../../dataset/testdata_voxeldnn/phil10/frame0190_1.ply,717438,470616,0.656,1.565,2.538,1.447,3.094
../../dataset/testdata_voxeldnn/phil10/frame0191_0.ply,721315,560600,0.777,1.572,2.589,1.474,3.051
../../dataset/testdata_voxeldnn/phil10/frame0191_1.ply,721316,475248,0.659,1.566,2.647,1.461,3.155
../../dataset/testdata_voxeldnn/phil10/frame0192_0.ply,714969,558744,0.781,1.557,2.608,1.447,3.035
../../dataset/testdata_voxeldnn/phil10/frame0192_1.ply,714969,467912,0.654,1.529,2.534,1.451,3.067
../../dataset/testdata_voxeldnn/phil10/frame0193_0.ply,715809,551544,0.771,1.574,2.613,1.463,3.084
../../dataset/testdata_voxeldnn/phil10/frame0193_1.ply,715809,469552,0.656,1.558,2.612,1.448,3.117
../../dataset/testdata_voxeldnn/phil10/frame0194_0.ply,715095,548152,0.767,1.566,2.549,1.458,3.063
../../dataset/testdata_voxeldnn/phil10/frame0194_1.ply,715096,468736,0.655,1.589,2.694,1.465,3.139
../../dataset/testdata_voxeldnn/phil10/frame0195_0.ply,709598,549120,0.774,1.587,2.637,1.434,3.039
../../dataset/testdata_voxeldnn/phil10/frame0195_1.ply,709599,465176,0.656,1.543,2.583,1.453,3.074
../../dataset/testdata_voxeldnn/phil10/frame0196_0.ply,706184,538896,0.763,1.543,2.563,1.433,3.008
../../dataset/testdata_voxeldnn/phil10/frame0196_1.ply,706184,457736,0.648,1.639,2.644,1.445,2.957
../../dataset/testdata_voxeldnn/phil10/frame0197_0.ply,713436,544032,0.763,1.583,2.584,1.469,3.125
../../dataset/testdata_voxeldnn/phil10/frame0197_1.ply,713436,467352,0.655,1.581,2.724,1.463,2.996
../../dataset/testdata_voxeldnn/phil10/frame0198_0.ply,690656,526304,0.762,1.559,2.661,1.451,3.034
../../dataset/testdata_voxeldnn/phil10/frame0198_1.ply,690656,445448,0.645,1.575,2.52,1.422,3.055
../../dataset/testdata_voxeldnn/phil10/frame0199_0.ply,705035,544616,0.772,1.551,2.514,1.426,3.081
../../dataset/testdata_voxeldnn/phil10/frame0199_1.ply,705036,458792,0.651,1.553,2.605,1.453,3.058
../../dataset/testdata_voxeldnn/phil10/frame0200_0.ply,697711,532008,0.763,1.538,2.579,1.444,3.096
../../dataset/testdata_voxeldnn/phil10/frame0200_1.ply,697711,453144,0.649,1.585,2.554,1.44,2.945
../../dataset/testdata_voxeldnn/phil10/frame0201_0.ply,694902,537672,0.774,1.557,2.61,1.44,3.048
../../dataset/testdata_voxeldnn/phil10/frame0201_1.ply,694903,453272,0.652,1.56,2.638,1.449,2.905
../../dataset/testdata_voxeldnn/phil10/frame0202_0.ply,681371,521336,0.765,1.566,2.49,1.405,3.0
../../dataset/testdata_voxeldnn/phil10/frame0202_1.ply,681372,436880,0.641,1.563,2.597,1.418,2.967
../../dataset/testdata_voxeldnn/phil10/frame0203_0.ply,688858,525040,0.762,1.548,2.739,1.431,2.894
../../dataset/testdata_voxeldnn/phil10/frame0203_1.ply,688859,446784,0.649,1.537,2.591,1.426,3.043
../../dataset/testdata_voxeldnn/phil10/frame0204_0.ply,671291,509568,0.759,1.502,2.477,1.408,2.97
../../dataset/testdata_voxeldnn/phil10/frame0204_1.ply,671292,435104,0.648,1.516,2.578,1.403,3.082
../../dataset/testdata_voxeldnn/phil10/frame0205_0.ply,690264,536744,0.778,1.54,2.477,1.428,2.999
../../dataset/testdata_voxeldnn/phil10/frame0205_1.ply,690265,450904,0.653,1.518,2.503,1.418,3.02
../../dataset/testdata_voxeldnn/phil10/frame0206_0.ply,681704,522584,0.767,1.53,2.445,1.416,2.939
../../dataset/testdata_voxeldnn/phil10/frame0206_1.ply,681704,442136,0.649,1.489,2.602,1.409,2.974
../../dataset/testdata_voxeldnn/phil10/frame0207_0.ply,676621,515272,0.762,1.555,2.523,1.406,2.958
../../dataset/testdata_voxeldnn/phil10/frame0207_1.ply,676622,447368,0.661,1.524,2.468,1.411,2.845
../../dataset/testdata_voxeldnn/phil10/frame0208_0.ply,676320,510608,0.755,1.532,2.472,1.409,2.889
../../dataset/testdata_voxeldnn/phil10/frame0208_1.ply,676320,440688,0.652,1.513,2.496,1.398,2.974
../../dataset/testdata_voxeldnn/phil10/frame0209_0.ply,672941,513072,0.762,1.502,2.403,1.384,2.847
../../dataset/testdata_voxeldnn/phil10/frame0209_1.ply,672942,442384,0.657,1.486,2.526,1.391,2.969
../../dataset/testdata_voxeldnn/phil10/frame0210_0.ply,672192,513392,0.764,1.516,2.436,1.398,2.875
../../dataset/testdata_voxeldnn/phil10/frame0210_1.ply,672193,442208,0.658,1.492,2.45,1.39,2.974
../../dataset/testdata_voxeldnn/phil10/frame0211_0.ply,682225,519632,0.762,1.532,2.51,1.421,2.963
../../dataset/testdata_voxeldnn/phil10/frame0211_1.ply,682225,449112,0.658,1.549,2.537,1.434,3.025
../../dataset/testdata_voxeldnn/phil10/frame0212_0.ply,685366,515904,0.753,1.553,2.474,1.42,2.96
../../dataset/testdata_voxeldnn/phil10/frame0212_1.ply,685367,449616,0.656,1.503,2.532,1.416,2.984
../../dataset/testdata_voxeldnn/phil10/frame0213_0.ply,681430,509824,0.748,1.515,2.486,1.402,2.962
../../dataset/testdata_voxeldnn/phil10/frame0213_1.ply,681430,448808,0.659,1.516,2.586,1.403,2.995
../../dataset/testdata_voxeldnn/phil10/frame0214_0.ply,686692,520016,0.757,1.525,2.479,1.408,3.021
../../dataset/testdata_voxeldnn/phil10/frame0214_1.ply,686693,453416,0.66,1.527,2.489,1.416,2.985
../../dataset/testdata_voxeldnn/phil10/frame0215_0.ply,680610,500304,0.735,1.52,2.42,1.432,2.972
../../dataset/testdata_voxeldnn/phil10/frame0215_1.ply,680611,445656,0.655,1.519,2.501,1.435,3.002
../../dataset/testdata_voxeldnn/phil10/frame0216_0.ply,686810,513328,0.747,1.54,2.496,1.415,2.975
../../dataset/testdata_voxeldnn/phil10/frame0216_1.ply,686810,453552,0.66,1.522,2.55,1.401,3.037
../../dataset/testdata_voxeldnn/phil10/frame0217_0.ply,680255,505248,0.743,1.515,2.525,1.405,2.991
../../dataset/testdata_voxeldnn/phil10/frame0217_1.ply,680255,443336,0.652,1.585,2.533,1.419,2.989
../../dataset/testdata_voxeldnn/phil10/frame0218_0.ply,686484,520016,0.758,1.544,2.535,1.424,2.997
../../dataset/testdata_voxeldnn/phil10/frame0218_1.ply,686484,446240,0.65,1.565,2.587,1.417,2.977
../../dataset/testdata_voxeldnn/phil10/frame0219_0.ply,673731,498160,0.739,1.516,2.454,1.402,2.929
../../dataset/testdata_voxeldnn/phil10/frame0219_1.ply,673731,446848,0.663,1.513,2.442,1.417,3.054
../../dataset/testdata_voxeldnn/phil10/frame0220_0.ply,684920,518816,0.757,1.528,2.65,1.438,2.953
../../dataset/testdata_voxeldnn/phil10/frame0220_1.ply,684920,445736,0.651,1.506,2.543,1.421,3.007
../../dataset/testdata_voxeldnn/phil10/frame0221_0.ply,688274,519696,0.755,1.539,2.603,1.416,2.922
../../dataset/testdata_voxeldnn/phil10/frame0221_1.ply,688275,448984,0.652,1.538,2.565,1.437,3.095
../../dataset/testdata_voxeldnn/phil10/frame0222_0.ply,688593,520928,0.757,1.538,2.476,1.42,2.867
../../dataset/testdata_voxeldnn/phil10/frame0222_1.ply,688594,444928,0.646,1.499,2.547,1.404,2.974
../../dataset/testdata_voxeldnn/phil10/frame0223_0.ply,693338,524376,0.756,1.553,2.548,1.435,3.023
../../dataset/testdata_voxeldnn/phil10/frame0223_1.ply,693339,450456,0.65,1.525,2.56,1.44,3.0
../../dataset/testdata_voxeldnn/phil10/frame0224_0.ply,688089,524976,0.763,1.535,2.518,1.416,3.025
../../dataset/testdata_voxeldnn/phil10/frame0224_1.ply,688090,454424,0.66,1.535,2.629,1.434,2.999
../../dataset/testdata_voxeldnn/phil10/frame0225_0.ply,690859,524792,0.76,1.553,2.607,1.439,2.978
../../dataset/testdata_voxeldnn/phil10/frame0225_1.ply,690860,445240,0.644,1.557,2.57,1.415,3.59
../../dataset/testdata_voxeldnn/phil10/frame0226_0.ply,695123,533576,0.768,1.551,2.443,1.433,3.029
../../dataset/testdata_voxeldnn/phil10/frame0226_1.ply,695123,456488,0.657,1.533,2.536,1.416,3.027
../../dataset/testdata_voxeldnn/phil10/frame0227_0.ply,691092,525576,0.761,1.529,2.502,1.429,3.007
../../dataset/testdata_voxeldnn/phil10/frame0227_1.ply,691092,447688,0.648,1.545,2.576,1.414,2.992
../../dataset/testdata_voxeldnn/phil10/frame0228_0.ply,696979,531560,0.763,1.536,2.65,1.443,3.015
../../dataset/testdata_voxeldnn/phil10/frame0228_1.ply,696980,451672,0.648,1.55,2.534,1.466,2.955
../../dataset/testdata_voxeldnn/phil10/frame0229_0.ply,691884,526320,0.761,1.543,2.493,1.431,3.086
../../dataset/testdata_voxeldnn/phil10/frame0229_1.ply,691885,443560,0.641,1.528,2.461,1.42,3.028
../../dataset/testdata_voxeldnn/phil10/frame0230_0.ply,701899,534600,0.762,1.557,2.586,1.446,3.008
../../dataset/testdata_voxeldnn/phil10/frame0230_1.ply,701899,461504,0.658,1.544,2.706,1.443,3.086
../../dataset/testdata_voxeldnn/phil10/frame0231_0.ply,701373,538120,0.767,1.563,2.649,1.44,2.921
../../dataset/testdata_voxeldnn/phil10/frame0231_1.ply,701373,453280,0.646,1.536,2.622,1.445,3.072
../../dataset/testdata_voxeldnn/phil10/frame0232_0.ply,697409,531184,0.762,1.567,2.524,1.452,3.062
../../dataset/testdata_voxeldnn/phil10/frame0232_1.ply,697409,453728,0.651,1.533,2.502,1.43,2.966
../../dataset/testdata_voxeldnn/phil10/frame0233_0.ply,696309,531640,0.764,1.56,2.56,1.44,3.01
../../dataset/testdata_voxeldnn/phil10/frame0233_1.ply,696309,447616,0.643,1.52,2.498,1.425,3.046
../../dataset/testdata_voxeldnn/phil10/frame0234_0.ply,702237,536880,0.765,1.541,2.572,1.445,3.041
../../dataset/testdata_voxeldnn/phil10/frame0234_1.ply,702237,453360,0.646,1.529,2.569,1.462,3.077
../../dataset/testdata_voxeldnn/phil10/frame0235_0.ply,700609,535608,0.764,1.574,2.599,1.471,3.083
../../dataset/testdata_voxeldnn/phil10/frame0235_1.ply,700610,451992,0.645,1.555,2.629,1.426,2.945
../../dataset/testdata_voxeldnn/phil10/frame0236_0.ply,702033,539744,0.769,1.541,2.47,1.445,3.047
../../dataset/testdata_voxeldnn/phil10/frame0236_1.ply,702033,453760,0.646,1.583,2.624,1.435,3.064
../../dataset/testdata_voxeldnn/phil10/frame0237_0.ply,718454,557920,0.777,1.554,2.523,1.456,3.108
../../dataset/testdata_voxeldnn/phil10/frame0237_1.ply,718454,464760,0.647,1.565,2.508,1.458,3.07
../../dataset/testdata_voxeldnn/phil10/frame0238_0.ply,712986,549528,0.771,1.588,2.631,1.471,3.088
../../dataset/testdata_voxeldnn/phil10/frame0238_1.ply,712986,459424,0.644,1.561,2.645,1.466,3.118
../../dataset/testdata_voxeldnn/phil10/frame0239_0.ply,721569,566928,0.786,1.605,2.599,1.475,2.978
../../dataset/testdata_voxeldnn/phil10/frame0239_1.ply,721569,466072,0.646,1.572,2.558,1.46,3.018
../../dataset/testdata_voxeldnn/phil10/frame0240_0.ply,727673,585928,0.805,1.579,2.559,1.484,3.239
../../dataset/testdata_voxeldnn/phil10/frame0240_1.ply,727674,473920,0.651,1.561,2.582,1.47,3.146
../../dataset/testdata_voxeldnn/phil10/frame0241_0.ply,720686,573848,0.796,1.597,2.687,1.488,3.2
../../dataset/testdata_voxeldnn/phil10/frame0241_1.ply,720686,466024,0.647,1.564,2.573,1.472,3.171
../../dataset/testdata_voxeldnn/phil10/frame0242_0.ply,726240,578432,0.796,1.61,2.666,1.488,3.044
../../dataset/testdata_voxeldnn/phil10/frame0242_1.ply,726241,470304,0.648,1.581,2.783,1.469,3.136
../../dataset/testdata_voxeldnn/phil10/frame0243_0.ply,723771,568096,0.785,1.591,2.676,1.464,3.118
../../dataset/testdata_voxeldnn/phil10/frame0243_1.ply,723771,470336,0.65,1.572,2.491,1.459,3.122
../../dataset/testdata_voxeldnn/phil10/frame0244_0.ply,728966,570352,0.782,1.607,2.705,1.482,3.122
../../dataset/testdata_voxeldnn/phil10/frame0244_1.ply,728966,478560,0.656,1.593,2.704,1.465,3.217
