filedir,num_points_raw,file_size,bpp,enc_time,all_enc_time,dec_time,all_dec_time
../../dataset/testdata_voxeldnn/ricardo10/frame0000_0.ply,480351,323528,0.674,1.297,1.964,1.14,2.392
../../dataset/testdata_voxeldnn/ricardo10/frame0000_1.ply,480352,304136,0.633,1.27,1.908,1.133,2.333
../../dataset/testdata_voxeldnn/ricardo10/frame0001_0.ply,476089,322608,0.678,1.232,1.914,1.069,2.179
../../dataset/testdata_voxeldnn/ricardo10/frame0001_1.ply,476089,301312,0.633,1.222,1.836,1.143,2.343
../../dataset/testdata_voxeldnn/ricardo10/frame0002_0.ply,474564,320464,0.675,1.243,1.82,1.124,2.232
../../dataset/testdata_voxeldnn/ricardo10/frame0002_1.ply,474565,298808,0.63,1.202,1.868,1.108,2.241
../../dataset/testdata_voxeldnn/ricardo10/frame0003_0.ply,477426,327360,0.686,1.142,1.728,1.08,2.218
../../dataset/testdata_voxeldnn/ricardo10/frame0003_1.ply,477426,302544,0.634,1.145,1.759,1.059,2.177
../../dataset/testdata_voxeldnn/ricardo10/frame0004_0.ply,479927,324248,0.676,1.166,1.797,1.068,2.189
../../dataset/testdata_voxeldnn/ricardo10/frame0004_1.ply,479927,303248,0.632,1.166,1.818,1.07,2.194
../../dataset/testdata_voxeldnn/ricardo10/frame0005_0.ply,479944,328336,0.684,1.172,1.757,1.086,2.202
../../dataset/testdata_voxeldnn/ricardo10/frame0005_1.ply,479945,303800,0.633,1.136,1.669,1.083,2.248
../../dataset/testdata_voxeldnn/ricardo10/frame0006_0.ply,476578,323032,0.678,1.159,1.727,1.158,2.383
../../dataset/testdata_voxeldnn/ricardo10/frame0006_1.ply,476578,299768,0.629,1.182,1.781,1.072,2.21
../../dataset/testdata_voxeldnn/ricardo10/frame0007_0.ply,473556,319272,0.674,1.177,1.727,1.076,2.202
../../dataset/testdata_voxeldnn/ricardo10/frame0007_1.ply,473556,300104,0.634,1.237,1.787,1.108,2.288
../../dataset/testdata_voxeldnn/ricardo10/frame0008_0.ply,480184,323336,0.673,1.237,1.836,1.129,2.364
../../dataset/testdata_voxeldnn/ricardo10/frame0008_1.ply,480184,301936,0.629,1.259,1.989,1.164,2.352
../../dataset/testdata_voxeldnn/ricardo10/frame0009_0.ply,479030,322120,0.672,1.243,1.87,1.145,2.403
../../dataset/testdata_voxeldnn/ricardo10/frame0009_1.ply,479031,302432,0.631,1.271,1.973,1.167,2.399
../../dataset/testdata_voxeldnn/ricardo10/frame0010_0.ply,478241,319408,0.668,1.245,1.834,1.149,2.326
../../dataset/testdata_voxeldnn/ricardo10/frame0010_1.ply,478241,302520,0.633,1.246,1.819,1.167,2.254
../../dataset/testdata_voxeldnn/ricardo10/frame0011_0.ply,477708,321576,0.673,1.23,1.862,1.163,2.348
../../dataset/testdata_voxeldnn/ricardo10/frame0011_1.ply,477709,303024,0.634,1.18,1.75,1.067,2.203
../../dataset/testdata_voxeldnn/ricardo10/frame0012_0.ply,479307,322360,0.673,1.15,1.735,1.072,2.243
../../dataset/testdata_voxeldnn/ricardo10/frame0012_1.ply,479308,302640,0.631,1.15,1.695,1.125,2.281
../../dataset/testdata_voxeldnn/ricardo10/frame0013_0.ply,479739,325472,0.678,1.198,1.78,1.066,2.206
../../dataset/testdata_voxeldnn/ricardo10/frame0013_1.ply,479739,303136,0.632,1.128,1.765,1.061,2.169
../../dataset/testdata_voxeldnn/ricardo10/frame0014_0.ply,483807,328912,0.68,1.178,1.765,1.09,2.221
../../dataset/testdata_voxeldnn/ricardo10/frame0014_1.ply,483808,305416,0.631,1.235,1.821,1.09,2.224
../../dataset/testdata_voxeldnn/ricardo10/frame0015_0.ply,480891,326152,0.678,1.174,1.732,1.069,2.249
../../dataset/testdata_voxeldnn/ricardo10/frame0015_1.ply,480892,303512,0.631,1.173,1.793,1.07,2.169
../../dataset/testdata_voxeldnn/ricardo10/frame0016_0.ply,482806,326504,0.676,1.121,1.744,1.059,2.152
../../dataset/testdata_voxeldnn/ricardo10/frame0016_1.ply,482806,303640,0.629,1.153,1.745,1.078,2.188
../../dataset/testdata_voxeldnn/ricardo10/frame0017_0.ply,479100,325400,0.679,1.171,1.825,1.073,2.17
../../dataset/testdata_voxeldnn/ricardo10/frame0017_1.ply,479100,303344,0.633,1.168,1.848,1.071,2.11
../../dataset/testdata_voxeldnn/ricardo10/frame0018_0.ply,477548,322312,0.675,1.148,1.678,1.103,2.178
../../dataset/testdata_voxeldnn/ricardo10/frame0018_1.ply,477549,303008,0.635,1.138,1.677,1.079,2.171
../../dataset/testdata_voxeldnn/ricardo10/frame0019_0.ply,480479,324248,0.675,1.165,1.719,1.209,2.321
../../dataset/testdata_voxeldnn/ricardo10/frame0019_1.ply,480480,307176,0.639,1.149,1.674,1.078,2.192
../../dataset/testdata_voxeldnn/ricardo10/frame0020_0.ply,479093,321352,0.671,1.187,1.779,1.077,2.226
../../dataset/testdata_voxeldnn/ricardo10/frame0020_1.ply,479094,301560,0.629,1.201,1.762,1.076,2.248
../../dataset/testdata_voxeldnn/ricardo10/frame0021_0.ply,481763,324488,0.674,1.172,1.783,1.086,2.247
../../dataset/testdata_voxeldnn/ricardo10/frame0021_1.ply,481763,306328,0.636,1.309,1.935,1.076,2.168
../../dataset/testdata_voxeldnn/ricardo10/frame0022_0.ply,486443,329096,0.677,1.166,1.8,1.084,2.199
../../dataset/testdata_voxeldnn/ricardo10/frame0022_1.ply,486444,309704,0.637,1.193,1.807,1.087,2.159
../../dataset/testdata_voxeldnn/ricardo10/frame0023_0.ply,482711,323776,0.671,1.119,1.733,1.054,2.155
../../dataset/testdata_voxeldnn/ricardo10/frame0023_1.ply,482712,305760,0.633,1.152,1.765,1.075,2.191
../../dataset/testdata_voxeldnn/ricardo10/frame0024_0.ply,479086,322592,0.673,1.175,1.802,1.068,2.198
../../dataset/testdata_voxeldnn/ricardo10/frame0024_1.ply,479086,303368,0.633,1.167,1.826,1.066,2.157
../../dataset/testdata_voxeldnn/ricardo10/frame0025_0.ply,479659,319992,0.667,1.122,1.674,1.065,2.214
../../dataset/testdata_voxeldnn/ricardo10/frame0025_1.ply,479659,301792,0.629,1.178,1.759,1.064,2.156
../../dataset/testdata_voxeldnn/ricardo10/frame0026_0.ply,474025,313088,0.66,1.142,1.787,1.069,2.178
../../dataset/testdata_voxeldnn/ricardo10/frame0026_1.ply,474026,298936,0.631,1.125,1.666,1.044,2.144
../../dataset/testdata_voxeldnn/ricardo10/frame0027_0.ply,470805,307976,0.654,1.101,1.709,1.056,2.181
../../dataset/testdata_voxeldnn/ricardo10/frame0027_1.ply,470806,293832,0.624,1.107,1.655,1.05,2.115
../../dataset/testdata_voxeldnn/ricardo10/frame0028_0.ply,464942,304680,0.655,1.11,1.701,1.043,2.145
../../dataset/testdata_voxeldnn/ricardo10/frame0028_1.ply,464943,290416,0.625,1.1,1.693,1.053,2.196
../../dataset/testdata_voxeldnn/ricardo10/frame0029_0.ply,461761,302816,0.656,1.139,1.687,1.043,2.192
../../dataset/testdata_voxeldnn/ricardo10/frame0029_1.ply,461762,285472,0.618,1.095,1.645,1.053,2.122
../../dataset/testdata_voxeldnn/ricardo10/frame0030_0.ply,461673,303432,0.657,1.214,1.764,1.109,2.199
../../dataset/testdata_voxeldnn/ricardo10/frame0030_1.ply,461674,286768,0.621,1.164,1.731,1.049,2.106
../../dataset/testdata_voxeldnn/ricardo10/frame0031_0.ply,463533,301680,0.651,1.157,1.732,1.049,2.157
../../dataset/testdata_voxeldnn/ricardo10/frame0031_1.ply,463533,284448,0.614,1.124,1.673,1.048,2.166
../../dataset/testdata_voxeldnn/ricardo10/frame0032_0.ply,460709,302360,0.656,1.127,1.671,1.053,2.129
../../dataset/testdata_voxeldnn/ricardo10/frame0032_1.ply,460710,284760,0.618,1.154,1.957,1.048,2.17
../../dataset/testdata_voxeldnn/ricardo10/frame0033_0.ply,463234,300392,0.648,1.134,1.652,1.075,2.199
../../dataset/testdata_voxeldnn/ricardo10/frame0033_1.ply,463234,285672,0.617,1.133,1.775,1.058,2.232
../../dataset/testdata_voxeldnn/ricardo10/frame0034_0.ply,465637,308896,0.663,1.137,1.722,1.068,2.174
../../dataset/testdata_voxeldnn/ricardo10/frame0034_1.ply,465638,293832,0.631,1.173,1.794,1.053,2.179
../../dataset/testdata_voxeldnn/ricardo10/frame0035_0.ply,459317,297040,0.647,1.146,1.767,1.051,2.144
../../dataset/testdata_voxeldnn/ricardo10/frame0035_1.ply,459318,285168,0.621,1.258,1.925,1.039,2.115
../../dataset/testdata_voxeldnn/ricardo10/frame0036_0.ply,465066,299920,0.645,1.117,1.771,1.051,2.22
../../dataset/testdata_voxeldnn/ricardo10/frame0036_1.ply,465067,293256,0.631,1.156,1.757,1.056,2.2
../../dataset/testdata_voxeldnn/ricardo10/frame0037_0.ply,459086,294376,0.641,1.152,1.732,1.05,2.13
../../dataset/testdata_voxeldnn/ricardo10/frame0037_1.ply,459087,285904,0.623,1.225,1.854,1.112,2.308
../../dataset/testdata_voxeldnn/ricardo10/frame0038_0.ply,461808,302904,0.656,1.209,1.738,1.054,2.137
../../dataset/testdata_voxeldnn/ricardo10/frame0038_1.ply,461809,289312,0.626,1.193,1.802,1.119,2.177
../../dataset/testdata_voxeldnn/ricardo10/frame0039_0.ply,458649,292176,0.637,1.2,1.839,1.133,2.316
../../dataset/testdata_voxeldnn/ricardo10/frame0039_1.ply,458649,287696,0.627,1.183,1.717,1.175,2.322
../../dataset/testdata_voxeldnn/ricardo10/frame0040_0.ply,465313,305912,0.657,1.224,1.875,1.131,2.354
../../dataset/testdata_voxeldnn/ricardo10/frame0040_1.ply,465314,292944,0.63,1.201,1.963,1.04,2.092
../../dataset/testdata_voxeldnn/ricardo10/frame0041_0.ply,456871,296120,0.648,1.118,1.647,1.048,2.124
../../dataset/testdata_voxeldnn/ricardo10/frame0041_1.ply,456871,283216,0.62,1.231,1.735,1.089,2.206
../../dataset/testdata_voxeldnn/ricardo10/frame0042_0.ply,462236,300904,0.651,1.223,1.795,1.055,2.185
../../dataset/testdata_voxeldnn/ricardo10/frame0042_1.ply,462237,289112,0.625,1.151,1.727,1.043,2.051
../../dataset/testdata_voxeldnn/ricardo10/frame0043_0.ply,452779,291168,0.643,1.105,1.736,1.039,2.136
../../dataset/testdata_voxeldnn/ricardo10/frame0043_1.ply,452780,281984,0.623,1.108,1.612,1.035,2.021
../../dataset/testdata_voxeldnn/ricardo10/frame0044_0.ply,452367,294824,0.652,1.113,1.697,1.043,2.12
../../dataset/testdata_voxeldnn/ricardo10/frame0044_1.ply,452368,281784,0.623,1.105,1.662,1.039,2.006
../../dataset/testdata_voxeldnn/ricardo10/frame0045_0.ply,454708,292120,0.642,1.115,1.721,1.063,2.144
../../dataset/testdata_voxeldnn/ricardo10/frame0045_1.ply,454708,283528,0.624,1.119,1.7,1.055,2.105
../../dataset/testdata_voxeldnn/ricardo10/frame0046_0.ply,454810,298312,0.656,1.149,1.712,1.205,2.412
../../dataset/testdata_voxeldnn/ricardo10/frame0046_1.ply,454810,287672,0.633,1.343,2.007,1.201,2.406
../../dataset/testdata_voxeldnn/ricardo10/frame0047_0.ply,450659,288792,0.641,1.174,1.691,1.036,2.11
../../dataset/testdata_voxeldnn/ricardo10/frame0047_1.ply,450659,281168,0.624,1.107,1.648,1.037,2.047
../../dataset/testdata_voxeldnn/ricardo10/frame0048_0.ply,453717,291560,0.643,1.109,1.8,1.047,2.125
../../dataset/testdata_voxeldnn/ricardo10/frame0048_1.ply,453717,287848,0.634,1.143,1.79,1.087,2.061
../../dataset/testdata_voxeldnn/ricardo10/frame0049_0.ply,442785,282288,0.638,1.104,1.615,1.035,2.137
../../dataset/testdata_voxeldnn/ricardo10/frame0049_1.ply,442786,280608,0.634,1.209,1.73,1.084,2.143
../../dataset/testdata_voxeldnn/ricardo10/frame0050_0.ply,450760,291736,0.647,1.107,1.781,1.033,2.001
../../dataset/testdata_voxeldnn/ricardo10/frame0050_1.ply,450761,284360,0.631,1.092,1.66,1.024,2.12
../../dataset/testdata_voxeldnn/ricardo10/frame0051_0.ply,448094,285800,0.638,1.108,1.682,1.034,2.018
../../dataset/testdata_voxeldnn/ricardo10/frame0051_1.ply,448094,283832,0.633,1.104,1.691,1.029,2.156
../../dataset/testdata_voxeldnn/ricardo10/frame0052_0.ply,445959,287616,0.645,1.104,1.672,1.034,2.102
../../dataset/testdata_voxeldnn/ricardo10/frame0052_1.ply,445960,286968,0.643,1.158,1.754,1.115,2.216
../../dataset/testdata_voxeldnn/ricardo10/frame0053_0.ply,444775,285368,0.642,1.156,1.865,1.036,2.09
../../dataset/testdata_voxeldnn/ricardo10/frame0053_1.ply,444775,284392,0.639,1.115,1.686,1.026,2.094
../../dataset/testdata_voxeldnn/ricardo10/frame0054_0.ply,452270,292480,0.647,1.117,1.779,1.021,2.159
../../dataset/testdata_voxeldnn/ricardo10/frame0054_1.ply,452270,290376,0.642,1.085,1.639,1.027,1.98
../../dataset/testdata_voxeldnn/ricardo10/frame0055_0.ply,446912,286632,0.641,1.075,1.678,1.011,2.055
../../dataset/testdata_voxeldnn/ricardo10/frame0055_1.ply,446913,288208,0.645,1.149,1.682,1.096,2.139
../../dataset/testdata_voxeldnn/ricardo10/frame0056_0.ply,450023,291592,0.648,1.114,1.711,1.037,2.117
../../dataset/testdata_voxeldnn/ricardo10/frame0056_1.ply,450023,287048,0.638,1.106,1.653,1.033,2.173
../../dataset/testdata_voxeldnn/ricardo10/frame0057_0.ply,449234,291056,0.648,1.096,1.601,1.043,2.07
../../dataset/testdata_voxeldnn/ricardo10/frame0057_1.ply,449235,288400,0.642,1.113,1.623,1.032,2.072
../../dataset/testdata_voxeldnn/ricardo10/frame0058_0.ply,447675,294272,0.657,1.164,1.948,1.022,2.079
../../dataset/testdata_voxeldnn/ricardo10/frame0058_1.ply,447676,287480,0.642,1.072,1.665,1.029,2.116
../../dataset/testdata_voxeldnn/ricardo10/frame0059_0.ply,446304,290336,0.651,1.122,1.64,1.013,2.125
../../dataset/testdata_voxeldnn/ricardo10/frame0059_1.ply,446305,283632,0.636,1.106,1.698,1.056,2.184
../../dataset/testdata_voxeldnn/ricardo10/frame0060_0.ply,451924,296136,0.655,1.131,1.617,1.027,2.127
../../dataset/testdata_voxeldnn/ricardo10/frame0060_1.ply,451924,286608,0.634,1.119,1.682,1.046,2.207
../../dataset/testdata_voxeldnn/ricardo10/frame0061_0.ply,451750,295280,0.654,1.217,1.913,1.107,2.165
../../dataset/testdata_voxeldnn/ricardo10/frame0061_1.ply,451750,287048,0.635,1.258,1.943,1.136,2.325
../../dataset/testdata_voxeldnn/ricardo10/frame0062_0.ply,454687,295000,0.649,1.25,1.848,1.136,2.348
../../dataset/testdata_voxeldnn/ricardo10/frame0062_1.ply,454688,287968,0.633,1.167,1.77,1.038,2.126
../../dataset/testdata_voxeldnn/ricardo10/frame0063_0.ply,461031,301776,0.655,1.316,1.925,1.124,2.3
../../dataset/testdata_voxeldnn/ricardo10/frame0063_1.ply,461032,299296,0.649,1.255,1.886,1.128,2.274
../../dataset/testdata_voxeldnn/ricardo10/frame0064_0.ply,490999,334720,0.682,1.357,2.001,1.222,2.615
../../dataset/testdata_voxeldnn/ricardo10/frame0064_1.ply,490999,321328,0.654,1.309,1.884,1.17,2.439
../../dataset/testdata_voxeldnn/ricardo10/frame0065_0.ply,522334,362304,0.694,1.319,1.937,1.176,2.376
../../dataset/testdata_voxeldnn/ricardo10/frame0065_1.ply,522334,344600,0.66,1.221,1.916,1.118,2.306
../../dataset/testdata_voxeldnn/ricardo10/frame0066_0.ply,592324,397752,0.672,1.394,2.152,1.284,2.551
../../dataset/testdata_voxeldnn/ricardo10/frame0066_1.ply,592325,403688,0.682,1.391,2.139,1.292,2.705
../../dataset/testdata_voxeldnn/ricardo10/frame0067_0.ply,644501,433768,0.673,1.473,2.234,1.371,2.902
../../dataset/testdata_voxeldnn/ricardo10/frame0067_1.ply,644502,453760,0.704,1.5,2.359,1.381,2.907
../../dataset/testdata_voxeldnn/ricardo10/frame0068_0.ply,694633,473248,0.681,1.565,2.434,1.449,3.119
../../dataset/testdata_voxeldnn/ricardo10/frame0068_1.ply,694633,491312,0.707,1.602,2.545,1.438,3.079
../../dataset/testdata_voxeldnn/ricardo10/frame0069_0.ply,711834,508680,0.715,1.573,2.459,1.463,3.155
../../dataset/testdata_voxeldnn/ricardo10/frame0069_1.ply,711835,495856,0.697,1.585,2.633,1.463,3.133
../../dataset/testdata_voxeldnn/ricardo10/frame0070_0.ply,733347,507024,0.691,1.587,2.457,1.479,3.17
../../dataset/testdata_voxeldnn/ricardo10/frame0070_1.ply,733347,502384,0.685,1.598,2.468,1.492,3.05
../../dataset/testdata_voxeldnn/ricardo10/frame0071_0.ply,734333,505976,0.689,1.613,2.481,1.509,3.281
../../dataset/testdata_voxeldnn/ricardo10/frame0071_1.ply,734334,509000,0.693,1.624,2.487,1.502,3.085
../../dataset/testdata_voxeldnn/ricardo10/frame0072_0.ply,724718,484760,0.669,1.563,2.473,1.459,3.177
../../dataset/testdata_voxeldnn/ricardo10/frame0072_1.ply,724719,504552,0.696,1.614,2.486,1.489,3.22
../../dataset/testdata_voxeldnn/ricardo10/frame0073_0.ply,719235,480544,0.668,1.602,2.566,1.489,3.043
../../dataset/testdata_voxeldnn/ricardo10/frame0073_1.ply,719236,497992,0.692,1.596,2.472,1.484,3.162
../../dataset/testdata_voxeldnn/ricardo10/frame0074_0.ply,709433,491752,0.693,1.58,2.435,1.474,3.231
../../dataset/testdata_voxeldnn/ricardo10/frame0074_1.ply,709433,488888,0.689,1.593,2.52,1.474,3.161
../../dataset/testdata_voxeldnn/ricardo10/frame0075_0.ply,731728,500792,0.684,1.618,2.563,1.498,3.254
../../dataset/testdata_voxeldnn/ricardo10/frame0075_1.ply,731728,497320,0.68,1.604,2.48,1.49,3.208
../../dataset/testdata_voxeldnn/ricardo10/frame0076_0.ply,727452,500192,0.688,1.605,2.521,1.478,3.206
../../dataset/testdata_voxeldnn/ricardo10/frame0076_1.ply,727453,491368,0.675,1.576,2.494,1.468,3.034
../../dataset/testdata_voxeldnn/ricardo10/frame0077_0.ply,734695,498568,0.679,1.613,2.55,1.494,3.177
../../dataset/testdata_voxeldnn/ricardo10/frame0077_1.ply,734696,496968,0.676,1.615,2.588,1.501,3.216
../../dataset/testdata_voxeldnn/ricardo10/frame0078_0.ply,729983,497544,0.682,1.617,2.505,1.503,3.22
../../dataset/testdata_voxeldnn/ricardo10/frame0078_1.ply,729983,497560,0.682,1.633,2.459,1.494,3.217
../../dataset/testdata_voxeldnn/ricardo10/frame0079_0.ply,725983,492288,0.678,1.59,2.5,1.49,3.137
../../dataset/testdata_voxeldnn/ricardo10/frame0079_1.ply,725984,497744,0.686,1.563,2.458,1.473,3.044
../../dataset/testdata_voxeldnn/ricardo10/frame0080_0.ply,737898,499968,0.678,1.611,2.476,1.509,3.257
../../dataset/testdata_voxeldnn/ricardo10/frame0080_1.ply,737899,500136,0.678,1.593,2.532,1.497,3.262
../../dataset/testdata_voxeldnn/ricardo10/frame0081_0.ply,742407,507352,0.683,1.626,2.573,1.519,3.237
../../dataset/testdata_voxeldnn/ricardo10/frame0081_1.ply,742407,510496,0.688,1.633,2.598,1.543,3.271
../../dataset/testdata_voxeldnn/ricardo10/frame0082_0.ply,707020,471200,0.666,1.688,2.481,1.548,3.165
../../dataset/testdata_voxeldnn/ricardo10/frame0082_1.ply,707020,476288,0.674,1.625,2.506,1.449,3.302
../../dataset/testdata_voxeldnn/ricardo10/frame0083_0.ply,735479,508816,0.692,1.624,2.523,1.503,3.196
../../dataset/testdata_voxeldnn/ricardo10/frame0083_1.ply,735480,500488,0.68,1.603,2.53,1.49,3.296
../../dataset/testdata_voxeldnn/ricardo10/frame0084_0.ply,719398,488840,0.68,1.584,2.47,1.477,3.312
../../dataset/testdata_voxeldnn/ricardo10/frame0084_1.ply,719398,492392,0.684,1.581,2.5,1.482,3.148
../../dataset/testdata_voxeldnn/ricardo10/frame0085_0.ply,723937,499376,0.69,1.653,2.526,1.487,3.27
../../dataset/testdata_voxeldnn/ricardo10/frame0085_1.ply,723937,491968,0.68,1.681,2.591,1.572,3.377
../../dataset/testdata_voxeldnn/ricardo10/frame0086_0.ply,737435,503904,0.683,1.679,2.6,1.502,3.365
../../dataset/testdata_voxeldnn/ricardo10/frame0086_1.ply,737436,502392,0.681,1.81,2.825,1.679,3.58
../../dataset/testdata_voxeldnn/ricardo10/frame0087_0.ply,724416,473952,0.654,1.594,2.554,1.491,3.208
../../dataset/testdata_voxeldnn/ricardo10/frame0087_1.ply,724416,505248,0.697,1.595,2.536,1.505,3.192
../../dataset/testdata_voxeldnn/ricardo10/frame0088_0.ply,744908,500568,0.672,1.611,2.523,1.524,3.295
../../dataset/testdata_voxeldnn/ricardo10/frame0088_1.ply,744908,519776,0.698,1.622,2.561,1.504,3.257
../../dataset/testdata_voxeldnn/ricardo10/frame0089_0.ply,743982,508248,0.683,1.603,2.449,1.508,3.419
../../dataset/testdata_voxeldnn/ricardo10/frame0089_1.ply,743982,516592,0.694,1.687,2.613,1.584,3.424
../../dataset/testdata_voxeldnn/ricardo10/frame0090_0.ply,745487,502200,0.674,1.719,2.647,1.604,3.398
../../dataset/testdata_voxeldnn/ricardo10/frame0090_1.ply,745488,518392,0.695,1.725,2.76,1.609,3.443
../../dataset/testdata_voxeldnn/ricardo10/frame0091_0.ply,746924,492216,0.659,1.728,2.729,1.608,3.488
../../dataset/testdata_voxeldnn/ricardo10/frame0091_1.ply,746924,529800,0.709,1.733,2.682,1.59,3.354
../../dataset/testdata_voxeldnn/ricardo10/frame0092_0.ply,700488,493984,0.705,1.578,2.449,1.434,3.057
../../dataset/testdata_voxeldnn/ricardo10/frame0092_1.ply,700489,510080,0.728,1.542,2.448,1.439,3.063
../../dataset/testdata_voxeldnn/ricardo10/frame0093_0.ply,667502,466296,0.699,1.513,2.298,1.406,2.993
../../dataset/testdata_voxeldnn/ricardo10/frame0093_1.ply,667502,470696,0.705,1.531,2.316,1.402,3.042
../../dataset/testdata_voxeldnn/ricardo10/frame0094_0.ply,609768,428096,0.702,1.462,2.317,1.337,2.805
../../dataset/testdata_voxeldnn/ricardo10/frame0094_1.ply,609769,420352,0.689,1.439,2.21,1.328,2.896
../../dataset/testdata_voxeldnn/ricardo10/frame0095_0.ply,514948,357128,0.694,1.319,1.93,1.212,2.423
../../dataset/testdata_voxeldnn/ricardo10/frame0095_1.ply,514948,338944,0.658,1.203,1.84,1.119,2.204
../../dataset/testdata_voxeldnn/ricardo10/frame0096_0.ply,471445,311736,0.661,1.254,1.875,1.113,2.254
../../dataset/testdata_voxeldnn/ricardo10/frame0096_1.ply,471445,302224,0.641,1.147,1.694,1.059,2.157
../../dataset/testdata_voxeldnn/ricardo10/frame0097_0.ply,454140,294168,0.648,1.103,1.607,1.037,2.154
../../dataset/testdata_voxeldnn/ricardo10/frame0097_1.ply,454141,293256,0.646,1.101,1.712,1.036,2.082
../../dataset/testdata_voxeldnn/ricardo10/frame0098_0.ply,450006,290184,0.645,1.215,1.766,1.112,2.165
../../dataset/testdata_voxeldnn/ricardo10/frame0098_1.ply,450007,278304,0.618,1.146,1.722,1.055,2.097
../../dataset/testdata_voxeldnn/ricardo10/frame0099_0.ply,457838,295392,0.645,1.124,1.654,1.057,2.149
../../dataset/testdata_voxeldnn/ricardo10/frame0099_1.ply,457838,285472,0.624,1.217,1.8,1.132,2.25
../../dataset/testdata_voxeldnn/ricardo10/frame0100_0.ply,454835,291624,0.641,1.253,1.852,1.108,2.237
../../dataset/testdata_voxeldnn/ricardo10/frame0100_1.ply,454835,284464,0.625,1.197,1.808,1.135,2.163
../../dataset/testdata_voxeldnn/ricardo10/frame0101_0.ply,462109,292528,0.633,1.211,1.845,1.141,2.188
../../dataset/testdata_voxeldnn/ricardo10/frame0101_1.ply,462109,292480,0.633,1.2,1.785,1.136,2.184
../../dataset/testdata_voxeldnn/ricardo10/frame0102_0.ply,455940,287600,0.631,1.124,1.659,1.064,2.107
../../dataset/testdata_voxeldnn/ricardo10/frame0102_1.ply,455940,286392,0.628,1.129,1.722,1.067,2.178
../../dataset/testdata_voxeldnn/ricardo10/frame0103_0.ply,453032,283600,0.626,1.113,1.702,1.025,2.01
../../dataset/testdata_voxeldnn/ricardo10/frame0103_1.ply,453033,283736,0.626,1.139,1.678,1.033,2.097
../../dataset/testdata_voxeldnn/ricardo10/frame0104_0.ply,457512,285096,0.623,1.096,1.63,1.029,2.148
../../dataset/testdata_voxeldnn/ricardo10/frame0104_1.ply,457513,282776,0.618,1.107,1.666,1.038,2.148
../../dataset/testdata_voxeldnn/ricardo10/frame0105_0.ply,464718,290648,0.625,1.161,1.789,1.053,2.113
../../dataset/testdata_voxeldnn/ricardo10/frame0105_1.ply,464718,286600,0.617,1.129,1.7,1.078,2.193
../../dataset/testdata_voxeldnn/ricardo10/frame0106_0.ply,469456,299312,0.638,1.229,1.769,1.14,2.229
../../dataset/testdata_voxeldnn/ricardo10/frame0106_1.ply,469456,293584,0.625,1.146,1.688,1.091,2.168
../../dataset/testdata_voxeldnn/ricardo10/frame0107_0.ply,471077,297360,0.631,1.137,1.751,1.061,2.145
../../dataset/testdata_voxeldnn/ricardo10/frame0107_1.ply,471078,293336,0.623,1.124,1.706,1.053,2.072
../../dataset/testdata_voxeldnn/ricardo10/frame0108_0.ply,486695,322328,0.662,1.143,1.758,1.083,2.201
../../dataset/testdata_voxeldnn/ricardo10/frame0108_1.ply,486695,314088,0.645,1.164,1.738,1.084,2.241
../../dataset/testdata_voxeldnn/ricardo10/frame0109_0.ply,489930,327600,0.669,1.224,1.886,1.112,2.269
../../dataset/testdata_voxeldnn/ricardo10/frame0109_1.ply,489931,310184,0.633,1.194,1.861,1.097,2.212
../../dataset/testdata_voxeldnn/ricardo10/frame0110_0.ply,500246,332280,0.664,1.18,1.865,1.119,2.295
../../dataset/testdata_voxeldnn/ricardo10/frame0110_1.ply,500247,323152,0.646,1.257,1.949,1.103,2.293
../../dataset/testdata_voxeldnn/ricardo10/frame0111_0.ply,500387,335160,0.67,1.182,1.868,1.091,2.242
../../dataset/testdata_voxeldnn/ricardo10/frame0111_1.ply,500387,323720,0.647,1.165,1.741,1.137,2.268
../../dataset/testdata_voxeldnn/ricardo10/frame0112_0.ply,500737,332488,0.664,1.193,1.866,1.111,2.26
../../dataset/testdata_voxeldnn/ricardo10/frame0112_1.ply,500737,325104,0.649,1.175,1.743,1.104,2.245
../../dataset/testdata_voxeldnn/ricardo10/frame0113_0.ply,512201,351456,0.686,1.22,1.871,1.128,2.446
../../dataset/testdata_voxeldnn/ricardo10/frame0113_1.ply,512201,326176,0.637,1.22,1.814,1.124,2.374
../../dataset/testdata_voxeldnn/ricardo10/frame0114_0.ply,507002,332672,0.656,1.227,1.872,1.136,2.722
../../dataset/testdata_voxeldnn/ricardo10/frame0114_1.ply,507002,320432,0.632,1.309,1.973,1.116,2.302
../../dataset/testdata_voxeldnn/ricardo10/frame0115_0.ply,513912,338704,0.659,1.244,1.949,1.125,2.497
../../dataset/testdata_voxeldnn/ricardo10/frame0115_1.ply,513912,320592,0.624,1.217,1.851,1.127,2.277
../../dataset/testdata_voxeldnn/ricardo10/frame0116_0.ply,514480,335352,0.652,1.23,1.883,1.13,2.26
../../dataset/testdata_voxeldnn/ricardo10/frame0116_1.ply,514480,324656,0.631,1.225,1.868,1.121,2.294
../../dataset/testdata_voxeldnn/ricardo10/frame0117_0.ply,509486,329536,0.647,1.263,1.926,1.164,2.34
../../dataset/testdata_voxeldnn/ricardo10/frame0117_1.ply,509486,321152,0.63,1.194,1.806,1.133,2.272
../../dataset/testdata_voxeldnn/ricardo10/frame0118_0.ply,506295,323440,0.639,1.349,1.988,1.184,2.407
../../dataset/testdata_voxeldnn/ricardo10/frame0118_1.ply,506296,316016,0.624,1.213,1.809,1.121,2.268
../../dataset/testdata_voxeldnn/ricardo10/frame0119_0.ply,500635,319568,0.638,1.257,1.984,1.143,2.343
../../dataset/testdata_voxeldnn/ricardo10/frame0119_1.ply,500636,318632,0.636,1.19,1.795,1.105,2.215
../../dataset/testdata_voxeldnn/ricardo10/frame0120_0.ply,505208,326336,0.646,1.258,1.822,1.152,2.325
../../dataset/testdata_voxeldnn/ricardo10/frame0120_1.ply,505208,321832,0.637,1.222,1.79,1.127,2.284
../../dataset/testdata_voxeldnn/ricardo10/frame0121_0.ply,485958,314536,0.647,1.213,1.843,1.099,2.249
../../dataset/testdata_voxeldnn/ricardo10/frame0121_1.ply,485958,303792,0.625,1.199,1.857,1.133,2.237
../../dataset/testdata_voxeldnn/ricardo10/frame0122_0.ply,501744,328448,0.655,1.247,1.89,1.104,2.293
../../dataset/testdata_voxeldnn/ricardo10/frame0122_1.ply,501745,322432,0.643,1.209,1.801,1.112,2.249
../../dataset/testdata_voxeldnn/ricardo10/frame0123_0.ply,490220,318056,0.649,1.2,1.794,1.098,2.244
../../dataset/testdata_voxeldnn/ricardo10/frame0123_1.ply,490220,309680,0.632,1.187,1.822,1.113,2.277
../../dataset/testdata_voxeldnn/ricardo10/frame0124_0.ply,477160,310896,0.652,1.19,1.832,1.079,2.197
../../dataset/testdata_voxeldnn/ricardo10/frame0124_1.ply,477160,302104,0.633,1.149,1.714,1.082,2.143
../../dataset/testdata_voxeldnn/ricardo10/frame0125_0.ply,476002,308088,0.647,1.158,1.698,1.085,2.178
../../dataset/testdata_voxeldnn/ricardo10/frame0125_1.ply,476003,298904,0.628,1.159,1.731,1.089,2.201
../../dataset/testdata_voxeldnn/ricardo10/frame0126_0.ply,482733,317960,0.659,1.178,1.739,1.074,2.226
../../dataset/testdata_voxeldnn/ricardo10/frame0126_1.ply,482733,310072,0.642,1.165,1.801,1.07,2.173
../../dataset/testdata_voxeldnn/ricardo10/frame0127_0.ply,453698,285544,0.629,1.085,1.647,1.025,2.126
../../dataset/testdata_voxeldnn/ricardo10/frame0127_1.ply,453699,283248,0.624,1.099,1.623,1.071,2.123
../../dataset/testdata_voxeldnn/ricardo10/frame0128_0.ply,456426,292568,0.641,1.124,1.685,1.194,2.308
../../dataset/testdata_voxeldnn/ricardo10/frame0128_1.ply,456426,286016,0.627,1.18,1.74,1.046,2.113
../../dataset/testdata_voxeldnn/ricardo10/frame0129_0.ply,464547,310784,0.669,1.183,1.729,1.088,2.216
../../dataset/testdata_voxeldnn/ricardo10/frame0129_1.ply,464548,297184,0.64,1.146,1.642,1.063,2.133
../../dataset/testdata_voxeldnn/ricardo10/frame0130_0.ply,449781,289912,0.645,1.106,1.696,1.025,1.973
../../dataset/testdata_voxeldnn/ricardo10/frame0130_1.ply,449781,285336,0.634,1.108,1.682,1.026,2.097
../../dataset/testdata_voxeldnn/ricardo10/frame0131_0.ply,459735,300520,0.654,1.12,1.686,1.053,2.137
../../dataset/testdata_voxeldnn/ricardo10/frame0131_1.ply,459735,292856,0.637,1.123,1.678,1.05,2.15
../../dataset/testdata_voxeldnn/ricardo10/frame0132_0.ply,431109,274360,0.636,1.148,1.792,1.014,2.057
../../dataset/testdata_voxeldnn/ricardo10/frame0132_1.ply,431110,269168,0.624,1.135,1.65,1.014,2.1
../../dataset/testdata_voxeldnn/ricardo10/frame0133_0.ply,450750,296808,0.658,1.118,1.709,1.059,2.034
../../dataset/testdata_voxeldnn/ricardo10/frame0133_1.ply,450750,282984,0.628,1.136,1.702,1.032,2.151
../../dataset/testdata_voxeldnn/ricardo10/frame0134_0.ply,443354,283640,0.64,1.103,1.651,1.028,2.012
../../dataset/testdata_voxeldnn/ricardo10/frame0134_1.ply,443354,277728,0.626,1.095,1.614,1.025,1.987
../../dataset/testdata_voxeldnn/ricardo10/frame0135_0.ply,447116,289368,0.647,1.103,1.598,1.032,1.981
../../dataset/testdata_voxeldnn/ricardo10/frame0135_1.ply,447116,285752,0.639,1.11,1.641,1.036,2.151
../../dataset/testdata_voxeldnn/ricardo10/frame0136_0.ply,440109,275112,0.625,1.096,1.695,1.018,1.991
../../dataset/testdata_voxeldnn/ricardo10/frame0136_1.ply,440109,276728,0.629,1.066,1.645,1.02,2.056
../../dataset/testdata_voxeldnn/ricardo10/frame0137_0.ply,445740,287456,0.645,1.103,1.699,1.052,2.13
../../dataset/testdata_voxeldnn/ricardo10/frame0137_1.ply,445741,282944,0.635,1.103,1.65,1.033,1.962
../../dataset/testdata_voxeldnn/ricardo10/frame0138_0.ply,443516,283040,0.638,1.09,1.704,1.022,2.127
../../dataset/testdata_voxeldnn/ricardo10/frame0138_1.ply,443517,278144,0.627,1.097,1.676,1.03,2.094
../../dataset/testdata_voxeldnn/ricardo10/frame0139_0.ply,454446,294936,0.649,1.108,1.677,1.038,2.062
../../dataset/testdata_voxeldnn/ricardo10/frame0139_1.ply,454446,288152,0.634,1.111,1.681,1.044,2.068
../../dataset/testdata_voxeldnn/ricardo10/frame0140_0.ply,457346,296616,0.649,1.127,1.684,1.058,2.157
../../dataset/testdata_voxeldnn/ricardo10/frame0140_1.ply,457346,298928,0.654,1.131,1.658,1.062,2.134
../../dataset/testdata_voxeldnn/ricardo10/frame0141_0.ply,459670,297960,0.648,1.197,1.784,1.106,2.227
../../dataset/testdata_voxeldnn/ricardo10/frame0141_1.ply,459671,292872,0.637,1.143,1.727,1.046,2.076
../../dataset/testdata_voxeldnn/ricardo10/frame0142_0.ply,464232,313080,0.674,1.18,1.789,1.109,2.182
../../dataset/testdata_voxeldnn/ricardo10/frame0142_1.ply,464232,298848,0.644,1.155,1.735,1.052,2.192
../../dataset/testdata_voxeldnn/ricardo10/frame0143_0.ply,459026,291704,0.635,1.121,1.665,1.048,2.201
../../dataset/testdata_voxeldnn/ricardo10/frame0143_1.ply,459027,294712,0.642,1.133,1.671,1.058,2.132
../../dataset/testdata_voxeldnn/ricardo10/frame0144_0.ply,472841,311448,0.659,1.174,1.761,1.08,2.249
../../dataset/testdata_voxeldnn/ricardo10/frame0144_1.ply,472842,304976,0.645,1.166,1.703,1.087,2.286
../../dataset/testdata_voxeldnn/ricardo10/frame0145_0.ply,484536,317320,0.655,1.19,1.836,1.113,2.306
../../dataset/testdata_voxeldnn/ricardo10/frame0145_1.ply,484536,316960,0.654,1.287,1.864,1.151,2.325
../../dataset/testdata_voxeldnn/ricardo10/frame0146_0.ply,480308,320816,0.668,1.4,1.964,1.126,2.229
../../dataset/testdata_voxeldnn/ricardo10/frame0146_1.ply,480308,311552,0.649,1.247,1.855,1.146,2.372
../../dataset/testdata_voxeldnn/ricardo10/frame0147_0.ply,469345,298704,0.636,1.261,1.783,1.089,2.155
../../dataset/testdata_voxeldnn/ricardo10/frame0147_1.ply,469345,297128,0.633,1.146,1.678,1.07,2.071
../../dataset/testdata_voxeldnn/ricardo10/frame0148_0.ply,480579,310400,0.646,1.158,1.757,1.097,2.23
../../dataset/testdata_voxeldnn/ricardo10/frame0148_1.ply,480579,302008,0.628,1.168,1.695,1.081,2.276
../../dataset/testdata_voxeldnn/ricardo10/frame0149_0.ply,480978,306760,0.638,1.226,1.872,1.126,2.291
../../dataset/testdata_voxeldnn/ricardo10/frame0149_1.ply,480979,305856,0.636,1.149,1.75,1.075,2.166
../../dataset/testdata_voxeldnn/ricardo10/frame0150_0.ply,480738,306224,0.637,1.206,1.759,1.131,2.303
../../dataset/testdata_voxeldnn/ricardo10/frame0150_1.ply,480738,302064,0.628,1.177,1.837,1.079,2.198
../../dataset/testdata_voxeldnn/ricardo10/frame0151_0.ply,487557,326440,0.67,1.169,1.74,1.097,2.327
../../dataset/testdata_voxeldnn/ricardo10/frame0151_1.ply,487557,314240,0.645,1.213,1.835,1.099,2.23
../../dataset/testdata_voxeldnn/ricardo10/frame0152_0.ply,484384,316488,0.653,1.174,1.798,1.106,2.318
../../dataset/testdata_voxeldnn/ricardo10/frame0152_1.ply,484384,305072,0.63,1.188,1.777,1.082,2.235
../../dataset/testdata_voxeldnn/ricardo10/frame0153_0.ply,485635,322608,0.664,1.185,1.795,1.078,2.226
../../dataset/testdata_voxeldnn/ricardo10/frame0153_1.ply,485636,306760,0.632,1.163,1.773,1.074,2.197
../../dataset/testdata_voxeldnn/ricardo10/frame0154_0.ply,481945,325384,0.675,1.182,1.872,1.082,2.215
../../dataset/testdata_voxeldnn/ricardo10/frame0154_1.ply,481945,304952,0.633,1.288,1.866,1.154,2.312
../../dataset/testdata_voxeldnn/ricardo10/frame0155_0.ply,476087,315352,0.662,1.258,1.793,1.124,2.25
../../dataset/testdata_voxeldnn/ricardo10/frame0155_1.ply,476087,300384,0.631,1.165,1.795,1.082,2.266
../../dataset/testdata_voxeldnn/ricardo10/frame0156_0.ply,473051,306904,0.649,1.283,1.83,1.143,2.301
../../dataset/testdata_voxeldnn/ricardo10/frame0156_1.ply,473052,297304,0.628,1.157,1.796,1.061,2.176
../../dataset/testdata_voxeldnn/ricardo10/frame0157_0.ply,460827,302944,0.657,1.111,1.654,1.048,2.148
../../dataset/testdata_voxeldnn/ricardo10/frame0157_1.ply,460827,287824,0.625,1.121,1.684,1.036,2.149
../../dataset/testdata_voxeldnn/ricardo10/frame0158_0.ply,456910,293072,0.641,1.12,1.691,1.041,2.162
../../dataset/testdata_voxeldnn/ricardo10/frame0158_1.ply,456910,280328,0.614,1.092,1.669,1.031,2.141
../../dataset/testdata_voxeldnn/ricardo10/frame0159_0.ply,464508,304168,0.655,1.306,1.938,1.151,2.162
../../dataset/testdata_voxeldnn/ricardo10/frame0159_1.ply,464509,287992,0.62,1.336,2.216,1.194,2.257
../../dataset/testdata_voxeldnn/ricardo10/frame0160_0.ply,445421,287704,0.646,1.107,1.666,1.021,2.126
../../dataset/testdata_voxeldnn/ricardo10/frame0160_1.ply,445421,275032,0.617,1.096,1.589,1.025,2.084
../../dataset/testdata_voxeldnn/ricardo10/frame0161_0.ply,459601,296352,0.645,1.117,1.701,1.048,2.083
../../dataset/testdata_voxeldnn/ricardo10/frame0161_1.ply,459601,286424,0.623,1.119,1.683,1.036,2.105
../../dataset/testdata_voxeldnn/ricardo10/frame0162_0.ply,443713,284600,0.641,1.071,1.595,1.018,2.048
../../dataset/testdata_voxeldnn/ricardo10/frame0162_1.ply,443713,279128,0.629,1.107,1.742,1.036,2.1
../../dataset/testdata_voxeldnn/ricardo10/frame0163_0.ply,448207,282856,0.631,1.11,1.727,1.038,2.069
../../dataset/testdata_voxeldnn/ricardo10/frame0163_1.ply,448207,278624,0.622,1.127,1.689,1.052,2.147
../../dataset/testdata_voxeldnn/ricardo10/frame0164_0.ply,453903,292392,0.644,1.134,1.729,1.041,2.089
../../dataset/testdata_voxeldnn/ricardo10/frame0164_1.ply,453904,285280,0.629,1.136,1.811,1.036,2.077
../../dataset/testdata_voxeldnn/ricardo10/frame0165_0.ply,436450,274808,0.63,1.089,1.655,1.018,1.987
../../dataset/testdata_voxeldnn/ricardo10/frame0165_1.ply,436450,268712,0.616,1.089,1.604,1.013,2.026
../../dataset/testdata_voxeldnn/ricardo10/frame0166_0.ply,451198,288584,0.64,1.099,1.626,1.049,2.017
../../dataset/testdata_voxeldnn/ricardo10/frame0166_1.ply,451199,280480,0.622,1.099,1.611,1.043,2.096
../../dataset/testdata_voxeldnn/ricardo10/frame0167_0.ply,453180,287672,0.635,1.105,1.648,1.042,2.093
../../dataset/testdata_voxeldnn/ricardo10/frame0167_1.ply,453181,282472,0.623,1.107,1.65,1.05,2.148
../../dataset/testdata_voxeldnn/ricardo10/frame0168_0.ply,450792,289320,0.642,1.083,1.609,1.023,2.108
../../dataset/testdata_voxeldnn/ricardo10/frame0168_1.ply,450792,281624,0.625,1.12,1.764,1.052,2.144
../../dataset/testdata_voxeldnn/ricardo10/frame0169_0.ply,453709,285536,0.629,1.082,1.638,1.026,2.108
../../dataset/testdata_voxeldnn/ricardo10/frame0169_1.ply,453709,282632,0.623,1.098,1.611,1.042,2.124
../../dataset/testdata_voxeldnn/ricardo10/frame0170_0.ply,457081,291840,0.638,1.114,1.651,1.08,2.093
../../dataset/testdata_voxeldnn/ricardo10/frame0170_1.ply,457082,285816,0.625,1.099,1.681,1.048,2.217
../../dataset/testdata_voxeldnn/ricardo10/frame0171_0.ply,455956,288616,0.633,1.134,1.768,1.06,2.09
../../dataset/testdata_voxeldnn/ricardo10/frame0171_1.ply,455957,285408,0.626,1.131,1.686,1.049,2.172
../../dataset/testdata_voxeldnn/ricardo10/frame0172_0.ply,463004,297040,0.642,1.217,1.775,1.137,2.129
../../dataset/testdata_voxeldnn/ricardo10/frame0172_1.ply,463005,293864,0.635,1.117,1.68,1.057,2.044
../../dataset/testdata_voxeldnn/ricardo10/frame0173_0.ply,461882,294744,0.638,1.13,1.672,1.06,2.117
../../dataset/testdata_voxeldnn/ricardo10/frame0173_1.ply,461882,291680,0.632,1.13,1.651,1.05,2.105
../../dataset/testdata_voxeldnn/ricardo10/frame0174_0.ply,474756,304408,0.641,1.146,1.726,1.084,2.174
../../dataset/testdata_voxeldnn/ricardo10/frame0174_1.ply,474757,305632,0.644,1.156,1.67,1.084,2.204
../../dataset/testdata_voxeldnn/ricardo10/frame0175_0.ply,477346,311536,0.653,1.252,1.924,1.083,2.263
../../dataset/testdata_voxeldnn/ricardo10/frame0175_1.ply,477347,304312,0.638,1.167,1.89,1.077,2.231
../../dataset/testdata_voxeldnn/ricardo10/frame0176_0.ply,472199,304520,0.645,1.162,1.813,1.072,2.188
../../dataset/testdata_voxeldnn/ricardo10/frame0176_1.ply,472199,299088,0.633,1.142,1.689,1.087,2.271
../../dataset/testdata_voxeldnn/ricardo10/frame0177_0.ply,480021,315312,0.657,1.258,1.824,1.154,2.353
../../dataset/testdata_voxeldnn/ricardo10/frame0177_1.ply,480022,308240,0.642,1.235,1.783,1.14,2.269
../../dataset/testdata_voxeldnn/ricardo10/frame0178_0.ply,477556,306880,0.643,1.162,1.728,1.082,2.222
../../dataset/testdata_voxeldnn/ricardo10/frame0178_1.ply,477556,305744,0.64,1.179,1.776,1.081,2.177
../../dataset/testdata_voxeldnn/ricardo10/frame0179_0.ply,476341,312232,0.655,1.155,1.762,1.087,2.227
../../dataset/testdata_voxeldnn/ricardo10/frame0179_1.ply,476342,305256,0.641,1.142,1.716,1.058,2.106
../../dataset/testdata_voxeldnn/ricardo10/frame0180_0.ply,477738,308120,0.645,1.132,1.75,1.069,2.167
../../dataset/testdata_voxeldnn/ricardo10/frame0180_1.ply,477739,302072,0.632,1.137,1.672,1.07,2.23
../../dataset/testdata_voxeldnn/ricardo10/frame0181_0.ply,471459,300840,0.638,1.148,1.776,1.058,2.113
../../dataset/testdata_voxeldnn/ricardo10/frame0181_1.ply,471459,296640,0.629,1.129,1.659,1.062,2.118
../../dataset/testdata_voxeldnn/ricardo10/frame0182_0.ply,470799,302664,0.643,1.142,1.686,1.076,2.29
../../dataset/testdata_voxeldnn/ricardo10/frame0182_1.ply,470800,299048,0.635,1.136,1.642,1.07,2.213
../../dataset/testdata_voxeldnn/ricardo10/frame0183_0.ply,474912,303504,0.639,1.164,1.759,1.064,2.187
../../dataset/testdata_voxeldnn/ricardo10/frame0183_1.ply,474913,299792,0.631,1.129,1.687,1.064,2.203
../../dataset/testdata_voxeldnn/ricardo10/frame0184_0.ply,470011,298776,0.636,1.145,1.788,1.086,2.258
../../dataset/testdata_voxeldnn/ricardo10/frame0184_1.ply,470011,292032,0.621,1.233,1.799,1.131,2.317
../../dataset/testdata_voxeldnn/ricardo10/frame0185_0.ply,473341,304016,0.642,1.232,1.846,1.136,2.342
../../dataset/testdata_voxeldnn/ricardo10/frame0185_1.ply,473342,302968,0.64,1.202,1.893,1.06,2.156
../../dataset/testdata_voxeldnn/ricardo10/frame0186_0.ply,472288,302272,0.64,1.128,1.718,1.069,2.228
../../dataset/testdata_voxeldnn/ricardo10/frame0186_1.ply,472289,293712,0.622,1.171,1.758,1.102,2.319
../../dataset/testdata_voxeldnn/ricardo10/frame0187_0.ply,469762,300952,0.641,1.251,1.824,1.142,2.357
../../dataset/testdata_voxeldnn/ricardo10/frame0187_1.ply,469762,293744,0.625,1.222,1.835,1.134,2.302
../../dataset/testdata_voxeldnn/ricardo10/frame0188_0.ply,466981,297768,0.638,1.199,1.755,1.127,2.219
../../dataset/testdata_voxeldnn/ricardo10/frame0188_1.ply,466981,291144,0.623,1.231,1.833,1.122,2.242
../../dataset/testdata_voxeldnn/ricardo10/frame0189_0.ply,465497,296664,0.637,1.193,1.71,1.122,2.259
../../dataset/testdata_voxeldnn/ricardo10/frame0189_1.ply,465498,289008,0.621,1.234,1.835,1.144,2.267
../../dataset/testdata_voxeldnn/ricardo10/frame0190_0.ply,467233,299760,0.642,1.218,1.775,1.15,2.313
../../dataset/testdata_voxeldnn/ricardo10/frame0190_1.ply,467233,294232,0.63,1.248,1.827,1.157,2.218
../../dataset/testdata_voxeldnn/ricardo10/frame0191_0.ply,467544,299544,0.641,1.204,1.756,1.138,2.331
../../dataset/testdata_voxeldnn/ricardo10/frame0191_1.ply,467545,290776,0.622,1.244,1.869,1.134,2.408
../../dataset/testdata_voxeldnn/ricardo10/frame0192_0.ply,464373,293864,0.633,1.24,1.815,1.13,2.228
../../dataset/testdata_voxeldnn/ricardo10/frame0192_1.ply,464373,289312,0.623,1.124,1.699,1.066,2.234
../../dataset/testdata_voxeldnn/ricardo10/frame0193_0.ply,466898,299032,0.64,1.221,1.827,1.134,2.208
../../dataset/testdata_voxeldnn/ricardo10/frame0193_1.ply,466899,291920,0.625,1.196,1.722,1.129,2.225
../../dataset/testdata_voxeldnn/ricardo10/frame0194_0.ply,468093,299480,0.64,1.229,1.866,1.143,2.146
../../dataset/testdata_voxeldnn/ricardo10/frame0194_1.ply,468093,294456,0.629,1.134,1.704,1.068,2.08
../../dataset/testdata_voxeldnn/ricardo10/frame0195_0.ply,468682,300416,0.641,1.136,1.693,1.067,2.19
../../dataset/testdata_voxeldnn/ricardo10/frame0195_1.ply,468683,292648,0.624,1.214,1.77,1.145,2.187
../../dataset/testdata_voxeldnn/ricardo10/frame0196_0.ply,470357,304280,0.647,1.218,1.814,1.146,2.208
../../dataset/testdata_voxeldnn/ricardo10/frame0196_1.ply,470358,291664,0.62,1.215,1.777,1.147,2.15
../../dataset/testdata_voxeldnn/ricardo10/frame0197_0.ply,474170,306168,0.646,1.148,1.734,1.08,2.21
../../dataset/testdata_voxeldnn/ricardo10/frame0197_1.ply,474171,299832,0.632,1.149,1.693,1.075,2.159
../../dataset/testdata_voxeldnn/ricardo10/frame0198_0.ply,472638,305576,0.647,1.148,1.721,1.076,2.168
../../dataset/testdata_voxeldnn/ricardo10/frame0198_1.ply,472638,297864,0.63,1.135,1.7,1.053,2.174
../../dataset/testdata_voxeldnn/ricardo10/frame0199_0.ply,461614,293224,0.635,1.18,1.742,1.119,2.303
../../dataset/testdata_voxeldnn/ricardo10/frame0199_1.ply,461614,289520,0.627,1.188,1.918,1.115,2.215
../../dataset/testdata_voxeldnn/ricardo10/frame0200_0.ply,464549,298392,0.642,1.183,1.767,1.121,2.269
../../dataset/testdata_voxeldnn/ricardo10/frame0200_1.ply,464549,290408,0.625,1.199,1.843,1.125,2.289
../../dataset/testdata_voxeldnn/ricardo10/frame0201_0.ply,459518,292896,0.637,1.202,1.799,1.125,2.345
../../dataset/testdata_voxeldnn/ricardo10/frame0201_1.ply,459519,287864,0.626,1.218,1.816,1.123,2.278
../../dataset/testdata_voxeldnn/ricardo10/frame0202_0.ply,457706,289072,0.632,1.209,1.808,1.062,2.111
../../dataset/testdata_voxeldnn/ricardo10/frame0202_1.ply,457706,284040,0.621,1.126,1.665,1.041,2.075
../../dataset/testdata_voxeldnn/ricardo10/frame0203_0.ply,462628,294800,0.637,1.113,1.681,1.057,2.077
../../dataset/testdata_voxeldnn/ricardo10/frame0203_1.ply,462628,287624,0.622,1.186,1.767,1.123,2.264
../../dataset/testdata_voxeldnn/ricardo10/frame0204_0.ply,456753,292976,0.641,1.177,1.758,1.126,2.231
../../dataset/testdata_voxeldnn/ricardo10/frame0204_1.ply,456754,281008,0.615,1.176,1.817,1.119,2.249
../../dataset/testdata_voxeldnn/ricardo10/frame0205_0.ply,456788,292952,0.641,1.15,1.694,1.037,2.1
../../dataset/testdata_voxeldnn/ricardo10/frame0205_1.ply,456789,282408,0.618,1.128,1.778,1.04,2.122
../../dataset/testdata_voxeldnn/ricardo10/frame0206_0.ply,452061,287360,0.636,1.108,1.691,1.043,2.089
../../dataset/testdata_voxeldnn/ricardo10/frame0206_1.ply,452062,278360,0.616,1.09,1.722,1.027,2.121
../../dataset/testdata_voxeldnn/ricardo10/frame0207_0.ply,456763,292736,0.641,1.11,1.727,1.041,2.188
../../dataset/testdata_voxeldnn/ricardo10/frame0207_1.ply,456763,282776,0.619,1.095,1.623,1.039,2.06
../../dataset/testdata_voxeldnn/ricardo10/frame0208_0.ply,453573,286408,0.631,1.111,1.627,1.043,2.121
../../dataset/testdata_voxeldnn/ricardo10/frame0208_1.ply,453573,279768,0.617,1.107,1.608,1.04,2.083
../../dataset/testdata_voxeldnn/ricardo10/frame0209_0.ply,460159,294432,0.64,1.211,1.815,1.123,2.274
../../dataset/testdata_voxeldnn/ricardo10/frame0209_1.ply,460160,284520,0.618,1.216,1.826,1.127,2.281
../../dataset/testdata_voxeldnn/ricardo10/frame0210_0.ply,459734,294848,0.641,1.218,1.82,1.113,2.254
../../dataset/testdata_voxeldnn/ricardo10/frame0210_1.ply,459734,286192,0.623,1.186,1.754,1.13,2.142
../../dataset/testdata_voxeldnn/ricardo10/frame0211_0.ply,459642,293152,0.638,1.197,1.747,1.125,2.257
../../dataset/testdata_voxeldnn/ricardo10/frame0211_1.ply,459643,284664,0.619,1.226,1.785,1.119,2.202
../../dataset/testdata_voxeldnn/ricardo10/frame0212_0.ply,465404,302864,0.651,1.163,1.702,1.044,2.135
../../dataset/testdata_voxeldnn/ricardo10/frame0212_1.ply,465404,288896,0.621,1.108,1.734,1.047,2.026
../../dataset/testdata_voxeldnn/ricardo10/frame0213_0.ply,465086,298136,0.641,1.105,1.68,1.066,2.244
../../dataset/testdata_voxeldnn/ricardo10/frame0213_1.ply,465087,290528,0.625,1.121,1.717,1.078,2.283
../../dataset/testdata_voxeldnn/ricardo10/frame0214_0.ply,464006,298952,0.644,1.274,1.997,1.131,2.123
../../dataset/testdata_voxeldnn/ricardo10/frame0214_1.ply,464007,286096,0.617,1.228,1.858,1.116,2.274
../../dataset/testdata_voxeldnn/ricardo10/frame0215_0.ply,469150,301640,0.643,1.305,1.866,1.067,2.173
../../dataset/testdata_voxeldnn/ricardo10/frame0215_1.ply,469151,290616,0.619,1.149,1.689,1.069,2.096
